2026-08-09 22:33:12,ID: 253,Current Timer: 7798
2026-08-09 22:33:12,ID: 253,Contact Count: 167
2026-08-09 22:33:12,ID: 253,Voltage: 1808
2026-08-09 22:33:12,ID: 253,ID2: 1, Timer: 5544, RSSI: -53
2026-08-09 22:33:12,ID: 253,ID2: 1, Timer: 5551, RSSI: -56
2026-08-09 22:33:12,ID: 253,ID2: 1, Timer: 5558, RSSI: -70
2026-08-09 22:33:12,ID: 253,ID2: 1, Timer: 5558, RSSI: -70
2026-08-09 22:33:12,ID: 253,ID2: 1, Timer: 5565, RSSI: -39
2026-08-09 22:33:12,ID: 253,ID2: 1, Timer: 5572, RSSI: -44
2026-08-09 22:33:12,ID: 253,ID2: 1, Timer: 5579, RSSI: -42
2026-08-09 22:33:12,ID: 253,ID2: 1, Timer: 5600, RSSI: -42
2026-08-09 22:33:12,ID: 253,ID2: 1, Timer: 5600, RSSI: -42
2026-08-09 22:33:12,ID: 253,ID2: 1, Timer: 5614, RSSI: -44
2026-08-09 22:33:12,ID: 253,ID2: 1, Timer: 5635, RSSI: -44
2026-08-09 22:33:12,ID: 253,ID2: 1, Timer: 5642, RSSI: -42
2026-08-09 22:33:12,ID: 253,ID2: 1, Timer: 5677, RSSI: -44
2026-08-09 22:33:12,ID: 253,ID2: 1, Timer: 5684, RSSI: -42
2026-08-09 22:33:12,ID: 253,ID2: 1, Timer: 5691, RSSI: -39
2026-08-09 22:33:12,ID: 253,ID2: 166, Timer: 5740, RSSI: -52
2026-08-09 22:33:12,ID: 253,ID2: 166, Timer: 5761, RSSI: -54
2026-08-09 22:33:12,ID: 253,ID2: 166, Timer: 5768, RSSI: -52
2026-08-09 22:33:12,ID: 253,ID2: 166, Timer: 5782, RSSI: -54
2026-08-09 22:33:12,ID: 253,ID2: 166, Timer: 5789, RSSI: -55
2026-08-09 22:33:12,ID: 253,ID2: 166, Timer: 5796, RSSI: -53
2026-08-09 22:33:12,ID: 253,ID2: 166, Timer: 5810, RSSI: -56
2026-08-09 22:33:12,ID: 253,ID2: 166, Timer: 5838, RSSI: -53
2026-08-09 22:33:12,ID: 253,ID2: 166, Timer: 5852, RSSI: -53
2026-08-09 22:33:12,ID: 253,ID2: 166, Timer: 5859, RSSI: -54
2026-08-09 22:33:12,ID: 253,ID2: 166, Timer: 5880, RSSI: -54
2026-08-09 22:33:12,ID: 253,ID2: 166, Timer: 5887, RSSI: -57
2026-08-09 22:33:12,ID: 253,ID2: 166, Timer: 5894, RSSI: -53
2026-08-09 22:33:12,ID: 253,ID2: 166, Timer: 5908, RSSI: -57
2026-08-09 22:33:12,ID: 253,ID2: 166, Timer: 5922, RSSI: -54
2026-08-09 22:33:12,ID: 253,ID2: 166, Timer: 5929, RSSI: -57
2026-08-09 22:33:12,ID: 253,ID2: 166, Timer: 5936, RSSI: -53
2026-08-09 22:33:12,ID: 253,ID2: 166, Timer: 5950, RSSI: -57
2026-08-09 22:33:12,ID: 253,ID2: 166, Timer: 5957, RSSI: -53
2026-08-09 22:33:12,ID: 253,ID2: 166, Timer: 5978, RSSI: -53
2026-08-09 22:33:12,ID: 253,ID2: 166, Timer: 6020, RSSI: -53
2026-08-09 22:33:12,ID: 253,ID2: 166, Timer: 6034, RSSI: -57
2026-08-09 22:33:12,ID: 253,ID2: 166, Timer: 6041, RSSI: -53
2026-08-09 22:33:12,ID: 253,ID2: 166, Timer: 6048, RSSI: -54
2026-08-09 22:33:12,ID: 253,ID2: 166, Timer: 6055, RSSI: -57
2026-08-09 22:33:12,ID: 253,ID2: 166, Timer: 6062, RSSI: -53
2026-08-09 22:33:12,ID: 253,ID2: 166, Timer: 6083, RSSI: -53
2026-08-09 22:33:12,ID: 253,ID2: 166, Timer: 6104, RSSI: -53
2026-08-09 22:33:12,ID: 253,ID2: 166, Timer: 6104, RSSI: -53
2026-08-09 22:33:12,ID: 253,ID2: 166, Timer: 6118, RSSI: -57
2026-08-09 22:33:12,ID: 253,ID2: 166, Timer: 6125, RSSI: -53
2026-08-09 22:33:12,ID: 253,ID2: 166, Timer: 6139, RSSI: -57
2026-08-09 22:33:12,ID: 253,ID2: 166, Timer: 6146, RSSI: -53
2026-08-09 22:33:12,ID: 253,ID2: 166, Timer: 6153, RSSI: -54
2026-08-09 22:33:12,ID: 253,ID2: 166, Timer: 6188, RSSI: -53
2026-08-09 22:33:12,ID: 253,ID2: 166, Timer: 6202, RSSI: -57
2026-08-09 22:33:12,ID: 253,ID2: 166, Timer: 6209, RSSI: -53
2026-08-09 22:33:12,ID: 253,ID2: 166, Timer: 6223, RSSI: -57
2026-08-09 22:33:12,ID: 253,ID2: 166, Timer: 6230, RSSI: -53
2026-08-09 22:33:12,ID: 253,ID2: 166, Timer: 6237, RSSI: -54
2026-08-09 22:33:12,ID: 253,ID2: 166, Timer: 6265, RSSI: -57
2026-08-09 22:33:12,ID: 253,ID2: 166, Timer: 6272, RSSI: -53
2026-08-09 22:33:12,ID: 253,ID2: 166, Timer: 6279, RSSI: -53
2026-08-09 22:33:12,ID: 253,ID2: 166, Timer: 6314, RSSI: -53
2026-08-09 22:33:12,ID: 253,ID2: 166, Timer: 6342, RSSI: -54
2026-08-09 22:33:12,ID: 253,ID2: 166, Timer: 6356, RSSI: -53
2026-08-09 22:33:12,ID: 253,ID2: 166, Timer: 6356, RSSI: -53
2026-08-09 22:33:12,ID: 253,ID2: 166, Timer: 6363, RSSI: -53
2026-08-09 22:33:12,ID: 253,ID2: 166, Timer: 6370, RSSI: -57
2026-08-09 22:33:12,ID: 253,ID2: 166, Timer: 6398, RSSI: -53
2026-08-09 22:33:12,ID: 253,ID2: 166, Timer: 6426, RSSI: -54
2026-08-09 22:33:12,ID: 253,ID2: 166, Timer: 6440, RSSI: -53
2026-08-09 22:33:12,ID: 253,ID2: 166, Timer: 6447, RSSI: -53
2026-08-09 22:33:12,ID: 253,ID2: 166, Timer: 6454, RSSI: -57
2026-08-09 22:33:12,ID: 253,ID2: 166, Timer: 6468, RSSI: -54
2026-08-09 22:33:12,ID: 253,ID2: 166, Timer: 6475, RSSI: -56
2026-08-09 22:33:12,ID: 253,ID2: 166, Timer: 6482, RSSI: -53
2026-08-09 22:33:12,ID: 253,ID2: 166, Timer: 6482, RSSI: -53
2026-08-09 22:33:12,ID: 253,ID2: 166, Timer: 6489, RSSI: -53
2026-08-09 22:33:12,ID: 253,ID2: 166, Timer: 6524, RSSI: -53
2026-08-09 22:33:12,ID: 253,ID2: 166, Timer: 6524, RSSI: -53
2026-08-09 22:33:12,ID: 253,ID2: 166, Timer: 6531, RSSI: -54
2026-08-09 22:33:12,ID: 253,ID2: 166, Timer: 6545, RSSI: -53
2026-08-09 22:33:12,ID: 253,ID2: 166, Timer: 6566, RSSI: -53
2026-08-09 22:33:12,ID: 253,ID2: 166, Timer: 6573, RSSI: -54
2026-08-09 22:33:12,ID: 253,ID2: 166, Timer: 6594, RSSI: -54
2026-08-09 22:33:12,ID: 253,ID2: 166, Timer: 6601, RSSI: -57
2026-08-09 22:33:12,ID: 253,ID2: 166, Timer: 6608, RSSI: -53
2026-08-09 22:33:12,ID: 253,ID2: 166, Timer: 6622, RSSI: -57
2026-08-09 22:33:12,ID: 253,ID2: 166, Timer: 6636, RSSI: -54
2026-08-09 22:33:12,ID: 253,ID2: 166, Timer: 6643, RSSI: -57
2026-08-09 22:33:12,ID: 253,ID2: 166, Timer: 6657, RSSI: -54
2026-08-09 22:33:12,ID: 253,ID2: 166, Timer: 6671, RSSI: -53
2026-08-09 22:33:12,ID: 253,ID2: 166, Timer: 6685, RSSI: -57
2026-08-09 22:33:12,ID: 253,ID2: 166, Timer: 6706, RSSI: -57
2026-08-09 22:33:12,ID: 253,ID2: 166, Timer: 6720, RSSI: -54
2026-08-09 22:33:12,ID: 253,ID2: 166, Timer: 6734, RSSI: -53
2026-08-09 22:33:12,ID: 253,ID2: 166, Timer: 6755, RSSI: -53
2026-08-09 22:33:12,ID: 253,ID2: 166, Timer: 6776, RSSI: -53
2026-08-09 22:33:12,ID: 253,ID2: 166, Timer: 6790, RSSI: -57
2026-08-09 22:33:12,ID: 253,ID2: 166, Timer: 6804, RSSI: -53
2026-08-09 22:33:12,ID: 253,ID2: 166, Timer: 6818, RSSI: -53
2026-08-09 22:33:12,ID: 253,ID2: 166, Timer: 6853, RSSI: -57
2026-08-09 22:33:12,ID: 253,ID2: 166, Timer: 6860, RSSI: -53
2026-08-09 22:33:12,ID: 253,ID2: 166, Timer: 6867, RSSI: -54
2026-08-09 22:33:12,ID: 253,ID2: 166, Timer: 6902, RSSI: -53
2026-08-09 22:33:12,ID: 253,ID2: 166, Timer: 6909, RSSI: -54
2026-08-09 22:33:12,ID: 253,ID2: 166, Timer: 6916, RSSI: -56
2026-08-09 22:33:12,ID: 253,ID2: 166, Timer: 6923, RSSI: -53
2026-08-09 22:33:12,ID: 253,ID2: 166, Timer: 6930, RSSI: -54
2026-08-09 22:33:12,ID: 253,ID2: 166, Timer: 6944, RSSI: -53
2026-08-09 22:33:12,ID: 253,ID2: 166, Timer: 6951, RSSI: -54
2026-08-09 22:33:12,ID: 253,ID2: 166, Timer: 6965, RSSI: -53
2026-08-09 22:33:12,ID: 253,ID2: 166, Timer: 6979, RSSI: -57
2026-08-09 22:33:12,ID: 253,ID2: 166, Timer: 6986, RSSI: -53
2026-08-09 22:33:12,ID: 253,ID2: 166, Timer: 7007, RSSI: -53
2026-08-09 22:33:12,ID: 253,ID2: 166, Timer: 7028, RSSI: -53
2026-08-09 22:33:12,ID: 253,ID2: 166, Timer: 7035, RSSI: -53
2026-08-09 22:33:12,ID: 253,ID2: 166, Timer: 7049, RSSI: -53
2026-08-09 22:33:12,ID: 253,ID2: 166, Timer: 7070, RSSI: -53
2026-08-09 22:33:12,ID: 253,ID2: 166, Timer: 7112, RSSI: -53
2026-08-09 22:33:12,ID: 253,ID2: 166, Timer: 7119, RSSI: -54
2026-08-09 22:33:12,ID: 253,ID2: 166, Timer: 7133, RSSI: -53
2026-08-09 22:33:12,ID: 253,ID2: 166, Timer: 7140, RSSI: -54
2026-08-09 22:33:12,ID: 253,ID2: 166, Timer: 7154, RSSI: -53
2026-08-09 22:33:12,ID: 253,ID2: 166, Timer: 7175, RSSI: -53
2026-08-09 22:33:12,ID: 253,ID2: 166, Timer: 7182, RSSI: -54
2026-08-09 22:33:12,ID: 253,ID2: 166, Timer: 7196, RSSI: -53
2026-08-09 22:33:12,ID: 253,ID2: 166, Timer: 7210, RSSI: -57
2026-08-09 22:33:12,ID: 253,ID2: 166, Timer: 7238, RSSI: -53
2026-08-09 22:33:12,ID: 253,ID2: 166, Timer: 7245, RSSI: -53
2026-08-09 22:33:12,ID: 253,ID2: 166, Timer: 7259, RSSI: -53
2026-08-09 22:33:12,ID: 253,ID2: 166, Timer: 7266, RSSI: -54
2026-08-09 22:33:12,ID: 253,ID2: 166, Timer: 7280, RSSI: -53
2026-08-09 22:33:12,ID: 253,ID2: 166, Timer: 7308, RSSI: -54
2026-08-09 22:33:12,ID: 253,ID2: 166, Timer: 7322, RSSI: -53
2026-08-09 22:33:12,ID: 253,ID2: 166, Timer: 7322, RSSI: -53
2026-08-09 22:33:12,ID: 253,ID2: 166, Timer: 7329, RSSI: -54
2026-08-09 22:33:12,ID: 253,ID2: 166, Timer: 7336, RSSI: -57
2026-08-09 22:33:12,ID: 253,ID2: 166, Timer: 7343, RSSI: -53
2026-08-09 22:33:12,ID: 253,ID2: 166, Timer: 7350, RSSI: -54
2026-08-09 22:33:12,ID: 253,ID2: 166, Timer: 7364, RSSI: -53
2026-08-09 22:33:12,ID: 253,ID2: 166, Timer: 7392, RSSI: -54
2026-08-09 22:33:12,ID: 253,ID2: 166, Timer: 7406, RSSI: -53
2026-08-09 22:33:12,ID: 253,ID2: 166, Timer: 7420, RSSI: -57
2026-08-09 22:33:12,ID: 253,ID2: 166, Timer: 7427, RSSI: -53
2026-08-09 22:33:12,ID: 253,ID2: 166, Timer: 7434, RSSI: -53
2026-08-09 22:33:12,ID: 253,ID2: 166, Timer: 7448, RSSI: -53
2026-08-09 22:33:12,ID: 253,ID2: 166, Timer: 7455, RSSI: -54
2026-08-09 22:33:12,ID: 253,ID2: 166, Timer: 7462, RSSI: -57
2026-08-09 22:33:12,ID: 253,ID2: 166, Timer: 7483, RSSI: -57
2026-08-09 22:33:12,ID: 253,ID2: 166, Timer: 7504, RSSI: -57
2026-08-09 22:33:12,ID: 253,ID2: 166, Timer: 7525, RSSI: -57
2026-08-09 22:33:12,ID: 253,ID2: 166, Timer: 7532, RSSI: -53
2026-08-09 22:33:12,ID: 253,ID2: 166, Timer: 7553, RSSI: -53
2026-08-09 22:33:12,ID: 253,ID2: 166, Timer: 7560, RSSI: -54
2026-08-09 22:33:12,ID: 253,ID2: 166, Timer: 7567, RSSI: -57
2026-08-09 22:33:12,ID: 253,ID2: 166, Timer: 7574, RSSI: -53
2026-08-09 22:33:12,ID: 253,ID2: 166, Timer: 7616, RSSI: -53
2026-08-09 22:33:12,ID: 253,ID2: 166, Timer: 7630, RSSI: -57
2026-08-09 22:33:12,ID: 253,ID2: 166, Timer: 7637, RSSI: -53
2026-08-09 22:33:12,ID: 253,ID2: 166, Timer: 7644, RSSI: -54
2026-08-09 22:33:12,ID: 253,ID2: 166, Timer: 7658, RSSI: -53
2026-08-09 22:33:12,ID: 253,ID2: 166, Timer: 7679, RSSI: -53
2026-08-09 22:33:12,ID: 253,ID2: 166, Timer: 7686, RSSI: -54
2026-08-09 22:33:12,ID: 253,ID2: 166, Timer: 7700, RSSI: -53
2026-08-09 22:33:12,ID: 253,ID2: 166, Timer: 7742, RSSI: -53
2026-08-09 22:33:12,ID: 253,ID2: 166, Timer: 7749, RSSI: -56
2026-08-09 22:33:12,ID: 253,ID2: 166, Timer: 7756, RSSI: -56
2026-08-09 22:33:12,ID: 253,ID2: 166, Timer: 7763, RSSI: -53
2026-08-09 22:33:12,ID: 253,ID2: 166, Timer: 7784, RSSI: -55
2026-08-09 22:33:12,ID: 253,ID2: 166, Timer: 7798, RSSI: -57
2026-08-09 22:33:13,ID: 253,Current Timer: 7799
2026-08-09 22:33:13,ID: 253,Contact Count: 0
2026-08-09 22:33:13,ID: 253,Voltage: 1808
2026-08-09 22:33:13,ID: 253,Current Timer: 7799
2026-08-09 22:33:13,ID: 253,Contact Count: 0
2026-08-09 22:33:13,ID: 253,Voltage: 1808
2026-08-09 22:33:13,ID: 253,Current Timer: 7800
2026-08-09 22:33:13,ID: 253,Contact Count: 0
2026-08-09 22:33:13,ID: 253,Voltage: 1808
2026-08-09 22:33:14,ID: 166,Current Timer: 2070
2026-08-09 22:33:14,ID: 166,Contact Count: 166
2026-08-09 22:33:14,ID: 166,Voltage: 2700
2026-08-09 22:33:14,ID: 166,ID2: 253, Timer: 14, RSSI: -47
2026-08-09 22:33:14,ID: 166,ID2: 253, Timer: 42, RSSI: -46
2026-08-09 22:33:14,ID: 166,ID2: 253, Timer: 49, RSSI: -50
2026-08-09 22:33:14,ID: 166,ID2: 253, Timer: 70, RSSI: -46
2026-08-09 22:33:14,ID: 166,ID2: 253, Timer: 77, RSSI: -52
2026-08-09 22:33:14,ID: 166,ID2: 253, Timer: 84, RSSI: -49
2026-08-09 22:33:14,ID: 166,ID2: 253, Timer: 91, RSSI: -49
2026-08-09 22:33:14,ID: 166,ID2: 253, Timer: 98, RSSI: -51
2026-08-09 22:33:14,ID: 166,ID2: 253, Timer: 126, RSSI: -47
2026-08-09 22:33:14,ID: 166,ID2: 253, Timer: 140, RSSI: -50
2026-08-09 22:33:14,ID: 166,ID2: 253, Timer: 154, RSSI: -48
2026-08-09 22:33:14,ID: 166,ID2: 253, Timer: 168, RSSI: -47
2026-08-09 22:33:14,ID: 166,ID2: 253, Timer: 196, RSSI: -49
2026-08-09 22:33:14,ID: 166,ID2: 253, Timer: 210, RSSI: -47
2026-08-09 22:33:14,ID: 166,ID2: 253, Timer: 210, RSSI: -47
2026-08-09 22:33:14,ID: 166,ID2: 253, Timer: 231, RSSI: -47
2026-08-09 22:33:14,ID: 166,ID2: 253, Timer: 238, RSSI: -49
2026-08-09 22:33:14,ID: 166,ID2: 253, Timer: 245, RSSI: -50
2026-08-09 22:33:14,ID: 166,ID2: 253, Timer: 252, RSSI: -47
2026-08-09 22:33:14,ID: 166,ID2: 253, Timer: 252, RSSI: -47
2026-08-09 22:33:14,ID: 166,ID2: 253, Timer: 259, RSSI: -49
2026-08-09 22:33:14,ID: 166,ID2: 253, Timer: 273, RSSI: -47
2026-08-09 22:33:14,ID: 166,ID2: 253, Timer: 287, RSSI: -50
2026-08-09 22:33:14,ID: 166,ID2: 253, Timer: 294, RSSI: -47
2026-08-09 22:33:14,ID: 166,ID2: 253, Timer: 294, RSSI: -47
2026-08-09 22:33:14,ID: 166,ID2: 253, Timer: 315, RSSI: -47
2026-08-09 22:33:14,ID: 166,ID2: 253, Timer: 329, RSSI: -50
2026-08-09 22:33:14,ID: 166,ID2: 253, Timer: 336, RSSI: -47
2026-08-09 22:33:14,ID: 166,ID2: 253, Timer: 364, RSSI: -49
2026-08-09 22:33:14,ID: 166,ID2: 253, Timer: 371, RSSI: -50
2026-08-09 22:33:14,ID: 166,ID2: 253, Timer: 378, RSSI: -47
2026-08-09 22:33:14,ID: 166,ID2: 253, Timer: 392, RSSI: -50
2026-08-09 22:33:14,ID: 166,ID2: 253, Timer: 420, RSSI: -47
2026-08-09 22:33:14,ID: 166,ID2: 253, Timer: 420, RSSI: -47
2026-08-09 22:33:14,ID: 166,ID2: 253, Timer: 427, RSSI: -49
2026-08-09 22:33:14,ID: 166,ID2: 253, Timer: 434, RSSI: -50
2026-08-09 22:33:14,ID: 166,ID2: 253, Timer: 441, RSSI: -47
2026-08-09 22:33:14,ID: 166,ID2: 253, Timer: 448, RSSI: -49
2026-08-09 22:33:14,ID: 166,ID2: 253, Timer: 455, RSSI: -50
2026-08-09 22:33:14,ID: 166,ID2: 253, Timer: 462, RSSI: -47
2026-08-09 22:33:14,ID: 166,ID2: 253, Timer: 469, RSSI: -49
2026-08-09 22:33:14,ID: 166,ID2: 253, Timer: 490, RSSI: -49
2026-08-09 22:33:14,ID: 166,ID2: 253, Timer: 504, RSSI: -47
2026-08-09 22:33:14,ID: 166,ID2: 253, Timer: 511, RSSI: -49
2026-08-09 22:33:14,ID: 166,ID2: 253, Timer: 518, RSSI: -50
2026-08-09 22:33:14,ID: 166,ID2: 253, Timer: 525, RSSI: -47
2026-08-09 22:33:14,ID: 166,ID2: 253, Timer: 532, RSSI: -49
2026-08-09 22:33:14,ID: 166,ID2: 253, Timer: 546, RSSI: -47
2026-08-09 22:33:14,ID: 166,ID2: 253, Timer: 560, RSSI: -50
2026-08-09 22:33:14,ID: 166,ID2: 253, Timer: 567, RSSI: -47
2026-08-09 22:33:14,ID: 166,ID2: 253, Timer: 574, RSSI: -48
2026-08-09 22:33:14,ID: 166,ID2: 253, Timer: 588, RSSI: -47
2026-08-09 22:33:14,ID: 166,ID2: 253, Timer: 588, RSSI: -47
2026-08-09 22:33:14,ID: 166,ID2: 253, Timer: 602, RSSI: -50
2026-08-09 22:33:14,ID: 166,ID2: 253, Timer: 616, RSSI: -49
2026-08-09 22:33:14,ID: 166,ID2: 253, Timer: 630, RSSI: -47
2026-08-09 22:33:14,ID: 166,ID2: 253, Timer: 630, RSSI: -47
2026-08-09 22:33:14,ID: 166,ID2: 253, Timer: 637, RSSI: -48
2026-08-09 22:33:14,ID: 166,ID2: 253, Timer: 658, RSSI: -48
2026-08-09 22:33:14,ID: 166,ID2: 253, Timer: 665, RSSI: -50
2026-08-09 22:33:14,ID: 166,ID2: 253, Timer: 672, RSSI: -47
2026-08-09 22:33:14,ID: 166,ID2: 253, Timer: 686, RSSI: -50
2026-08-09 22:33:14,ID: 166,ID2: 253, Timer: 693, RSSI: -47
2026-08-09 22:33:14,ID: 166,ID2: 253, Timer: 707, RSSI: -50
2026-08-09 22:33:14,ID: 166,ID2: 253, Timer: 714, RSSI: -47
2026-08-09 22:33:14,ID: 166,ID2: 253, Timer: 742, RSSI: -49
2026-08-09 22:33:14,ID: 166,ID2: 253, Timer: 756, RSSI: -47
2026-08-09 22:33:14,ID: 166,ID2: 253, Timer: 798, RSSI: -47
2026-08-09 22:33:14,ID: 166,ID2: 253, Timer: 812, RSSI: -50
2026-08-09 22:33:14,ID: 166,ID2: 253, Timer: 819, RSSI: -47
2026-08-09 22:33:14,ID: 166,ID2: 253, Timer: 826, RSSI: -49
2026-08-09 22:33:14,ID: 166,ID2: 253, Timer: 840, RSSI: -47
2026-08-09 22:33:14,ID: 166,ID2: 253, Timer: 847, RSSI: -49
2026-08-09 22:33:14,ID: 166,ID2: 253, Timer: 854, RSSI: -50
2026-08-09 22:33:14,ID: 166,ID2: 253, Timer: 861, RSSI: -47
2026-08-09 22:33:14,ID: 166,ID2: 253, Timer: 868, RSSI: -48
2026-08-09 22:33:14,ID: 166,ID2: 253, Timer: 896, RSSI: -50
2026-08-09 22:33:14,ID: 166,ID2: 253, Timer: 924, RSSI: -47
2026-08-09 22:33:14,ID: 166,ID2: 253, Timer: 931, RSSI: -49
2026-08-09 22:33:14,ID: 166,ID2: 253, Timer: 938, RSSI: -50
2026-08-09 22:33:14,ID: 166,ID2: 253, Timer: 945, RSSI: -47
2026-08-09 22:33:14,ID: 166,ID2: 253, Timer: 966, RSSI: -47
2026-08-09 22:33:14,ID: 166,ID2: 253, Timer: 966, RSSI: -47
2026-08-09 22:33:14,ID: 166,ID2: 253, Timer: 980, RSSI: -50
2026-08-09 22:33:14,ID: 166,ID2: 253, Timer: 987, RSSI: -47
2026-08-09 22:33:14,ID: 166,ID2: 253, Timer: 1001, RSSI: -50
2026-08-09 22:33:14,ID: 166,ID2: 253, Timer: 1008, RSSI: -47
2026-08-09 22:33:14,ID: 166,ID2: 253, Timer: 1029, RSSI: -47
2026-08-09 22:33:14,ID: 166,ID2: 253, Timer: 1036, RSSI: -48
2026-08-09 22:33:14,ID: 166,ID2: 253, Timer: 1050, RSSI: -47
2026-08-09 22:33:14,ID: 166,ID2: 253, Timer: 1078, RSSI: -48
2026-08-09 22:33:14,ID: 166,ID2: 253, Timer: 1085, RSSI: -50
2026-08-09 22:33:14,ID: 166,ID2: 253, Timer: 1092, RSSI: -47
2026-08-09 22:33:14,ID: 166,ID2: 253, Timer: 1120, RSSI: -49
2026-08-09 22:33:14,ID: 166,ID2: 253, Timer: 1134, RSSI: -47
2026-08-09 22:33:14,ID: 166,ID2: 253, Timer: 1134, RSSI: -47
2026-08-09 22:33:14,ID: 166,ID2: 253, Timer: 1176, RSSI: -47
2026-08-09 22:33:14,ID: 166,ID2: 253, Timer: 1190, RSSI: -50
2026-08-09 22:33:14,ID: 166,ID2: 253, Timer: 1197, RSSI: -47
2026-08-09 22:33:14,ID: 166,ID2: 253, Timer: 1211, RSSI: -50
2026-08-09 22:33:14,ID: 166,ID2: 253, Timer: 1218, RSSI: -47
2026-08-09 22:33:14,ID: 166,ID2: 253, Timer: 1232, RSSI: -50
2026-08-09 22:33:14,ID: 166,ID2: 253, Timer: 1239, RSSI: -47
2026-08-09 22:33:14,ID: 166,ID2: 253, Timer: 1246, RSSI: -49
2026-08-09 22:33:14,ID: 166,ID2: 253, Timer: 1253, RSSI: -50
2026-08-09 22:33:14,ID: 166,ID2: 253, Timer: 1260, RSSI: -47
2026-08-09 22:33:14,ID: 166,ID2: 253, Timer: 1267, RSSI: -49
2026-08-09 22:33:14,ID: 166,ID2: 253, Timer: 1281, RSSI: -47
2026-08-09 22:33:14,ID: 166,ID2: 253, Timer: 1288, RSSI: -49
2026-08-09 22:33:14,ID: 166,ID2: 253, Timer: 1295, RSSI: -50
2026-08-09 22:33:14,ID: 166,ID2: 253, Timer: 1302, RSSI: -47
2026-08-09 22:33:14,ID: 166,ID2: 253, Timer: 1302, RSSI: -47
2026-08-09 22:33:14,ID: 166,ID2: 253, Timer: 1323, RSSI: -47
2026-08-09 22:33:14,ID: 166,ID2: 253, Timer: 1330, RSSI: -48
2026-08-09 22:33:14,ID: 166,ID2: 253, Timer: 1337, RSSI: -50
2026-08-09 22:33:14,ID: 166,ID2: 253, Timer: 1344, RSSI: -47
2026-08-09 22:33:14,ID: 166,ID2: 253, Timer: 1351, RSSI: -48
2026-08-09 22:33:14,ID: 166,ID2: 253, Timer: 1365, RSSI: -47
2026-08-09 22:33:14,ID: 166,ID2: 253, Timer: 1372, RSSI: -49
2026-08-09 22:33:14,ID: 166,ID2: 253, Timer: 1386, RSSI: -47
2026-08-09 22:33:14,ID: 166,ID2: 253, Timer: 1393, RSSI: -48
2026-08-09 22:33:14,ID: 166,ID2: 253, Timer: 1407, RSSI: -47
2026-08-09 22:33:14,ID: 166,ID2: 253, Timer: 1428, RSSI: -47
2026-08-09 22:33:14,ID: 166,ID2: 253, Timer: 1449, RSSI: -47
2026-08-09 22:33:14,ID: 166,ID2: 253, Timer: 1470, RSSI: -47
2026-08-09 22:33:14,ID: 166,ID2: 253, Timer: 1491, RSSI: -47
2026-08-09 22:33:14,ID: 166,ID2: 253, Timer: 1512, RSSI: -47
2026-08-09 22:33:14,ID: 166,ID2: 253, Timer: 1512, RSSI: -47
2026-08-09 22:33:14,ID: 166,ID2: 253, Timer: 1526, RSSI: -50
2026-08-09 22:33:14,ID: 166,ID2: 253, Timer: 1554, RSSI: -47
2026-08-09 22:33:14,ID: 166,ID2: 253, Timer: 1561, RSSI: -49
2026-08-09 22:33:14,ID: 166,ID2: 253, Timer: 1589, RSSI: -50
2026-08-09 22:33:14,ID: 166,ID2: 253, Timer: 1596, RSSI: -47
2026-08-09 22:33:14,ID: 166,ID2: 253, Timer: 1603, RSSI: -49
2026-08-09 22:33:14,ID: 166,ID2: 253, Timer: 1617, RSSI: -47
2026-08-09 22:33:14,ID: 166,ID2: 253, Timer: 1624, RSSI: -49
2026-08-09 22:33:14,ID: 166,ID2: 253, Timer: 1631, RSSI: -50
2026-08-09 22:33:14,ID: 166,ID2: 253, Timer: 1638, RSSI: -47
2026-08-09 22:33:14,ID: 166,ID2: 253, Timer: 1645, RSSI: -49
2026-08-09 22:33:14,ID: 166,ID2: 253, Timer: 1652, RSSI: -50
2026-08-09 22:33:14,ID: 166,ID2: 253, Timer: 1666, RSSI: -49
2026-08-09 22:33:14,ID: 166,ID2: 253, Timer: 1680, RSSI: -47
2026-08-09 22:33:14,ID: 166,ID2: 253, Timer: 1708, RSSI: -48
2026-08-09 22:33:14,ID: 166,ID2: 253, Timer: 1722, RSSI: -47
2026-08-09 22:33:14,ID: 166,ID2: 253, Timer: 1722, RSSI: -47
2026-08-09 22:33:14,ID: 166,ID2: 253, Timer: 1729, RSSI: -49
2026-08-09 22:33:14,ID: 166,ID2: 253, Timer: 1736, RSSI: -50
2026-08-09 22:33:14,ID: 166,ID2: 253, Timer: 1757, RSSI: -50
2026-08-09 22:33:14,ID: 166,ID2: 253, Timer: 1764, RSSI: -47
2026-08-09 22:33:14,ID: 166,ID2: 253, Timer: 1771, RSSI: -49
2026-08-09 22:33:14,ID: 166,ID2: 253, Timer: 1778, RSSI: -50
2026-08-09 22:33:14,ID: 166,ID2: 253, Timer: 1806, RSSI: -47
2026-08-09 22:33:14,ID: 166,ID2: 253, Timer: 1848, RSSI: -47
2026-08-09 22:33:14,ID: 166,ID2: 253, Timer: 1855, RSSI: -49
2026-08-09 22:33:14,ID: 166,ID2: 253, Timer: 1869, RSSI: -47
2026-08-09 22:33:14,ID: 166,ID2: 253, Timer: 1883, RSSI: -50
2026-08-09 22:33:14,ID: 166,ID2: 253, Timer: 1890, RSSI: -47
2026-08-09 22:33:14,ID: 166,ID2: 253, Timer: 1932, RSSI: -47
2026-08-09 22:33:14,ID: 166,ID2: 253, Timer: 1953, RSSI: -47
2026-08-09 22:33:14,ID: 166,ID2: 253, Timer: 1960, RSSI: -48
2026-08-09 22:33:14,ID: 166,ID2: 253, Timer: 1967, RSSI: -50
2026-08-09 22:33:14,ID: 166,ID2: 253, Timer: 1974, RSSI: -47
2026-08-09 22:33:14,ID: 166,ID2: 253, Timer: 2016, RSSI: -48
2026-08-09 22:33:14,ID: 166,ID2: 253, Timer: 2023, RSSI: -52
2026-08-09 22:33:14,ID: 166,ID2: 253, Timer: 2037, RSSI: -46
2026-08-09 22:33:14,ID: 166,ID2: 253, Timer: 2058, RSSI: -49
2026-08-09 22:33:14,ID: 166,Current Timer: 2070
2026-08-09 22:33:14,ID: 166,Contact Count: 0
2026-08-09 22:33:14,ID: 166,Voltage: 2700
2026-08-10 21:36:55,ID: 253,Current Timer: 90820
2026-08-10 21:36:55,ID: 253,Contact Count: 6564
2026-08-10 21:36:55,ID: 253,Voltage: 1809
2026-08-10 21:36:55,ID: 253,ID2: 166, Timer: 7819, RSSI: -55
2026-08-10 21:36:55,ID: 253,ID2: 166, Timer: 7826, RSSI: -53
2026-08-10 21:36:55,ID: 253,ID2: 166, Timer: 7840, RSSI: -55
2026-08-10 21:36:55,ID: 253,ID2: 166, Timer: 7861, RSSI: -58
2026-08-10 21:36:55,ID: 253,ID2: 166, Timer: 7868, RSSI: -55
2026-08-10 21:36:55,ID: 253,ID2: 166, Timer: 7882, RSSI: -56
2026-08-10 21:36:55,ID: 253,ID2: 166, Timer: 7889, RSSI: -54
2026-08-10 21:36:55,ID: 253,ID2: 166, Timer: 7903, RSSI: -56
2026-08-10 21:36:55,ID: 253,ID2: 166, Timer: 7910, RSSI: -54
2026-08-10 21:36:55,ID: 253,ID2: 166, Timer: 7910, RSSI: -54
2026-08-10 21:36:55,ID: 253,ID2: 166, Timer: 7945, RSSI: -56
2026-08-10 21:36:55,ID: 253,ID2: 166, Timer: 7959, RSSI: -55
2026-08-10 21:36:55,ID: 253,ID2: 166, Timer: 7966, RSSI: -56
2026-08-10 21:36:55,ID: 253,ID2: 166, Timer: 7973, RSSI: -54
2026-08-10 21:36:55,ID: 253,ID2: 166, Timer: 7994, RSSI: -54
2026-08-10 21:36:55,ID: 253,ID2: 166, Timer: 8001, RSSI: -55
2026-08-10 21:36:55,ID: 253,ID2: 166, Timer: 8008, RSSI: -56
2026-08-10 21:36:55,ID: 253,ID2: 166, Timer: 8029, RSSI: -57
2026-08-10 21:36:55,ID: 253,ID2: 166, Timer: 8036, RSSI: -54
2026-08-10 21:36:55,ID: 253,ID2: 166, Timer: 8064, RSSI: -55
2026-08-10 21:36:55,ID: 253,ID2: 166, Timer: 8078, RSSI: -53
2026-08-10 21:36:55,ID: 253,ID2: 166, Timer: 8092, RSSI: -57
2026-08-10 21:36:55,ID: 253,ID2: 166, Timer: 8120, RSSI: -54
2026-08-10 21:36:55,ID: 253,ID2: 166, Timer: 8134, RSSI: -56
2026-08-10 21:36:55,ID: 253,ID2: 166, Timer: 8141, RSSI: -54
2026-08-10 21:36:55,ID: 253,ID2: 166, Timer: 8162, RSSI: -55
2026-08-10 21:36:55,ID: 253,ID2: 166, Timer: 8183, RSSI: -54
2026-08-10 21:36:55,ID: 253,ID2: 166, Timer: 8197, RSSI: -56
2026-08-10 21:36:55,ID: 253,ID2: 166, Timer: 8204, RSSI: -55
2026-08-10 21:36:55,ID: 253,ID2: 166, Timer: 8246, RSSI: -54
2026-08-10 21:36:55,ID: 253,ID2: 166, Timer: 8267, RSSI: -55
2026-08-10 21:36:55,ID: 253,ID2: 166, Timer: 8288, RSSI: -54
2026-08-10 21:36:55,ID: 253,ID2: 166, Timer: 8295, RSSI: -55
2026-08-10 21:36:55,ID: 253,ID2: 166, Timer: 8316, RSSI: -55
2026-08-10 21:36:55,ID: 253,ID2: 166, Timer: 8323, RSSI: -56
2026-08-10 21:36:55,ID: 253,ID2: 166, Timer: 8330, RSSI: -54
2026-08-10 21:36:55,ID: 253,ID2: 166, Timer: 8351, RSSI: -54
2026-08-10 21:36:55,ID: 253,ID2: 166, Timer: 8372, RSSI: -54
2026-08-10 21:36:55,ID: 253,ID2: 166, Timer: 8386, RSSI: -57
2026-08-10 21:36:55,ID: 253,ID2: 166, Timer: 8407, RSSI: -57
2026-08-10 21:36:55,ID: 253,ID2: 166, Timer: 8414, RSSI: -54
2026-08-10 21:36:55,ID: 253,ID2: 166, Timer: 8435, RSSI: -55
2026-08-10 21:36:55,ID: 253,ID2: 166, Timer: 8456, RSSI: -55
2026-08-10 21:36:55,ID: 253,ID2: 166, Timer: 8463, RSSI: -55
2026-08-10 21:36:55,ID: 253,ID2: 166, Timer: 8470, RSSI: -56
2026-08-10 21:36:55,ID: 253,ID2: 166, Timer: 8477, RSSI: -54
2026-08-10 21:36:55,ID: 253,ID2: 166, Timer: 8491, RSSI: -56
2026-08-10 21:36:55,ID: 253,ID2: 166, Timer: 8498, RSSI: -55
2026-08-10 21:36:55,ID: 253,ID2: 166, Timer: 8498, RSSI: -54
2026-08-10 21:36:55,ID: 253,ID2: 166, Timer: 8505, RSSI: -55
2026-08-10 21:36:55,ID: 253,ID2: 166, Timer: 8512, RSSI: -56
2026-08-10 21:36:55,ID: 253,ID2: 166, Timer: 8519, RSSI: -54
2026-08-10 21:36:55,ID: 253,ID2: 166, Timer: 8540, RSSI: -54
2026-08-10 21:36:55,ID: 253,ID2: 166, Timer: 8554, RSSI: -57
2026-08-10 21:36:55,ID: 253,ID2: 166, Timer: 8568, RSSI: -55
2026-08-10 21:36:55,ID: 253,ID2: 166, Timer: 8582, RSSI: -55
2026-08-10 21:36:55,ID: 253,ID2: 166, Timer: 8603, RSSI: -54
2026-08-10 21:36:55,ID: 253,ID2: 166, Timer: 8617, RSSI: -56
2026-08-10 21:36:55,ID: 253,ID2: 166, Timer: 8645, RSSI: -54
2026-08-10 21:36:55,ID: 253,ID2: 166, Timer: 8659, RSSI: -56
2026-08-10 21:36:55,ID: 253,ID2: 166, Timer: 8666, RSSI: -54
2026-08-10 21:36:55,ID: 253,ID2: 166, Timer: 8687, RSSI: -54
2026-08-10 21:36:55,ID: 253,ID2: 166, Timer: 8701, RSSI: -56
2026-08-10 21:36:55,ID: 253,ID2: 166, Timer: 8708, RSSI: -54
2026-08-10 21:36:55,ID: 253,ID2: 166, Timer: 8715, RSSI: -55
2026-08-10 21:36:55,ID: 253,ID2: 166, Timer: 8729, RSSI: -54
2026-08-10 21:36:55,ID: 253,ID2: 166, Timer: 8743, RSSI: -56
2026-08-10 21:36:55,ID: 253,ID2: 166, Timer: 8750, RSSI: -54
2026-08-10 21:36:55,ID: 253,ID2: 166, Timer: 8757, RSSI: -55
2026-08-10 21:36:55,ID: 253,ID2: 166, Timer: 8771, RSSI: -55
2026-08-10 21:36:55,ID: 253,ID2: 166, Timer: 8792, RSSI: -55
2026-08-10 21:36:55,ID: 253,ID2: 166, Timer: 8820, RSSI: -55
2026-08-10 21:36:55,ID: 253,ID2: 166, Timer: 8841, RSSI: -55
2026-08-10 21:36:55,ID: 253,ID2: 166, Timer: 8862, RSSI: -55
2026-08-10 21:36:55,ID: 253,ID2: 166, Timer: 8869, RSSI: -56
2026-08-10 21:36:55,ID: 253,ID2: 166, Timer: 8876, RSSI: -54
2026-08-10 21:36:55,ID: 253,ID2: 166, Timer: 8883, RSSI: -55
2026-08-10 21:36:55,ID: 253,ID2: 166, Timer: 8918, RSSI: -55
2026-08-10 21:36:55,ID: 253,ID2: 166, Timer: 8932, RSSI: -56
2026-08-10 21:36:55,ID: 253,ID2: 166, Timer: 8939, RSSI: -54
2026-08-10 21:36:55,ID: 253,ID2: 166, Timer: 8946, RSSI: -55
2026-08-10 21:36:55,ID: 253,ID2: 166, Timer: 8960, RSSI: -54
2026-08-10 21:36:55,ID: 253,ID2: 166, Timer: 8988, RSSI: -55
2026-08-10 21:36:55,ID: 253,ID2: 166, Timer: 8995, RSSI: -56
2026-08-10 21:36:55,ID: 253,ID2: 166, Timer: 9002, RSSI: -55
2026-08-10 21:36:55,ID: 253,ID2: 166, Timer: 9009, RSSI: -55
2026-08-10 21:36:55,ID: 253,ID2: 166, Timer: 9030, RSSI: -55
2026-08-10 21:36:55,ID: 253,ID2: 166, Timer: 9037, RSSI: -56
2026-08-10 21:36:55,ID: 253,ID2: 166, Timer: 9044, RSSI: -55
2026-08-10 21:36:55,ID: 253,ID2: 166, Timer: 9051, RSSI: -55
2026-08-10 21:36:55,ID: 253,ID2: 166, Timer: 9058, RSSI: -56
2026-08-10 21:36:55,ID: 253,ID2: 166, Timer: 9079, RSSI: -56
2026-08-10 21:36:55,ID: 253,ID2: 166, Timer: 9086, RSSI: -55
2026-08-10 21:36:55,ID: 253,ID2: 166, Timer: 9107, RSSI: -54
2026-08-10 21:36:55,ID: 253,ID2: 166, Timer: 9114, RSSI: -55
2026-08-10 21:36:55,ID: 253,ID2: 166, Timer: 9121, RSSI: -56
2026-08-10 21:36:55,ID: 253,ID2: 166, Timer: 9128, RSSI: -54
2026-08-10 21:36:55,ID: 253,ID2: 166, Timer: 9135, RSSI: -55
2026-08-10 21:36:55,ID: 253,ID2: 166, Timer: 9142, RSSI: -57
2026-08-10 21:36:55,ID: 253,ID2: 166, Timer: 9149, RSSI: -54
2026-08-10 21:36:55,ID: 253,ID2: 166, Timer: 9170, RSSI: -55
2026-08-10 21:36:55,ID: 253,ID2: 166, Timer: 9177, RSSI: -55
2026-08-10 21:36:55,ID: 253,ID2: 166, Timer: 9184, RSSI: -57
2026-08-10 21:36:55,ID: 253,ID2: 166, Timer: 9212, RSSI: -55
2026-08-10 21:36:55,ID: 253,ID2: 166, Timer: 9219, RSSI: -55
2026-08-10 21:36:55,ID: 253,ID2: 166, Timer: 9240, RSSI: -55
2026-08-10 21:36:55,ID: 253,ID2: 166, Timer: 9254, RSSI: -54
2026-08-10 21:36:55,ID: 253,ID2: 166, Timer: 9289, RSSI: -56
2026-08-10 21:36:55,ID: 253,ID2: 166, Timer: 9296, RSSI: -54
2026-08-10 21:36:55,ID: 253,ID2: 166, Timer: 9310, RSSI: -56
2026-08-10 21:36:55,ID: 253,ID2: 166, Timer: 9338, RSSI: -54
2026-08-10 21:36:55,ID: 253,ID2: 166, Timer: 9366, RSSI: -55
2026-08-10 21:36:55,ID: 253,ID2: 166, Timer: 9373, RSSI: -56
2026-08-10 21:36:55,ID: 253,ID2: 166, Timer: 9380, RSSI: -55
2026-08-10 21:36:55,ID: 253,ID2: 166, Timer: 9387, RSSI: -55
2026-08-10 21:36:55,ID: 253,ID2: 166, Timer: 9408, RSSI: -55
2026-08-10 21:36:55,ID: 253,ID2: 166, Timer: 9422, RSSI: -55
2026-08-10 21:36:55,ID: 253,ID2: 166, Timer: 9429, RSSI: -55
2026-08-10 21:36:55,ID: 253,ID2: 166, Timer: 9443, RSSI: -54
2026-08-10 21:36:55,ID: 253,ID2: 166, Timer: 9457, RSSI: -57
2026-08-10 21:36:55,ID: 253,ID2: 166, Timer: 9464, RSSI: -55
2026-08-10 21:36:55,ID: 253,ID2: 166, Timer: 9478, RSSI: -56
2026-08-10 21:36:55,ID: 253,ID2: 166, Timer: 9506, RSSI: -55
2026-08-10 21:36:55,ID: 253,ID2: 166, Timer: 9506, RSSI: -54
2026-08-10 21:36:55,ID: 253,ID2: 166, Timer: 9513, RSSI: -55
2026-08-10 21:36:55,ID: 253,ID2: 166, Timer: 9520, RSSI: -57
2026-08-10 21:36:55,ID: 253,ID2: 166, Timer: 9541, RSSI: -57
2026-08-10 21:36:55,ID: 253,ID2: 166, Timer: 9555, RSSI: -55
2026-08-10 21:36:55,ID: 253,ID2: 166, Timer: 9590, RSSI: -55
2026-08-10 21:36:55,ID: 253,ID2: 166, Timer: 9590, RSSI: -54
2026-08-10 21:36:55,ID: 253,ID2: 166, Timer: 9611, RSSI: -54
2026-08-10 21:36:55,ID: 253,ID2: 166, Timer: 9618, RSSI: -55
2026-08-10 21:36:55,ID: 253,ID2: 166, Timer: 9632, RSSI: -55
2026-08-10 21:36:55,ID: 253,ID2: 166, Timer: 9639, RSSI: -55
2026-08-10 21:36:55,ID: 253,ID2: 166, Timer: 9646, RSSI: -56
2026-08-10 21:36:55,ID: 253,ID2: 166, Timer: 9653, RSSI: -54
2026-08-10 21:36:55,ID: 253,ID2: 166, Timer: 9674, RSSI: -54
2026-08-10 21:36:55,ID: 253,ID2: 166, Timer: 9674, RSSI: -54
2026-08-10 21:36:55,ID: 253,ID2: 166, Timer: 9716, RSSI: -54
2026-08-10 21:36:55,ID: 253,ID2: 166, Timer: 9730, RSSI: -57
2026-08-10 21:36:55,ID: 253,ID2: 166, Timer: 9758, RSSI: -54
2026-08-10 21:36:55,ID: 253,ID2: 166, Timer: 9772, RSSI: -56
2026-08-10 21:36:55,ID: 253,ID2: 166, Timer: 9779, RSSI: -55
2026-08-10 21:36:55,ID: 253,ID2: 166, Timer: 9786, RSSI: -55
2026-08-10 21:36:55,ID: 253,ID2: 166, Timer: 9793, RSSI: -57
2026-08-10 21:36:55,ID: 253,ID2: 166, Timer: 9800, RSSI: -55
2026-08-10 21:36:55,ID: 253,ID2: 166, Timer: 9807, RSSI: -55
2026-08-10 21:36:55,ID: 253,ID2: 166, Timer: 9814, RSSI: -57
2026-08-10 21:36:55,ID: 253,ID2: 166, Timer: 9842, RSSI: -55
2026-08-10 21:36:55,ID: 253,ID2: 166, Timer: 9856, RSSI: -57
2026-08-10 21:36:55,ID: 253,ID2: 166, Timer: 9877, RSSI: -56
2026-08-10 21:36:55,ID: 253,ID2: 166, Timer: 9884, RSSI: -54
2026-08-10 21:36:55,ID: 253,ID2: 166, Timer: 9891, RSSI: -55
2026-08-10 21:36:55,ID: 253,ID2: 166, Timer: 9898, RSSI: -57
2026-08-10 21:36:55,ID: 253,ID2: 166, Timer: 9919, RSSI: -56
2026-08-10 21:36:55,ID: 253,ID2: 166, Timer: 9926, RSSI: -55
2026-08-10 21:36:55,ID: 253,ID2: 166, Timer: 9933, RSSI: -55
2026-08-10 21:36:55,ID: 253,ID2: 166, Timer: 9940, RSSI: -56
2026-08-10 21:36:55,ID: 253,ID2: 166, Timer: 9954, RSSI: -55
2026-08-10 21:36:55,ID: 253,ID2: 166, Timer: 9968, RSSI: -55
2026-08-10 21:36:55,ID: 253,ID2: 166, Timer: 10003, RSSI: -56
2026-08-10 21:36:55,ID: 253,ID2: 166, Timer: 10010, RSSI: -55
2026-08-10 21:36:55,ID: 253,ID2: 166, Timer: 10010, RSSI: -54
2026-08-10 21:36:55,ID: 253,ID2: 166, Timer: 10017, RSSI: -55
2026-08-10 21:36:55,ID: 253,ID2: 166, Timer: 10052, RSSI: -54
2026-08-10 21:36:55,ID: 253,ID2: 166, Timer: 10059, RSSI: -55
2026-08-10 21:36:55,ID: 253,ID2: 166, Timer: 10066, RSSI: -57
2026-08-10 21:36:55,ID: 253,ID2: 166, Timer: 10080, RSSI: -55
2026-08-10 21:36:55,ID: 253,ID2: 166, Timer: 10087, RSSI: -56
2026-08-10 21:36:55,ID: 253,ID2: 166, Timer: 10094, RSSI: -54
2026-08-10 21:36:55,ID: 253,ID2: 166, Timer: 10101, RSSI: -55
2026-08-10 21:36:55,ID: 253,ID2: 166, Timer: 10122, RSSI: -55
2026-08-10 21:36:55,ID: 253,ID2: 166, Timer: 10129, RSSI: -57
2026-08-10 21:36:55,ID: 253,ID2: 166, Timer: 10136, RSSI: -55
2026-08-10 21:36:55,ID: 253,ID2: 166, Timer: 10164, RSSI: -55
2026-08-10 21:36:55,ID: 253,ID2: 166, Timer: 10178, RSSI: -54
2026-08-10 21:36:55,ID: 253,ID2: 166, Timer: 10220, RSSI: -55
2026-08-10 21:36:55,ID: 253,ID2: 166, Timer: 10248, RSSI: -55
2026-08-10 21:36:55,ID: 253,ID2: 166, Timer: 10262, RSSI: -54
2026-08-10 21:36:55,ID: 253,ID2: 166, Timer: 10262, RSSI: -55
2026-08-10 21:36:55,ID: 253,ID2: 166, Timer: 10269, RSSI: -55
2026-08-10 21:36:55,ID: 253,ID2: 166, Timer: 10290, RSSI: -55
2026-08-10 21:36:55,ID: 253,ID2: 166, Timer: 10304, RSSI: -54
2026-08-10 21:36:55,ID: 253,ID2: 166, Timer: 10318, RSSI: -56
2026-08-10 21:36:55,ID: 253,ID2: 166, Timer: 10325, RSSI: -55
2026-08-10 21:36:55,ID: 253,ID2: 166, Timer: 10346, RSSI: -55
2026-08-10 21:36:55,ID: 253,ID2: 166, Timer: 10360, RSSI: -57
2026-08-10 21:36:55,ID: 253,ID2: 166, Timer: 10374, RSSI: -55
2026-08-10 21:36:55,ID: 253,ID2: 166, Timer: 10388, RSSI: -55
2026-08-10 21:36:55,ID: 253,ID2: 166, Timer: 10388, RSSI: -54
2026-08-10 21:36:55,ID: 253,ID2: 166, Timer: 10409, RSSI: -54
2026-08-10 21:36:55,ID: 253,ID2: 166, Timer: 10430, RSSI: -55
2026-08-10 21:36:55,ID: 253,ID2: 166, Timer: 10430, RSSI: -55
2026-08-10 21:36:55,ID: 253,ID2: 166, Timer: 10444, RSSI: -56
2026-08-10 21:36:55,ID: 253,ID2: 166, Timer: 10465, RSSI: -57
2026-08-10 21:36:55,ID: 253,ID2: 166, Timer: 10472, RSSI: -54
2026-08-10 21:36:55,ID: 253,ID2: 166, Timer: 10472, RSSI: -54
2026-08-10 21:36:55,ID: 253,ID2: 166, Timer: 10479, RSSI: -55
2026-08-10 21:36:55,ID: 253,ID2: 166, Timer: 10493, RSSI: -54
2026-08-10 21:36:55,ID: 253,ID2: 166, Timer: 10514, RSSI: -55
2026-08-10 21:36:55,ID: 253,ID2: 166, Timer: 10528, RSSI: -56
2026-08-10 21:36:55,ID: 253,ID2: 166, Timer: 10549, RSSI: -57
2026-08-10 21:36:55,ID: 253,ID2: 166, Timer: 10570, RSSI: -56
2026-08-10 21:36:55,ID: 253,ID2: 166, Timer: 10577, RSSI: -55
2026-08-10 21:36:55,ID: 253,ID2: 166, Timer: 10598, RSSI: -55
2026-08-10 21:36:55,ID: 253,ID2: 166, Timer: 10612, RSSI: -56
2026-08-10 21:36:55,ID: 253,ID2: 166, Timer: 10619, RSSI: -55
2026-08-10 21:36:55,ID: 253,ID2: 166, Timer: 10626, RSSI: -55
2026-08-10 21:36:55,ID: 253,ID2: 166, Timer: 10640, RSSI: -54
2026-08-10 21:36:55,ID: 253,ID2: 166, Timer: 10668, RSSI: -55
2026-08-10 21:36:55,ID: 253,ID2: 166, Timer: 10682, RSSI: -55
2026-08-10 21:36:55,ID: 253,ID2: 166, Timer: 10682, RSSI: -55
2026-08-10 21:36:55,ID: 253,ID2: 166, Timer: 10689, RSSI: -55
2026-08-10 21:36:55,ID: 253,ID2: 166, Timer: 10696, RSSI: -56
2026-08-10 21:36:55,ID: 253,ID2: 166, Timer: 10703, RSSI: -54
2026-08-10 21:36:55,ID: 253,ID2: 166, Timer: 10717, RSSI: -57
2026-08-10 21:36:55,ID: 253,ID2: 166, Timer: 10724, RSSI: -55
2026-08-10 21:36:55,ID: 253,ID2: 166, Timer: 10724, RSSI: -55
2026-08-10 21:36:55,ID: 253,ID2: 166, Timer: 10731, RSSI: -55
2026-08-10 21:36:55,ID: 253,ID2: 166, Timer: 10752, RSSI: -55
2026-08-10 21:36:55,ID: 253,ID2: 166, Timer: 10766, RSSI: -54
2026-08-10 21:36:55,ID: 253,ID2: 166, Timer: 10766, RSSI: -55
2026-08-10 21:36:55,ID: 253,ID2: 166, Timer: 10787, RSSI: -54
2026-08-10 21:36:55,ID: 253,ID2: 166, Timer: 10808, RSSI: -55
2026-08-10 21:36:55,ID: 253,ID2: 166, Timer: 10815, RSSI: -55
2026-08-10 21:36:55,ID: 253,ID2: 166, Timer: 10836, RSSI: -55
2026-08-10 21:36:55,ID: 253,ID2: 166, Timer: 10843, RSSI: -57
2026-08-10 21:36:55,ID: 253,ID2: 166, Timer: 10850, RSSI: -55
2026-08-10 21:36:55,ID: 253,ID2: 166, Timer: 10871, RSSI: -55
2026-08-10 21:36:55,ID: 253,ID2: 166, Timer: 10892, RSSI: -55
2026-08-10 21:36:55,ID: 253,ID2: 166, Timer: 10892, RSSI: -55
2026-08-10 21:36:55,ID: 253,ID2: 166, Timer: 10899, RSSI: -55
2026-08-10 21:36:55,ID: 253,ID2: 166, Timer: 10927, RSSI: -57
2026-08-10 21:36:55,ID: 253,ID2: 166, Timer: 10934, RSSI: -55
2026-08-10 21:36:55,ID: 253,ID2: 166, Timer: 10934, RSSI: -55
2026-08-10 21:36:55,ID: 253,ID2: 166, Timer: 10941, RSSI: -55
2026-08-10 21:36:55,ID: 253,ID2: 166, Timer: 10955, RSSI: -55
2026-08-10 21:36:55,ID: 253,ID2: 166, Timer: 10962, RSSI: -55
2026-08-10 21:36:55,ID: 253,ID2: 166, Timer: 10969, RSSI: -57
2026-08-10 21:36:55,ID: 253,ID2: 166, Timer: 10976, RSSI: -55
2026-08-10 21:36:55,ID: 253,ID2: 166, Timer: 10983, RSSI: -55
2026-08-10 21:36:55,ID: 253,ID2: 166, Timer: 11011, RSSI: -57
2026-08-10 21:36:55,ID: 253,ID2: 166, Timer: 11018, RSSI: -55
2026-08-10 21:36:55,ID: 253,ID2: 166, Timer: 11060, RSSI: -55
2026-08-10 21:36:55,ID: 253,ID2: 166, Timer: 11060, RSSI: -55
2026-08-10 21:36:55,ID: 253,ID2: 166, Timer: 11074, RSSI: -57
2026-08-10 21:36:55,ID: 253,ID2: 166, Timer: 11088, RSSI: -55
2026-08-10 21:36:55,ID: 253,ID2: 166, Timer: 11102, RSSI: -55
2026-08-10 21:36:55,ID: 253,ID2: 166, Timer: 11109, RSSI: -55
2026-08-10 21:36:55,ID: 253,ID2: 166, Timer: 11116, RSSI: -56
2026-08-10 21:36:55,ID: 253,ID2: 166, Timer: 11123, RSSI: -55
2026-08-10 21:36:55,ID: 253,ID2: 166, Timer: 11130, RSSI: -55
2026-08-10 21:36:55,ID: 253,ID2: 166, Timer: 11144, RSSI: -55
2026-08-10 21:36:55,ID: 253,ID2: 166, Timer: 11151, RSSI: -55
2026-08-10 21:36:55,ID: 253,ID2: 166, Timer: 11165, RSSI: -54
2026-08-10 21:36:55,ID: 253,ID2: 166, Timer: 11186, RSSI: -55
2026-08-10 21:36:55,ID: 253,ID2: 166, Timer: 11200, RSSI: -56
2026-08-10 21:36:55,ID: 253,ID2: 166, Timer: 11228, RSSI: -55
2026-08-10 21:36:55,ID: 253,ID2: 166, Timer: 11235, RSSI: -55
2026-08-10 21:36:55,ID: 253,ID2: 166, Timer: 11242, RSSI: -57
2026-08-10 21:36:55,ID: 253,ID2: 166, Timer: 11249, RSSI: -55
2026-08-10 21:36:55,ID: 253,ID2: 166, Timer: 11263, RSSI: -56
2026-08-10 21:36:55,ID: 253,ID2: 166, Timer: 11270, RSSI: -55
2026-08-10 21:36:55,ID: 253,ID2: 166, Timer: 11284, RSSI: -56
2026-08-10 21:36:55,ID: 253,ID2: 166, Timer: 11298, RSSI: -55
2026-08-10 21:36:55,ID: 253,ID2: 166, Timer: 11305, RSSI: -56
2026-08-10 21:36:55,ID: 253,ID2: 166, Timer: 11312, RSSI: -55
2026-08-10 21:36:55,ID: 253,ID2: 166, Timer: 11319, RSSI: -55
2026-08-10 21:36:55,ID: 253,ID2: 166, Timer: 11354, RSSI: -54
2026-08-10 21:36:55,ID: 253,ID2: 166, Timer: 11354, RSSI: -55
2026-08-10 21:36:55,ID: 253,ID2: 166, Timer: 11361, RSSI: -55
2026-08-10 21:36:55,ID: 253,ID2: 166, Timer: 11375, RSSI: -55
2026-08-10 21:36:55,ID: 253,ID2: 166, Timer: 11382, RSSI: -55
2026-08-10 21:36:55,ID: 253,ID2: 166, Timer: 11396, RSSI: -55
2026-08-10 21:36:55,ID: 253,ID2: 166, Timer: 11396, RSSI: -54
2026-08-10 21:36:55,ID: 253,ID2: 166, Timer: 11403, RSSI: -55
2026-08-10 21:36:55,ID: 253,ID2: 166, Timer: 11417, RSSI: -55
2026-08-10 21:36:55,ID: 253,ID2: 166, Timer: 11424, RSSI: -55
2026-08-10 21:36:55,ID: 253,ID2: 166, Timer: 11438, RSSI: -55
2026-08-10 21:36:55,ID: 253,ID2: 166, Timer: 11438, RSSI: -55
2026-08-10 21:36:55,ID: 253,ID2: 166, Timer: 11445, RSSI: -55
2026-08-10 21:36:55,ID: 253,ID2: 166, Timer: 11452, RSSI: -57
2026-08-10 21:36:55,ID: 253,ID2: 166, Timer: 11459, RSSI: -55
2026-08-10 21:36:55,ID: 253,ID2: 166, Timer: 11466, RSSI: -55
2026-08-10 21:36:55,ID: 253,ID2: 166, Timer: 11473, RSSI: -56
2026-08-10 21:36:55,ID: 253,ID2: 166, Timer: 11480, RSSI: -55
2026-08-10 21:36:55,ID: 253,ID2: 166, Timer: 11501, RSSI: -55
2026-08-10 21:36:55,ID: 253,ID2: 166, Timer: 11522, RSSI: -55
2026-08-10 21:36:55,ID: 253,ID2: 166, Timer: 11543, RSSI: -55
2026-08-10 21:36:55,ID: 253,ID2: 166, Timer: 11550, RSSI: -55
2026-08-10 21:36:55,ID: 253,ID2: 166, Timer: 11557, RSSI: -57
2026-08-10 21:36:55,ID: 253,ID2: 166, Timer: 11564, RSSI: -55
2026-08-10 21:36:55,ID: 253,ID2: 166, Timer: 11571, RSSI: -55
2026-08-10 21:36:55,ID: 253,ID2: 166, Timer: 11578, RSSI: -56
2026-08-10 21:36:55,ID: 253,ID2: 166, Timer: 11592, RSSI: -55
2026-08-10 21:36:55,ID: 253,ID2: 166, Timer: 11599, RSSI: -57
2026-08-10 21:36:55,ID: 253,ID2: 166, Timer: 11606, RSSI: -54
2026-08-10 21:36:55,ID: 253,ID2: 166, Timer: 11613, RSSI: -55
2026-08-10 21:36:55,ID: 253,ID2: 166, Timer: 11620, RSSI: -56
2026-08-10 21:36:55,ID: 253,ID2: 166, Timer: 11648, RSSI: -55
2026-08-10 21:36:55,ID: 253,ID2: 166, Timer: 11648, RSSI: -55
2026-08-10 21:36:55,ID: 253,ID2: 166, Timer: 11655, RSSI: -55
2026-08-10 21:36:55,ID: 253,ID2: 166, Timer: 11662, RSSI: -57
2026-08-10 21:36:55,ID: 253,ID2: 166, Timer: 11676, RSSI: -55
2026-08-10 21:36:55,ID: 253,ID2: 166, Timer: 11690, RSSI: -55
2026-08-10 21:36:55,ID: 253,ID2: 166, Timer: 11697, RSSI: -55
2026-08-10 21:36:55,ID: 253,ID2: 166, Timer: 11732, RSSI: -55
2026-08-10 21:36:55,ID: 253,ID2: 166, Timer: 11753, RSSI: -55
2026-08-10 21:36:55,ID: 253,ID2: 166, Timer: 11774, RSSI: -54
2026-08-10 21:36:55,ID: 253,ID2: 166, Timer: 11781, RSSI: -55
2026-08-10 21:36:55,ID: 253,ID2: 166, Timer: 11788, RSSI: -57
2026-08-10 21:36:55,ID: 253,ID2: 166, Timer: 11816, RSSI: -55
2026-08-10 21:36:55,ID: 253,ID2: 166, Timer: 11830, RSSI: -56
2026-08-10 21:36:55,ID: 253,ID2: 166, Timer: 11837, RSSI: -54
2026-08-10 21:36:55,ID: 253,ID2: 166, Timer: 11844, RSSI: -55
2026-08-10 21:36:55,ID: 253,ID2: 166, Timer: 11851, RSSI: -57
2026-08-10 21:36:55,ID: 253,ID2: 166, Timer: 11858, RSSI: -55
2026-08-10 21:36:55,ID: 253,ID2: 166, Timer: 11865, RSSI: -55
2026-08-10 21:36:55,ID: 253,ID2: 166, Timer: 11879, RSSI: -54
2026-08-10 21:36:55,ID: 253,ID2: 166, Timer: 11900, RSSI: -55
2026-08-10 21:36:55,ID: 253,ID2: 166, Timer: 11928, RSSI: -55
2026-08-10 21:36:55,ID: 253,ID2: 166, Timer: 11935, RSSI: -56
2026-08-10 21:36:55,ID: 253,ID2: 166, Timer: 11942, RSSI: -54
2026-08-10 21:36:55,ID: 253,ID2: 166, Timer: 11949, RSSI: -55
2026-08-10 21:36:55,ID: 253,ID2: 166, Timer: 11977, RSSI: -57
2026-08-10 21:36:55,ID: 253,ID2: 166, Timer: 11984, RSSI: -55
2026-08-10 21:36:55,ID: 253,ID2: 166, Timer: 11984, RSSI: -55
2026-08-10 21:36:55,ID: 253,ID2: 166, Timer: 11991, RSSI: -55
2026-08-10 21:36:55,ID: 253,ID2: 166, Timer: 12012, RSSI: -55
2026-08-10 21:36:55,ID: 253,ID2: 166, Timer: 12026, RSSI: -55
2026-08-10 21:36:55,ID: 253,ID2: 166, Timer: 12026, RSSI: -55
2026-08-10 21:36:55,ID: 253,ID2: 166, Timer: 12047, RSSI: -55
2026-08-10 21:36:55,ID: 253,ID2: 166, Timer: 12061, RSSI: -57
2026-08-10 21:36:55,ID: 253,ID2: 166, Timer: 12068, RSSI: -55
2026-08-10 21:36:55,ID: 253,ID2: 166, Timer: 12075, RSSI: -55
2026-08-10 21:36:55,ID: 253,ID2: 166, Timer: 12096, RSSI: -55
2026-08-10 21:36:55,ID: 253,ID2: 166, Timer: 12103, RSSI: -57
2026-08-10 21:36:55,ID: 253,ID2: 166, Timer: 12110, RSSI: -55
2026-08-10 21:36:55,ID: 253,ID2: 166, Timer: 12138, RSSI: -55
2026-08-10 21:36:55,ID: 253,ID2: 166, Timer: 12145, RSSI: -57
2026-08-10 21:36:55,ID: 253,ID2: 166, Timer: 12152, RSSI: -55
2026-08-10 21:36:55,ID: 253,ID2: 166, Timer: 12173, RSSI: -55
2026-08-10 21:36:55,ID: 253,ID2: 166, Timer: 12187, RSSI: -57
2026-08-10 21:36:55,ID: 253,ID2: 166, Timer: 12194, RSSI: -55
2026-08-10 21:36:55,ID: 253,ID2: 166, Timer: 12208, RSSI: -56
2026-08-10 21:36:55,ID: 253,ID2: 166, Timer: 12215, RSSI: -54
2026-08-10 21:36:55,ID: 253,ID2: 166, Timer: 12229, RSSI: -56
2026-08-10 21:36:55,ID: 253,ID2: 166, Timer: 12236, RSSI: -55
2026-08-10 21:36:55,ID: 253,ID2: 166, Timer: 12243, RSSI: -55
2026-08-10 21:36:55,ID: 253,ID2: 166, Timer: 12257, RSSI: -55
2026-08-10 21:36:55,ID: 253,ID2: 166, Timer: 12271, RSSI: -56
2026-08-10 21:36:55,ID: 253,ID2: 166, Timer: 12285, RSSI: -55
2026-08-10 21:36:55,ID: 253,ID2: 166, Timer: 12306, RSSI: -55
2026-08-10 21:36:55,ID: 253,ID2: 166, Timer: 12320, RSSI: -55
2026-08-10 21:36:55,ID: 253,ID2: 166, Timer: 12348, RSSI: -55
2026-08-10 21:36:55,ID: 253,ID2: 166, Timer: 12362, RSSI: -55
2026-08-10 21:36:55,ID: 253,ID2: 166, Timer: 12369, RSSI: -55
2026-08-10 21:36:55,ID: 253,ID2: 166, Timer: 12376, RSSI: -56
2026-08-10 21:36:55,ID: 253,ID2: 166, Timer: 12390, RSSI: -55
2026-08-10 21:36:55,ID: 253,ID2: 166, Timer: 12397, RSSI: -56
2026-08-10 21:36:55,ID: 253,ID2: 166, Timer: 12404, RSSI: -55
2026-08-10 21:36:55,ID: 253,ID2: 166, Timer: 12411, RSSI: -55
2026-08-10 21:36:55,ID: 253,ID2: 166, Timer: 12418, RSSI: -56
2026-08-10 21:36:55,ID: 253,ID2: 166, Timer: 12432, RSSI: -55
2026-08-10 21:36:55,ID: 253,ID2: 166, Timer: 12446, RSSI: -54
2026-08-10 21:36:55,ID: 253,ID2: 166, Timer: 12453, RSSI: -55
2026-08-10 21:36:55,ID: 253,ID2: 166, Timer: 12460, RSSI: -57
2026-08-10 21:36:55,ID: 253,ID2: 166, Timer: 12481, RSSI: -57
2026-08-10 21:36:55,ID: 253,ID2: 166, Timer: 12488, RSSI: -55
2026-08-10 21:36:55,ID: 253,ID2: 166, Timer: 12530, RSSI: -55
2026-08-10 21:36:55,ID: 253,ID2: 166, Timer: 12530, RSSI: -55
2026-08-10 21:36:55,ID: 253,ID2: 166, Timer: 12544, RSSI: -57
2026-08-10 21:36:55,ID: 253,ID2: 166, Timer: 12558, RSSI: -55
2026-08-10 21:36:55,ID: 253,ID2: 166, Timer: 12565, RSSI: -56
2026-08-10 21:36:55,ID: 253,ID2: 166, Timer: 12572, RSSI: -55
2026-08-10 21:36:55,ID: 253,ID2: 166, Timer: 12572, RSSI: -54
2026-08-10 21:36:55,ID: 253,ID2: 166, Timer: 12579, RSSI: -55
2026-08-10 21:36:55,ID: 253,ID2: 166, Timer: 12586, RSSI: -57
2026-08-10 21:36:55,ID: 253,ID2: 166, Timer: 12593, RSSI: -55
2026-08-10 21:36:55,ID: 253,ID2: 166, Timer: 12600, RSSI: -55
2026-08-10 21:36:55,ID: 253,ID2: 166, Timer: 12614, RSSI: -54
2026-08-10 21:36:55,ID: 253,ID2: 166, Timer: 12628, RSSI: -57
2026-08-10 21:36:55,ID: 253,ID2: 166, Timer: 12642, RSSI: -55
2026-08-10 21:36:55,ID: 253,ID2: 166, Timer: 12649, RSSI: -57
2026-08-10 21:36:55,ID: 253,ID2: 166, Timer: 12656, RSSI: -55
2026-08-10 21:36:55,ID: 253,ID2: 166, Timer: 12677, RSSI: -55
2026-08-10 21:36:55,ID: 253,ID2: 166, Timer: 12684, RSSI: -55
2026-08-10 21:36:55,ID: 253,ID2: 166, Timer: 12691, RSSI: -57
2026-08-10 21:36:55,ID: 253,ID2: 166, Timer: 12698, RSSI: -55
2026-08-10 21:36:55,ID: 253,ID2: 166, Timer: 12698, RSSI: -55
2026-08-10 21:36:55,ID: 253,ID2: 166, Timer: 12719, RSSI: -55
2026-08-10 21:36:55,ID: 253,ID2: 166, Timer: 12733, RSSI: -56
2026-08-10 21:36:55,ID: 253,ID2: 166, Timer: 12740, RSSI: -54
2026-08-10 21:36:55,ID: 253,ID2: 166, Timer: 12761, RSSI: -54
2026-08-10 21:36:55,ID: 253,ID2: 166, Timer: 12768, RSSI: -55
2026-08-10 21:36:55,ID: 253,ID2: 166, Timer: 12782, RSSI: -55
2026-08-10 21:36:55,ID: 253,ID2: 166, Timer: 12810, RSSI: -55
2026-08-10 21:36:55,ID: 253,ID2: 166, Timer: 12824, RSSI: -54
2026-08-10 21:36:55,ID: 253,ID2: 166, Timer: 12852, RSSI: -55
2026-08-10 21:36:55,ID: 253,ID2: 166, Timer: 12859, RSSI: -56
2026-08-10 21:36:55,ID: 253,ID2: 166, Timer: 12866, RSSI: -54
2026-08-10 21:36:55,ID: 253,ID2: 166, Timer: 12873, RSSI: -55
2026-08-10 21:36:55,ID: 253,ID2: 166, Timer: 12880, RSSI: -56
2026-08-10 21:36:55,ID: 253,ID2: 166, Timer: 12887, RSSI: -55
2026-08-10 21:36:55,ID: 253,ID2: 166, Timer: 12901, RSSI: -57
2026-08-10 21:36:55,ID: 253,ID2: 166, Timer: 12908, RSSI: -55
2026-08-10 21:36:55,ID: 253,ID2: 166, Timer: 12943, RSSI: -57
2026-08-10 21:36:55,ID: 253,ID2: 166, Timer: 12950, RSSI: -55
2026-08-10 21:36:55,ID: 253,ID2: 166, Timer: 12957, RSSI: -55
2026-08-10 21:36:55,ID: 253,ID2: 166, Timer: 12992, RSSI: -54
2026-08-10 21:36:55,ID: 253,ID2: 166, Timer: 12999, RSSI: -55
2026-08-10 21:36:55,ID: 253,ID2: 166, Timer: 13034, RSSI: -55
2026-08-10 21:36:55,ID: 253,ID2: 166, Timer: 13041, RSSI: -55
2026-08-10 21:36:55,ID: 253,ID2: 166, Timer: 13048, RSSI: -57
2026-08-10 21:36:55,ID: 253,ID2: 166, Timer: 13069, RSSI: -57
2026-08-10 21:36:55,ID: 253,ID2: 166, Timer: 13076, RSSI: -55
2026-08-10 21:36:55,ID: 253,ID2: 166, Timer: 13076, RSSI: -55
2026-08-10 21:36:55,ID: 253,ID2: 166, Timer: 13111, RSSI: -57
2026-08-10 21:36:55,ID: 253,ID2: 166, Timer: 13118, RSSI: -55
2026-08-10 21:36:55,ID: 253,ID2: 166, Timer: 13153, RSSI: -57
2026-08-10 21:36:55,ID: 253,ID2: 166, Timer: 13160, RSSI: -55
2026-08-10 21:36:55,ID: 253,ID2: 166, Timer: 13167, RSSI: -55
2026-08-10 21:36:55,ID: 253,ID2: 166, Timer: 13181, RSSI: -55
2026-08-10 21:36:55,ID: 253,ID2: 166, Timer: 13188, RSSI: -55
2026-08-10 21:36:55,ID: 253,ID2: 166, Timer: 13202, RSSI: -55
2026-08-10 21:36:55,ID: 253,ID2: 166, Timer: 13230, RSSI: -55
2026-08-10 21:36:55,ID: 253,ID2: 166, Timer: 13244, RSSI: -55
2026-08-10 21:36:55,ID: 253,ID2: 166, Timer: 13251, RSSI: -55
2026-08-10 21:36:55,ID: 253,ID2: 166, Timer: 13265, RSSI: -55
2026-08-10 21:36:55,ID: 253,ID2: 166, Timer: 13279, RSSI: -57
2026-08-10 21:36:55,ID: 253,ID2: 166, Timer: 13286, RSSI: -54
2026-08-10 21:36:55,ID: 253,ID2: 166, Timer: 13293, RSSI: -55
2026-08-10 21:36:55,ID: 253,ID2: 166, Timer: 13300, RSSI: -57
2026-08-10 21:36:55,ID: 253,ID2: 166, Timer: 13328, RSSI: -55
2026-08-10 21:36:55,ID: 253,ID2: 166, Timer: 13349, RSSI: -55
2026-08-10 21:36:55,ID: 253,ID2: 166, Timer: 13356, RSSI: -55
2026-08-10 21:36:55,ID: 253,ID2: 166, Timer: 13363, RSSI: -56
2026-08-10 21:36:55,ID: 253,ID2: 166, Timer: 13370, RSSI: -55
2026-08-10 21:36:55,ID: 253,ID2: 166, Timer: 13370, RSSI: -54
2026-08-10 21:36:55,ID: 253,ID2: 166, Timer: 13377, RSSI: -55
2026-08-10 21:36:55,ID: 253,ID2: 166, Timer: 13391, RSSI: -54
2026-08-10 21:36:55,ID: 253,ID2: 166, Timer: 13398, RSSI: -55
2026-08-10 21:36:55,ID: 253,ID2: 166, Timer: 13412, RSSI: -55
2026-08-10 21:36:55,ID: 253,ID2: 166, Timer: 13412, RSSI: -55
2026-08-10 21:36:55,ID: 253,ID2: 166, Timer: 13419, RSSI: -55
2026-08-10 21:36:55,ID: 253,ID2: 166, Timer: 13454, RSSI: -55
2026-08-10 21:36:55,ID: 253,ID2: 166, Timer: 13454, RSSI: -55
2026-08-10 21:36:55,ID: 253,ID2: 166, Timer: 13461, RSSI: -55
2026-08-10 21:36:55,ID: 253,ID2: 166, Timer: 13468, RSSI: -56
2026-08-10 21:36:55,ID: 253,ID2: 166, Timer: 13475, RSSI: -55
2026-08-10 21:36:55,ID: 253,ID2: 166, Timer: 13489, RSSI: -57
2026-08-10 21:36:55,ID: 253,ID2: 166, Timer: 13496, RSSI: -55
2026-08-10 21:36:55,ID: 253,ID2: 166, Timer: 13510, RSSI: -57
2026-08-10 21:36:55,ID: 253,ID2: 166, Timer: 13517, RSSI: -55
2026-08-10 21:36:55,ID: 253,ID2: 166, Timer: 13524, RSSI: -55
2026-08-10 21:36:55,ID: 253,ID2: 166, Timer: 13538, RSSI: -54
2026-08-10 21:36:55,ID: 253,ID2: 166, Timer: 13566, RSSI: -55
2026-08-10 21:36:55,ID: 253,ID2: 166, Timer: 13580, RSSI: -54
2026-08-10 21:36:55,ID: 253,ID2: 166, Timer: 13608, RSSI: -55
2026-08-10 21:36:55,ID: 253,ID2: 166, Timer: 13615, RSSI: -57
2026-08-10 21:36:55,ID: 253,ID2: 166, Timer: 13622, RSSI: -55
2026-08-10 21:36:55,ID: 253,ID2: 166, Timer: 13629, RSSI: -55
2026-08-10 21:36:55,ID: 253,ID2: 166, Timer: 13643, RSSI: -55
2026-08-10 21:36:55,ID: 253,ID2: 166, Timer: 13664, RSSI: -54
2026-08-10 21:36:55,ID: 253,ID2: 166, Timer: 13692, RSSI: -55
2026-08-10 21:36:55,ID: 253,ID2: 166, Timer: 13699, RSSI: -57
2026-08-10 21:36:55,ID: 253,ID2: 166, Timer: 13706, RSSI: -54
2026-08-10 21:36:55,ID: 253,ID2: 166, Timer: 13713, RSSI: -55
2026-08-10 21:36:55,ID: 253,ID2: 166, Timer: 13720, RSSI: -57
2026-08-10 21:36:55,ID: 253,ID2: 166, Timer: 13727, RSSI: -55
2026-08-10 21:36:55,ID: 253,ID2: 166, Timer: 13734, RSSI: -55
2026-08-10 21:36:55,ID: 253,ID2: 166, Timer: 13748, RSSI: -55
2026-08-10 21:36:55,ID: 253,ID2: 166, Timer: 13748, RSSI: -54
2026-08-10 21:36:55,ID: 253,ID2: 166, Timer: 13783, RSSI: -57
2026-08-10 21:36:55,ID: 253,ID2: 166, Timer: 13790, RSSI: -54
2026-08-10 21:36:55,ID: 253,ID2: 166, Timer: 13797, RSSI: -55
2026-08-10 21:36:55,ID: 253,ID2: 166, Timer: 13804, RSSI: -56
2026-08-10 21:36:55,ID: 253,ID2: 166, Timer: 13818, RSSI: -55
2026-08-10 21:36:55,ID: 253,ID2: 166, Timer: 13825, RSSI: -56
2026-08-10 21:36:55,ID: 253,ID2: 166, Timer: 13832, RSSI: -54
2026-08-10 21:36:55,ID: 253,ID2: 166, Timer: 13832, RSSI: -55
2026-08-10 21:36:55,ID: 253,ID2: 166, Timer: 13846, RSSI: -57
2026-08-10 21:36:55,ID: 253,ID2: 166, Timer: 13874, RSSI: -55
2026-08-10 21:36:55,ID: 253,ID2: 166, Timer: 13881, RSSI: -55
2026-08-10 21:36:55,ID: 253,ID2: 166, Timer: 13895, RSSI: -55
2026-08-10 21:36:55,ID: 253,ID2: 166, Timer: 13909, RSSI: -56
2026-08-10 21:36:55,ID: 253,ID2: 166, Timer: 13916, RSSI: -55
2026-08-10 21:36:55,ID: 253,ID2: 166, Timer: 13923, RSSI: -55
2026-08-10 21:36:55,ID: 253,ID2: 166, Timer: 13958, RSSI: -55
2026-08-10 21:36:55,ID: 253,ID2: 166, Timer: 13965, RSSI: -55
2026-08-10 21:36:55,ID: 253,ID2: 166, Timer: 13972, RSSI: -57
2026-08-10 21:36:55,ID: 253,ID2: 166, Timer: 13979, RSSI: -54
2026-08-10 21:36:55,ID: 253,ID2: 166, Timer: 14000, RSSI: -55
2026-08-10 21:36:55,ID: 253,ID2: 166, Timer: 14000, RSSI: -54
2026-08-10 21:36:55,ID: 253,ID2: 166, Timer: 14007, RSSI: -55
2026-08-10 21:36:55,ID: 253,ID2: 166, Timer: 14014, RSSI: -57
2026-08-10 21:36:55,ID: 253,ID2: 166, Timer: 14021, RSSI: -55
2026-08-10 21:36:55,ID: 253,ID2: 166, Timer: 14035, RSSI: -57
2026-08-10 21:36:55,ID: 253,ID2: 166, Timer: 14042, RSSI: -55
2026-08-10 21:36:55,ID: 253,ID2: 166, Timer: 14049, RSSI: -55
2026-08-10 21:36:55,ID: 253,ID2: 166, Timer: 14056, RSSI: -57
2026-08-10 21:36:55,ID: 253,ID2: 166, Timer: 14063, RSSI: -55
2026-08-10 21:36:55,ID: 253,ID2: 166, Timer: 14077, RSSI: -57
2026-08-10 21:36:55,ID: 253,ID2: 166, Timer: 14084, RSSI: -55
2026-08-10 21:36:55,ID: 253,ID2: 166, Timer: 14091, RSSI: -55
2026-08-10 21:36:55,ID: 253,ID2: 166, Timer: 14098, RSSI: -57
2026-08-10 21:36:55,ID: 253,ID2: 166, Timer: 14105, RSSI: -55
2026-08-10 21:36:55,ID: 253,ID2: 166, Timer: 14112, RSSI: -55
2026-08-10 21:36:55,ID: 253,ID2: 166, Timer: 14126, RSSI: -55
2026-08-10 21:36:55,ID: 253,ID2: 166, Timer: 14154, RSSI: -55
2026-08-10 21:36:55,ID: 253,ID2: 166, Timer: 14168, RSSI: -55
2026-08-10 21:36:55,ID: 253,ID2: 166, Timer: 14203, RSSI: -57
2026-08-10 21:36:55,ID: 253,ID2: 166, Timer: 14210, RSSI: -55
2026-08-10 21:36:55,ID: 253,ID2: 166, Timer: 14238, RSSI: -55
2026-08-10 21:36:55,ID: 253,ID2: 166, Timer: 14245, RSSI: -56
2026-08-10 21:36:55,ID: 253,ID2: 166, Timer: 14252, RSSI: -54
2026-08-10 21:36:55,ID: 253,ID2: 166, Timer: 14266, RSSI: -57
2026-08-10 21:36:55,ID: 253,ID2: 166, Timer: 14273, RSSI: -55
2026-08-10 21:36:55,ID: 253,ID2: 166, Timer: 14294, RSSI: -55
2026-08-10 21:36:55,ID: 253,ID2: 166, Timer: 14308, RSSI: -57
2026-08-10 21:36:55,ID: 253,ID2: 166, Timer: 14315, RSSI: -54
2026-08-10 21:36:55,ID: 253,ID2: 166, Timer: 14329, RSSI: -57
2026-08-10 21:36:55,ID: 253,ID2: 166, Timer: 14336, RSSI: -55
2026-08-10 21:36:55,ID: 253,ID2: 166, Timer: 14336, RSSI: -55
2026-08-10 21:36:55,ID: 253,ID2: 166, Timer: 14364, RSSI: -55
2026-08-10 21:36:55,ID: 253,ID2: 166, Timer: 14371, RSSI: -57
2026-08-10 21:36:55,ID: 253,ID2: 166, Timer: 14378, RSSI: -55
2026-08-10 21:36:55,ID: 253,ID2: 166, Timer: 14385, RSSI: -55
2026-08-10 21:36:55,ID: 253,ID2: 166, Timer: 14399, RSSI: -55
2026-08-10 21:36:55,ID: 253,ID2: 166, Timer: 14406, RSSI: -55
2026-08-10 21:36:55,ID: 253,ID2: 166, Timer: 14413, RSSI: -57
2026-08-10 21:36:55,ID: 253,ID2: 166, Timer: 14420, RSSI: -54
2026-08-10 21:36:55,ID: 253,ID2: 166, Timer: 14434, RSSI: -57
2026-08-10 21:36:55,ID: 253,ID2: 166, Timer: 14448, RSSI: -55
2026-08-10 21:36:55,ID: 253,ID2: 166, Timer: 14462, RSSI: -55
2026-08-10 21:36:55,ID: 253,ID2: 166, Timer: 14504, RSSI: -54
2026-08-10 21:36:55,ID: 253,ID2: 166, Timer: 14525, RSSI: -55
2026-08-10 21:36:55,ID: 253,ID2: 166, Timer: 14546, RSSI: -55
2026-08-10 21:36:55,ID: 253,ID2: 166, Timer: 14553, RSSI: -55
2026-08-10 21:36:55,ID: 253,ID2: 166, Timer: 14560, RSSI: -56
2026-08-10 21:36:55,ID: 253,ID2: 166, Timer: 14574, RSSI: -55
2026-08-10 21:36:55,ID: 253,ID2: 166, Timer: 14588, RSSI: -54
2026-08-10 21:36:55,ID: 253,ID2: 166, Timer: 14595, RSSI: -55
2026-08-10 21:36:55,ID: 253,ID2: 166, Timer: 14609, RSSI: -55
2026-08-10 21:36:55,ID: 253,ID2: 166, Timer: 14616, RSSI: -55
2026-08-10 21:36:55,ID: 253,ID2: 166, Timer: 14630, RSSI: -54
2026-08-10 21:36:55,ID: 253,ID2: 166, Timer: 14630, RSSI: -55
2026-08-10 21:36:55,ID: 253,ID2: 166, Timer: 14672, RSSI: -55
2026-08-10 21:36:55,ID: 253,ID2: 166, Timer: 14686, RSSI: -57
2026-08-10 21:36:55,ID: 253,ID2: 166, Timer: 14707, RSSI: -57
2026-08-10 21:36:55,ID: 253,ID2: 166, Timer: 14714, RSSI: -55
2026-08-10 21:36:55,ID: 253,ID2: 166, Timer: 14721, RSSI: -55
2026-08-10 21:36:55,ID: 253,ID2: 166, Timer: 14728, RSSI: -56
2026-08-10 21:36:55,ID: 253,ID2: 166, Timer: 14756, RSSI: -54
2026-08-10 21:36:55,ID: 253,ID2: 166, Timer: 14784, RSSI: -55
2026-08-10 21:36:55,ID: 253,ID2: 166, Timer: 14798, RSSI: -54
2026-08-10 21:36:55,ID: 253,ID2: 166, Timer: 14798, RSSI: -55
2026-08-10 21:36:55,ID: 253,ID2: 166, Timer: 14826, RSSI: -55
2026-08-10 21:36:55,ID: 253,ID2: 166, Timer: 14833, RSSI: -57
2026-08-10 21:36:55,ID: 253,ID2: 166, Timer: 14840, RSSI: -54
2026-08-10 21:36:55,ID: 253,ID2: 166, Timer: 14861, RSSI: -55
2026-08-10 21:36:55,ID: 253,ID2: 166, Timer: 14882, RSSI: -54
2026-08-10 21:36:55,ID: 253,ID2: 166, Timer: 14882, RSSI: -55
2026-08-10 21:36:55,ID: 253,ID2: 166, Timer: 14889, RSSI: -55
2026-08-10 21:36:55,ID: 253,ID2: 166, Timer: 14896, RSSI: -57
2026-08-10 21:36:55,ID: 253,ID2: 166, Timer: 14903, RSSI: -54
2026-08-10 21:36:55,ID: 253,ID2: 166, Timer: 14924, RSSI: -55
2026-08-10 21:36:55,ID: 253,ID2: 166, Timer: 14945, RSSI: -55
2026-08-10 21:36:55,ID: 253,ID2: 166, Timer: 14952, RSSI: -55
2026-08-10 21:36:55,ID: 253,ID2: 166, Timer: 14966, RSSI: -55
2026-08-10 21:36:55,ID: 253,ID2: 166, Timer: 15008, RSSI: -54
2026-08-10 21:36:55,ID: 253,ID2: 166, Timer: 15015, RSSI: -55
2026-08-10 21:36:55,ID: 253,ID2: 166, Timer: 15022, RSSI: -57
2026-08-10 21:36:55,ID: 253,ID2: 166, Timer: 15036, RSSI: -55
2026-08-10 21:36:55,ID: 253,ID2: 166, Timer: 15050, RSSI: -54
2026-08-10 21:36:55,ID: 253,ID2: 166, Timer: 15092, RSSI: -55
2026-08-10 21:36:55,ID: 253,ID2: 166, Timer: 15099, RSSI: -55
2026-08-10 21:36:55,ID: 253,ID2: 166, Timer: 15120, RSSI: -55
2026-08-10 21:36:55,ID: 253,ID2: 166, Timer: 15134, RSSI: -55
2026-08-10 21:36:55,ID: 253,ID2: 166, Timer: 15148, RSSI: -57
2026-08-10 21:36:55,ID: 253,ID2: 166, Timer: 15162, RSSI: -55
2026-08-10 21:36:55,ID: 253,ID2: 166, Timer: 15176, RSSI: -54
2026-08-10 21:36:55,ID: 253,ID2: 166, Timer: 15183, RSSI: -55
2026-08-10 21:36:55,ID: 253,ID2: 166, Timer: 15190, RSSI: -57
2026-08-10 21:36:55,ID: 253,ID2: 166, Timer: 15197, RSSI: -55
2026-08-10 21:36:55,ID: 253,ID2: 166, Timer: 15211, RSSI: -57
2026-08-10 21:36:55,ID: 253,ID2: 166, Timer: 15218, RSSI: -54
2026-08-10 21:36:55,ID: 253,ID2: 166, Timer: 15232, RSSI: -57
2026-08-10 21:36:55,ID: 253,ID2: 166, Timer: 15246, RSSI: -55
2026-08-10 21:36:55,ID: 253,ID2: 166, Timer: 15260, RSSI: -54
2026-08-10 21:36:55,ID: 253,ID2: 166, Timer: 15267, RSSI: -55
2026-08-10 21:36:55,ID: 253,ID2: 166, Timer: 15295, RSSI: -57
2026-08-10 21:36:55,ID: 253,ID2: 166, Timer: 15302, RSSI: -54
2026-08-10 21:36:55,ID: 253,ID2: 166, Timer: 15309, RSSI: -55
2026-08-10 21:36:55,ID: 253,ID2: 166, Timer: 15316, RSSI: -57
2026-08-10 21:36:55,ID: 253,ID2: 166, Timer: 15323, RSSI: -55
2026-08-10 21:36:55,ID: 253,ID2: 166, Timer: 15337, RSSI: -56
2026-08-10 21:36:55,ID: 253,ID2: 166, Timer: 15344, RSSI: -55
2026-08-10 21:36:55,ID: 253,ID2: 166, Timer: 15351, RSSI: -55
2026-08-10 21:36:55,ID: 253,ID2: 166, Timer: 15358, RSSI: -57
2026-08-10 21:36:55,ID: 253,ID2: 166, Timer: 15379, RSSI: -57
2026-08-10 21:36:55,ID: 253,ID2: 166, Timer: 15386, RSSI: -55
2026-08-10 21:36:55,ID: 253,ID2: 166, Timer: 15386, RSSI: -55
2026-08-10 21:36:55,ID: 253,ID2: 166, Timer: 15414, RSSI: -55
2026-08-10 21:36:55,ID: 253,ID2: 166, Timer: 15421, RSSI: -57
2026-08-10 21:36:55,ID: 253,ID2: 166, Timer: 15428, RSSI: -55
2026-08-10 21:36:55,ID: 253,ID2: 166, Timer: 15428, RSSI: -55
2026-08-10 21:36:55,ID: 253,ID2: 166, Timer: 15449, RSSI: -55
2026-08-10 21:36:55,ID: 253,ID2: 166, Timer: 15463, RSSI: -56
2026-08-10 21:36:55,ID: 253,ID2: 166, Timer: 15470, RSSI: -55
2026-08-10 21:36:55,ID: 253,ID2: 166, Timer: 15470, RSSI: -55
2026-08-10 21:36:55,ID: 253,ID2: 166, Timer: 15491, RSSI: -55
2026-08-10 21:36:55,ID: 253,ID2: 166, Timer: 15505, RSSI: -56
2026-08-10 21:36:55,ID: 253,ID2: 166, Timer: 15512, RSSI: -55
2026-08-10 21:36:55,ID: 253,ID2: 166, Timer: 15519, RSSI: -55
2026-08-10 21:36:55,ID: 253,ID2: 166, Timer: 15540, RSSI: -55
2026-08-10 21:36:55,ID: 253,ID2: 166, Timer: 15547, RSSI: -57
2026-08-10 21:36:55,ID: 253,ID2: 166, Timer: 15554, RSSI: -54
2026-08-10 21:36:55,ID: 253,ID2: 166, Timer: 15561, RSSI: -55
2026-08-10 21:36:55,ID: 253,ID2: 166, Timer: 15596, RSSI: -55
2026-08-10 21:36:55,ID: 253,ID2: 166, Timer: 15596, RSSI: -54
2026-08-10 21:36:55,ID: 253,ID2: 166, Timer: 15610, RSSI: -57
2026-08-10 21:36:55,ID: 253,ID2: 166, Timer: 15624, RSSI: -55
2026-08-10 21:36:55,ID: 253,ID2: 166, Timer: 15631, RSSI: -56
2026-08-10 21:36:55,ID: 253,ID2: 166, Timer: 15638, RSSI: -55
2026-08-10 21:36:55,ID: 253,ID2: 166, Timer: 15645, RSSI: -55
2026-08-10 21:36:55,ID: 253,ID2: 166, Timer: 15673, RSSI: -57
2026-08-10 21:36:55,ID: 253,ID2: 166, Timer: 15680, RSSI: -55
2026-08-10 21:36:55,ID: 253,ID2: 166, Timer: 15687, RSSI: -55
2026-08-10 21:36:55,ID: 253,ID2: 166, Timer: 15722, RSSI: -55
2026-08-10 21:36:55,ID: 253,ID2: 166, Timer: 15729, RSSI: -55
2026-08-10 21:36:55,ID: 253,ID2: 166, Timer: 15736, RSSI: -57
2026-08-10 21:36:55,ID: 253,ID2: 166, Timer: 15743, RSSI: -55
2026-08-10 21:36:55,ID: 253,ID2: 166, Timer: 15757, RSSI: -57
2026-08-10 21:36:55,ID: 253,ID2: 166, Timer: 15764, RSSI: -54
2026-08-10 21:36:55,ID: 253,ID2: 166, Timer: 15771, RSSI: -55
2026-08-10 21:36:55,ID: 253,ID2: 166, Timer: 15806, RSSI: -55
2026-08-10 21:36:55,ID: 253,ID2: 166, Timer: 15813, RSSI: -55
2026-08-10 21:36:55,ID: 253,ID2: 166, Timer: 15820, RSSI: -57
2026-08-10 21:36:55,ID: 253,ID2: 166, Timer: 15827, RSSI: -54
2026-08-10 21:36:55,ID: 253,ID2: 166, Timer: 15834, RSSI: -55
2026-08-10 21:36:55,ID: 253,ID2: 166, Timer: 15848, RSSI: -55
2026-08-10 21:36:55,ID: 253,ID2: 166, Timer: 15876, RSSI: -55
2026-08-10 21:36:55,ID: 253,ID2: 166, Timer: 15883, RSSI: -57
2026-08-10 21:36:55,ID: 253,ID2: 166, Timer: 15890, RSSI: -55
2026-08-10 21:36:55,ID: 253,ID2: 166, Timer: 15897, RSSI: -55
2026-08-10 21:36:55,ID: 253,ID2: 166, Timer: 15904, RSSI: -57
2026-08-10 21:36:55,ID: 253,ID2: 166, Timer: 15932, RSSI: -55
2026-08-10 21:36:55,ID: 253,ID2: 166, Timer: 15932, RSSI: -54
2026-08-10 21:36:55,ID: 253,ID2: 166, Timer: 15939, RSSI: -55
2026-08-10 21:36:55,ID: 253,ID2: 166, Timer: 15960, RSSI: -55
2026-08-10 21:36:55,ID: 253,ID2: 166, Timer: 15967, RSSI: -57
2026-08-10 21:36:55,ID: 253,ID2: 166, Timer: 15974, RSSI: -55
2026-08-10 21:36:55,ID: 253,ID2: 166, Timer: 15981, RSSI: -55
2026-08-10 21:36:55,ID: 253,ID2: 166, Timer: 16016, RSSI: -55
2026-08-10 21:36:55,ID: 253,ID2: 166, Timer: 16023, RSSI: -55
2026-08-10 21:36:55,ID: 253,ID2: 166, Timer: 16065, RSSI: -55
2026-08-10 21:36:55,ID: 253,ID2: 166, Timer: 16093, RSSI: -57
2026-08-10 21:36:55,ID: 253,ID2: 166, Timer: 16100, RSSI: -55
2026-08-10 21:36:55,ID: 253,ID2: 166, Timer: 16107, RSSI: -55
2026-08-10 21:36:55,ID: 253,ID2: 166, Timer: 16128, RSSI: -55
2026-08-10 21:36:55,ID: 253,ID2: 166, Timer: 16135, RSSI: -57
2026-08-10 21:36:55,ID: 253,ID2: 166, Timer: 16142, RSSI: -54
2026-08-10 21:36:55,ID: 253,ID2: 166, Timer: 16177, RSSI: -57
2026-08-10 21:36:55,ID: 253,ID2: 166, Timer: 16184, RSSI: -54
2026-08-10 21:36:55,ID: 253,ID2: 166, Timer: 16191, RSSI: -55
2026-08-10 21:36:55,ID: 253,ID2: 166, Timer: 16226, RSSI: -54
2026-08-10 21:36:55,ID: 253,ID2: 166, Timer: 16226, RSSI: -55
2026-08-10 21:36:55,ID: 253,ID2: 166, Timer: 16268, RSSI: -54
2026-08-10 21:36:55,ID: 253,ID2: 166, Timer: 16282, RSSI: -57
2026-08-10 21:36:55,ID: 253,ID2: 166, Timer: 16310, RSSI: -55
2026-08-10 21:36:55,ID: 253,ID2: 166, Timer: 16310, RSSI: -55
2026-08-10 21:36:55,ID: 253,ID2: 166, Timer: 16317, RSSI: -55
2026-08-10 21:36:55,ID: 253,ID2: 166, Timer: 16324, RSSI: -56
2026-08-10 21:36:55,ID: 253,ID2: 166, Timer: 16331, RSSI: -55
2026-08-10 21:36:55,ID: 253,ID2: 166, Timer: 16345, RSSI: -56
2026-08-10 21:36:55,ID: 253,ID2: 166, Timer: 16352, RSSI: -54
2026-08-10 21:36:55,ID: 253,ID2: 166, Timer: 16366, RSSI: -56
2026-08-10 21:36:55,ID: 253,ID2: 166, Timer: 16380, RSSI: -55
2026-08-10 21:36:55,ID: 253,ID2: 166, Timer: 16387, RSSI: -57
2026-08-10 21:36:55,ID: 253,ID2: 166, Timer: 16394, RSSI: -55
2026-08-10 21:36:55,ID: 253,ID2: 166, Timer: 16422, RSSI: -55
2026-08-10 21:36:55,ID: 253,ID2: 166, Timer: 16429, RSSI: -57
2026-08-10 21:36:55,ID: 253,ID2: 166, Timer: 16436, RSSI: -54
2026-08-10 21:36:55,ID: 253,ID2: 166, Timer: 16450, RSSI: -57
2026-08-10 21:36:55,ID: 253,ID2: 166, Timer: 16457, RSSI: -55
2026-08-10 21:36:55,ID: 253,ID2: 166, Timer: 16464, RSSI: -55
2026-08-10 21:36:55,ID: 253,ID2: 166, Timer: 16478, RSSI: -55
2026-08-10 21:36:55,ID: 253,ID2: 166, Timer: 16485, RSSI: -55
2026-08-10 21:36:55,ID: 253,ID2: 166, Timer: 16492, RSSI: -57
2026-08-10 21:36:55,ID: 253,ID2: 166, Timer: 16506, RSSI: -55
2026-08-10 21:36:55,ID: 253,ID2: 166, Timer: 16520, RSSI: -55
2026-08-10 21:36:55,ID: 253,ID2: 166, Timer: 16520, RSSI: -55
2026-08-10 21:36:55,ID: 253,ID2: 166, Timer: 16534, RSSI: -57
2026-08-10 21:36:55,ID: 253,ID2: 166, Timer: 16555, RSSI: -57
2026-08-10 21:36:55,ID: 253,ID2: 166, Timer: 16562, RSSI: -55
2026-08-10 21:36:55,ID: 253,ID2: 166, Timer: 16604, RSSI: -55
2026-08-10 21:36:55,ID: 253,ID2: 166, Timer: 16632, RSSI: -55
2026-08-10 21:36:55,ID: 253,ID2: 166, Timer: 16646, RSSI: -55
2026-08-10 21:36:55,ID: 253,ID2: 166, Timer: 16646, RSSI: -55
2026-08-10 21:36:55,ID: 253,ID2: 166, Timer: 16688, RSSI: -55
2026-08-10 21:36:55,ID: 253,ID2: 166, Timer: 16688, RSSI: -54
2026-08-10 21:36:55,ID: 253,ID2: 166, Timer: 16730, RSSI: -55
2026-08-10 21:36:55,ID: 253,ID2: 166, Timer: 16730, RSSI: -55
2026-08-10 21:36:55,ID: 253,ID2: 166, Timer: 16737, RSSI: -55
2026-08-10 21:36:55,ID: 253,ID2: 166, Timer: 16772, RSSI: -55
2026-08-10 21:36:55,ID: 253,ID2: 166, Timer: 16779, RSSI: -55
2026-08-10 21:36:55,ID: 253,ID2: 166, Timer: 16793, RSSI: -54
2026-08-10 21:36:55,ID: 253,ID2: 166, Timer: 16800, RSSI: -55
2026-08-10 21:36:55,ID: 253,ID2: 166, Timer: 16814, RSSI: -55
2026-08-10 21:36:55,ID: 253,ID2: 166, Timer: 16814, RSSI: -55
2026-08-10 21:36:55,ID: 253,ID2: 166, Timer: 16842, RSSI: -55
2026-08-10 21:36:55,ID: 253,ID2: 166, Timer: 16849, RSSI: -56
2026-08-10 21:36:55,ID: 253,ID2: 166, Timer: 16856, RSSI: -55
2026-08-10 21:36:55,ID: 253,ID2: 166, Timer: 16884, RSSI: -55
2026-08-10 21:36:55,ID: 253,ID2: 166, Timer: 16891, RSSI: -57
2026-08-10 21:36:55,ID: 253,ID2: 166, Timer: 16898, RSSI: -54
2026-08-10 21:36:55,ID: 253,ID2: 166, Timer: 16919, RSSI: -55
2026-08-10 21:36:55,ID: 253,ID2: 166, Timer: 16926, RSSI: -55
2026-08-10 21:36:55,ID: 253,ID2: 166, Timer: 16940, RSSI: -54
2026-08-10 21:36:55,ID: 253,ID2: 166, Timer: 16947, RSSI: -55
2026-08-10 21:36:55,ID: 253,ID2: 166, Timer: 16954, RSSI: -56
2026-08-10 21:36:55,ID: 253,ID2: 166, Timer: 16961, RSSI: -55
2026-08-10 21:36:55,ID: 253,ID2: 166, Timer: 16975, RSSI: -57
2026-08-10 21:36:55,ID: 253,ID2: 166, Timer: 16982, RSSI: -54
2026-08-10 21:36:55,ID: 253,ID2: 166, Timer: 16982, RSSI: -55
2026-08-10 21:36:55,ID: 253,ID2: 166, Timer: 16989, RSSI: -55
2026-08-10 21:36:55,ID: 253,ID2: 166, Timer: 17003, RSSI: -55
2026-08-10 21:36:55,ID: 253,ID2: 166, Timer: 17010, RSSI: -55
2026-08-10 21:36:55,ID: 253,ID2: 166, Timer: 17017, RSSI: -57
2026-08-10 21:36:55,ID: 253,ID2: 166, Timer: 17024, RSSI: -55
2026-08-10 21:36:55,ID: 253,ID2: 166, Timer: 17031, RSSI: -55
2026-08-10 21:36:55,ID: 253,ID2: 166, Timer: 17052, RSSI: -55
2026-08-10 21:36:55,ID: 253,ID2: 166, Timer: 17059, RSSI: -56
2026-08-10 21:36:55,ID: 253,ID2: 166, Timer: 17066, RSSI: -55
2026-08-10 21:36:55,ID: 253,ID2: 166, Timer: 17108, RSSI: -54
2026-08-10 21:36:55,ID: 253,ID2: 166, Timer: 17108, RSSI: -54
2026-08-10 21:36:55,ID: 253,ID2: 166, Timer: 17122, RSSI: -57
2026-08-10 21:36:55,ID: 253,ID2: 166, Timer: 17143, RSSI: -57
2026-08-10 21:36:55,ID: 253,ID2: 166, Timer: 17150, RSSI: -54
2026-08-10 21:36:55,ID: 253,ID2: 166, Timer: 17185, RSSI: -57
2026-08-10 21:36:55,ID: 253,ID2: 166, Timer: 17192, RSSI: -55
2026-08-10 21:36:55,ID: 253,ID2: 166, Timer: 17234, RSSI: -54
2026-08-10 21:36:55,ID: 253,ID2: 166, Timer: 17241, RSSI: -55
2026-08-10 21:36:55,ID: 253,ID2: 166, Timer: 17262, RSSI: -55
2026-08-10 21:36:55,ID: 253,ID2: 166, Timer: 17276, RSSI: -55
2026-08-10 21:36:55,ID: 253,ID2: 166, Timer: 17290, RSSI: -56
2026-08-10 21:36:55,ID: 253,ID2: 166, Timer: 17311, RSSI: -56
2026-08-10 21:36:55,ID: 253,ID2: 166, Timer: 17318, RSSI: -55
2026-08-10 21:36:55,ID: 253,ID2: 166, Timer: 17318, RSSI: -54
2026-08-10 21:36:55,ID: 253,ID2: 166, Timer: 17325, RSSI: -55
2026-08-10 21:36:55,ID: 253,ID2: 166, Timer: 17339, RSSI: -55
2026-08-10 21:36:55,ID: 253,ID2: 166, Timer: 17346, RSSI: -55
2026-08-10 21:36:55,ID: 253,ID2: 166, Timer: 17353, RSSI: -57
2026-08-10 21:36:55,ID: 253,ID2: 166, Timer: 17360, RSSI: -55
2026-08-10 21:36:55,ID: 253,ID2: 166, Timer: 17367, RSSI: -55
2026-08-10 21:36:55,ID: 253,ID2: 166, Timer: 17374, RSSI: -57
2026-08-10 21:36:55,ID: 253,ID2: 166, Timer: 17388, RSSI: -55
2026-08-10 21:36:55,ID: 253,ID2: 166, Timer: 17402, RSSI: -55
2026-08-10 21:36:55,ID: 253,ID2: 166, Timer: 17402, RSSI: -55
2026-08-10 21:36:55,ID: 253,ID2: 166, Timer: 17409, RSSI: -55
2026-08-10 21:36:55,ID: 253,ID2: 166, Timer: 17444, RSSI: -54
2026-08-10 21:36:55,ID: 253,ID2: 166, Timer: 17444, RSSI: -54
2026-08-10 21:36:55,ID: 253,ID2: 166, Timer: 17451, RSSI: -55
2026-08-10 21:36:55,ID: 253,ID2: 166, Timer: 17472, RSSI: -55
2026-08-10 21:36:55,ID: 253,ID2: 166, Timer: 17479, RSSI: -57
2026-08-10 21:36:55,ID: 253,ID2: 166, Timer: 17486, RSSI: -55
2026-08-10 21:36:55,ID: 253,ID2: 166, Timer: 17486, RSSI: -55
2026-08-10 21:36:55,ID: 253,ID2: 166, Timer: 17493, RSSI: -55
2026-08-10 21:36:55,ID: 253,ID2: 166, Timer: 17507, RSSI: -54
2026-08-10 21:36:55,ID: 253,ID2: 166, Timer: 17528, RSSI: -55
2026-08-10 21:36:55,ID: 253,ID2: 166, Timer: 17535, RSSI: -55
2026-08-10 21:36:55,ID: 253,ID2: 166, Timer: 17549, RSSI: -55
2026-08-10 21:36:55,ID: 253,ID2: 166, Timer: 17570, RSSI: -55
2026-08-10 21:36:55,ID: 253,ID2: 166, Timer: 17605, RSSI: -57
2026-08-10 21:36:55,ID: 253,ID2: 166, Timer: 17612, RSSI: -55
2026-08-10 21:36:55,ID: 253,ID2: 166, Timer: 17626, RSSI: -57
2026-08-10 21:36:55,ID: 253,ID2: 166, Timer: 17640, RSSI: -55
2026-08-10 21:36:55,ID: 253,ID2: 166, Timer: 17654, RSSI: -55
2026-08-10 21:36:55,ID: 253,ID2: 166, Timer: 17696, RSSI: -55
2026-08-10 21:36:55,ID: 253,ID2: 166, Timer: 17710, RSSI: -56
2026-08-10 21:36:55,ID: 253,ID2: 166, Timer: 17738, RSSI: -55
2026-08-10 21:36:55,ID: 253,ID2: 166, Timer: 17759, RSSI: -55
2026-08-10 21:36:55,ID: 253,ID2: 166, Timer: 17780, RSSI: -55
2026-08-10 21:36:55,ID: 253,ID2: 166, Timer: 17794, RSSI: -57
2026-08-10 21:36:55,ID: 253,ID2: 166, Timer: 17808, RSSI: -55
2026-08-10 21:36:55,ID: 253,ID2: 166, Timer: 17815, RSSI: -56
2026-08-10 21:36:55,ID: 253,ID2: 166, Timer: 17822, RSSI: -55
2026-08-10 21:36:55,ID: 253,ID2: 166, Timer: 17822, RSSI: -54
2026-08-10 21:36:55,ID: 253,ID2: 166, Timer: 17836, RSSI: -56
2026-08-10 21:36:55,ID: 253,ID2: 166, Timer: 17850, RSSI: -55
2026-08-10 21:36:55,ID: 253,ID2: 166, Timer: 17864, RSSI: -55
2026-08-10 21:36:55,ID: 253,ID2: 166, Timer: 17878, RSSI: -56
2026-08-10 21:36:55,ID: 253,ID2: 166, Timer: 17906, RSSI: -55
2026-08-10 21:36:55,ID: 253,ID2: 166, Timer: 17920, RSSI: -57
2026-08-10 21:36:55,ID: 253,ID2: 166, Timer: 17934, RSSI: -55
2026-08-10 21:36:55,ID: 253,ID2: 166, Timer: 17948, RSSI: -55
2026-08-10 21:36:55,ID: 253,ID2: 166, Timer: 17962, RSSI: -57
2026-08-10 21:36:55,ID: 253,ID2: 166, Timer: 17969, RSSI: -55
2026-08-10 21:36:55,ID: 253,ID2: 166, Timer: 17983, RSSI: -56
2026-08-10 21:36:55,ID: 253,ID2: 166, Timer: 17990, RSSI: -55
2026-08-10 21:36:55,ID: 253,ID2: 166, Timer: 18032, RSSI: -55
2026-08-10 21:36:55,ID: 253,ID2: 166, Timer: 18039, RSSI: -55
2026-08-10 21:36:55,ID: 253,ID2: 166, Timer: 18046, RSSI: -57
2026-08-10 21:36:55,ID: 253,ID2: 166, Timer: 18060, RSSI: -55
2026-08-10 21:36:55,ID: 253,ID2: 166, Timer: 18074, RSSI: -55
2026-08-10 21:36:55,ID: 253,ID2: 166, Timer: 18081, RSSI: -55
2026-08-10 21:36:55,ID: 253,ID2: 166, Timer: 18088, RSSI: -57
2026-08-10 21:36:55,ID: 253,ID2: 166, Timer: 18095, RSSI: -55
2026-08-10 21:36:55,ID: 253,ID2: 166, Timer: 18137, RSSI: -55
2026-08-10 21:36:55,ID: 253,ID2: 166, Timer: 18144, RSSI: -55
2026-08-10 21:36:55,ID: 253,ID2: 166, Timer: 18158, RSSI: -55
2026-08-10 21:36:55,ID: 253,ID2: 166, Timer: 18158, RSSI: -55
2026-08-10 21:36:55,ID: 253,ID2: 166, Timer: 18165, RSSI: -55
2026-08-10 21:36:55,ID: 253,ID2: 166, Timer: 18179, RSSI: -55
2026-08-10 21:36:55,ID: 253,ID2: 166, Timer: 18193, RSSI: -56
2026-08-10 21:36:55,ID: 253,ID2: 166, Timer: 18200, RSSI: -55
2026-08-10 21:36:55,ID: 253,ID2: 166, Timer: 18249, RSSI: -55
2026-08-10 21:36:55,ID: 253,ID2: 166, Timer: 18256, RSSI: -57
2026-08-10 21:36:55,ID: 253,ID2: 166, Timer: 18284, RSSI: -55
2026-08-10 21:36:55,ID: 253,ID2: 166, Timer: 18284, RSSI: -55
2026-08-10 21:36:55,ID: 253,ID2: 166, Timer: 18298, RSSI: -56
2026-08-10 21:36:55,ID: 253,ID2: 166, Timer: 18305, RSSI: -55
2026-08-10 21:36:55,ID: 253,ID2: 166, Timer: 18326, RSSI: -55
2026-08-10 21:36:55,ID: 253,ID2: 166, Timer: 18333, RSSI: -55
2026-08-10 21:36:55,ID: 253,ID2: 166, Timer: 18368, RSSI: -55
2026-08-10 21:36:55,ID: 253,ID2: 166, Timer: 18368, RSSI: -55
2026-08-10 21:36:55,ID: 253,ID2: 166, Timer: 18375, RSSI: -55
2026-08-10 21:36:55,ID: 253,ID2: 166, Timer: 18382, RSSI: -57
2026-08-10 21:36:55,ID: 253,ID2: 166, Timer: 18410, RSSI: -55
2026-08-10 21:36:55,ID: 253,ID2: 166, Timer: 18410, RSSI: -55
2026-08-10 21:36:55,ID: 253,ID2: 166, Timer: 18417, RSSI: -55
2026-08-10 21:36:55,ID: 253,ID2: 166, Timer: 18438, RSSI: -55
2026-08-10 21:36:55,ID: 253,ID2: 166, Timer: 18445, RSSI: -57
2026-08-10 21:36:55,ID: 253,ID2: 166, Timer: 18452, RSSI: -55
2026-08-10 21:36:55,ID: 253,ID2: 166, Timer: 18459, RSSI: -55
2026-08-10 21:36:55,ID: 253,ID2: 166, Timer: 18466, RSSI: -56
2026-08-10 21:36:55,ID: 253,ID2: 166, Timer: 18473, RSSI: -55
2026-08-10 21:36:55,ID: 253,ID2: 166, Timer: 18487, RSSI: -56
2026-08-10 21:36:55,ID: 253,ID2: 166, Timer: 18494, RSSI: -55
2026-08-10 21:36:55,ID: 253,ID2: 166, Timer: 18501, RSSI: -55
2026-08-10 21:36:55,ID: 253,ID2: 166, Timer: 18508, RSSI: -57
2026-08-10 21:36:55,ID: 253,ID2: 166, Timer: 18515, RSSI: -55
2026-08-10 21:36:55,ID: 253,ID2: 166, Timer: 18536, RSSI: -55
2026-08-10 21:36:55,ID: 253,ID2: 166, Timer: 18543, RSSI: -55
2026-08-10 21:36:55,ID: 253,ID2: 166, Timer: 18557, RSSI: -55
2026-08-10 21:36:55,ID: 253,ID2: 166, Timer: 18564, RSSI: -55
2026-08-10 21:36:55,ID: 253,ID2: 166, Timer: 18578, RSSI: -55
2026-08-10 21:36:55,ID: 253,ID2: 166, Timer: 18578, RSSI: -55
2026-08-10 21:36:55,ID: 253,ID2: 166, Timer: 18606, RSSI: -55
2026-08-10 21:36:55,ID: 253,ID2: 166, Timer: 18620, RSSI: -55
2026-08-10 21:36:55,ID: 253,ID2: 166, Timer: 18620, RSSI: -55
2026-08-10 21:36:55,ID: 253,ID2: 166, Timer: 18627, RSSI: -55
2026-08-10 21:36:55,ID: 253,ID2: 166, Timer: 18641, RSSI: -55
2026-08-10 21:36:55,ID: 253,ID2: 166, Timer: 18648, RSSI: -55
2026-08-10 21:36:55,ID: 253,ID2: 166, Timer: 18655, RSSI: -56
2026-08-10 21:36:55,ID: 253,ID2: 166, Timer: 18662, RSSI: -55
2026-08-10 21:36:55,ID: 253,ID2: 166, Timer: 18662, RSSI: -55
2026-08-10 21:36:55,ID: 253,ID2: 166, Timer: 18669, RSSI: -55
2026-08-10 21:36:55,ID: 253,ID2: 166, Timer: 18683, RSSI: -54
2026-08-10 21:36:55,ID: 253,ID2: 166, Timer: 18690, RSSI: -55
2026-08-10 21:36:55,ID: 253,ID2: 166, Timer: 18704, RSSI: -55
2026-08-10 21:36:55,ID: 253,ID2: 166, Timer: 18718, RSSI: -56
2026-08-10 21:36:55,ID: 253,ID2: 166, Timer: 18746, RSSI: -55
2026-08-10 21:36:55,ID: 253,ID2: 166, Timer: 18753, RSSI: -55
2026-08-10 21:36:55,ID: 253,ID2: 166, Timer: 18760, RSSI: -57
2026-08-10 21:36:55,ID: 253,ID2: 166, Timer: 18788, RSSI: -55
2026-08-10 21:36:55,ID: 253,ID2: 166, Timer: 18809, RSSI: -55
2026-08-10 21:36:55,ID: 253,ID2: 166, Timer: 18830, RSSI: -55
2026-08-10 21:36:55,ID: 253,ID2: 166, Timer: 18837, RSSI: -55
2026-08-10 21:36:55,ID: 253,ID2: 166, Timer: 18865, RSSI: -56
2026-08-10 21:36:55,ID: 253,ID2: 166, Timer: 18872, RSSI: -55
2026-08-10 21:36:55,ID: 253,ID2: 166, Timer: 18907, RSSI: -56
2026-08-10 21:36:55,ID: 253,ID2: 166, Timer: 18914, RSSI: -55
2026-08-10 21:36:55,ID: 253,ID2: 166, Timer: 18914, RSSI: -55
2026-08-10 21:36:55,ID: 253,ID2: 166, Timer: 18921, RSSI: -55
2026-08-10 21:36:55,ID: 253,ID2: 166, Timer: 18935, RSSI: -55
2026-08-10 21:36:55,ID: 253,ID2: 166, Timer: 18956, RSSI: -55
2026-08-10 21:36:55,ID: 253,ID2: 166, Timer: 18963, RSSI: -55
2026-08-10 21:36:55,ID: 253,ID2: 166, Timer: 18970, RSSI: -56
2026-08-10 21:36:55,ID: 253,ID2: 166, Timer: 18998, RSSI: -55
2026-08-10 21:36:55,ID: 253,ID2: 166, Timer: 18998, RSSI: -54
2026-08-10 21:36:55,ID: 253,ID2: 166, Timer: 19005, RSSI: -55
2026-08-10 21:36:55,ID: 253,ID2: 166, Timer: 19033, RSSI: -57
2026-08-10 21:36:55,ID: 253,ID2: 166, Timer: 19040, RSSI: -55
2026-08-10 21:36:55,ID: 253,ID2: 166, Timer: 19047, RSSI: -55
2026-08-10 21:36:55,ID: 253,ID2: 166, Timer: 19054, RSSI: -56
2026-08-10 21:36:55,ID: 253,ID2: 166, Timer: 19075, RSSI: -56
2026-08-10 21:36:55,ID: 253,ID2: 166, Timer: 19082, RSSI: -55
2026-08-10 21:36:55,ID: 253,ID2: 166, Timer: 19096, RSSI: -56
2026-08-10 21:36:55,ID: 253,ID2: 166, Timer: 19124, RSSI: -55
2026-08-10 21:36:55,ID: 253,ID2: 166, Timer: 19131, RSSI: -55
2026-08-10 21:36:55,ID: 253,ID2: 166, Timer: 19138, RSSI: -57
2026-08-10 21:36:55,ID: 253,ID2: 166, Timer: 19152, RSSI: -55
2026-08-10 21:36:55,ID: 253,ID2: 166, Timer: 19166, RSSI: -55
2026-08-10 21:36:55,ID: 253,ID2: 166, Timer: 19166, RSSI: -55
2026-08-10 21:36:55,ID: 253,ID2: 166, Timer: 19173, RSSI: -55
2026-08-10 21:36:55,ID: 253,ID2: 166, Timer: 19201, RSSI: -56
2026-08-10 21:36:55,ID: 253,ID2: 166, Timer: 19208, RSSI: -55
2026-08-10 21:36:55,ID: 253,ID2: 166, Timer: 19229, RSSI: -55
2026-08-10 21:36:55,ID: 253,ID2: 166, Timer: 19250, RSSI: -55
2026-08-10 21:36:55,ID: 253,ID2: 166, Timer: 19257, RSSI: -55
2026-08-10 21:36:55,ID: 253,ID2: 166, Timer: 19285, RSSI: -56
2026-08-10 21:36:55,ID: 253,ID2: 166, Timer: 19292, RSSI: -55
2026-08-10 21:36:55,ID: 253,ID2: 166, Timer: 19292, RSSI: -55
2026-08-10 21:36:55,ID: 253,ID2: 166, Timer: 19299, RSSI: -55
2026-08-10 21:36:55,ID: 253,ID2: 166, Timer: 19306, RSSI: -56
2026-08-10 21:36:55,ID: 253,ID2: 166, Timer: 19334, RSSI: -55
2026-08-10 21:36:55,ID: 253,ID2: 166, Timer: 19341, RSSI: -55
2026-08-10 21:36:55,ID: 253,ID2: 166, Timer: 19348, RSSI: -57
2026-08-10 21:36:55,ID: 253,ID2: 166, Timer: 19362, RSSI: -55
2026-08-10 21:36:55,ID: 253,ID2: 166, Timer: 19376, RSSI: -55
2026-08-10 21:36:55,ID: 253,ID2: 166, Timer: 19376, RSSI: -55
2026-08-10 21:36:55,ID: 253,ID2: 166, Timer: 19411, RSSI: -57
2026-08-10 21:36:55,ID: 253,ID2: 166, Timer: 19418, RSSI: -55
2026-08-10 21:36:55,ID: 253,ID2: 166, Timer: 19425, RSSI: -55
2026-08-10 21:36:55,ID: 253,ID2: 166, Timer: 19432, RSSI: -56
2026-08-10 21:36:55,ID: 253,ID2: 166, Timer: 19439, RSSI: -55
2026-08-10 21:36:55,ID: 253,ID2: 166, Timer: 19460, RSSI: -55
2026-08-10 21:36:55,ID: 253,ID2: 166, Timer: 19467, RSSI: -55
2026-08-10 21:36:55,ID: 253,ID2: 166, Timer: 19481, RSSI: -55
2026-08-10 21:36:55,ID: 253,ID2: 166, Timer: 19488, RSSI: -55
2026-08-10 21:36:55,ID: 253,ID2: 166, Timer: 19502, RSSI: -55
2026-08-10 21:36:55,ID: 253,ID2: 166, Timer: 19516, RSSI: -57
2026-08-10 21:36:55,ID: 253,ID2: 166, Timer: 19523, RSSI: -55
2026-08-10 21:36:55,ID: 253,ID2: 166, Timer: 19530, RSSI: -55
2026-08-10 21:36:55,ID: 253,ID2: 166, Timer: 19537, RSSI: -57
2026-08-10 21:36:55,ID: 253,ID2: 166, Timer: 19544, RSSI: -55
2026-08-10 21:36:55,ID: 253,ID2: 166, Timer: 19579, RSSI: -57
2026-08-10 21:36:55,ID: 253,ID2: 166, Timer: 19586, RSSI: -55
2026-08-10 21:36:55,ID: 253,ID2: 166, Timer: 19607, RSSI: -55
2026-08-10 21:36:55,ID: 253,ID2: 166, Timer: 19621, RSSI: -57
2026-08-10 21:36:55,ID: 253,ID2: 166, Timer: 19628, RSSI: -55
2026-08-10 21:36:55,ID: 253,ID2: 166, Timer: 19635, RSSI: -55
2026-08-10 21:36:55,ID: 253,ID2: 166, Timer: 19642, RSSI: -56
2026-08-10 21:36:55,ID: 253,ID2: 166, Timer: 19656, RSSI: -55
2026-08-10 21:36:55,ID: 253,ID2: 166, Timer: 19670, RSSI: -55
2026-08-10 21:36:55,ID: 253,ID2: 166, Timer: 19677, RSSI: -55
2026-08-10 21:36:55,ID: 253,ID2: 166, Timer: 19684, RSSI: -57
2026-08-10 21:36:55,ID: 253,ID2: 166, Timer: 19698, RSSI: -55
2026-08-10 21:36:55,ID: 253,ID2: 166, Timer: 19705, RSSI: -57
2026-08-10 21:36:55,ID: 253,ID2: 166, Timer: 19712, RSSI: -55
2026-08-10 21:36:55,ID: 253,ID2: 166, Timer: 19712, RSSI: -55
2026-08-10 21:36:55,ID: 253,ID2: 166, Timer: 19719, RSSI: -55
2026-08-10 21:36:55,ID: 253,ID2: 166, Timer: 19733, RSSI: -55
2026-08-10 21:36:55,ID: 253,ID2: 166, Timer: 19754, RSSI: -54
2026-08-10 21:36:55,ID: 253,ID2: 166, Timer: 19768, RSSI: -56
2026-08-10 21:36:55,ID: 253,ID2: 166, Timer: 19796, RSSI: -55
2026-08-10 21:36:55,ID: 253,ID2: 166, Timer: 19817, RSSI: -55
2026-08-10 21:36:55,ID: 253,ID2: 166, Timer: 19824, RSSI: -55
2026-08-10 21:36:55,ID: 253,ID2: 166, Timer: 19831, RSSI: -57
2026-08-10 21:36:55,ID: 253,ID2: 166, Timer: 19838, RSSI: -55
2026-08-10 21:36:55,ID: 253,ID2: 166, Timer: 19859, RSSI: -55
2026-08-10 21:36:55,ID: 253,ID2: 166, Timer: 19873, RSSI: -57
2026-08-10 21:36:55,ID: 253,ID2: 166, Timer: 19880, RSSI: -54
2026-08-10 21:36:55,ID: 253,ID2: 166, Timer: 19880, RSSI: -54
2026-08-10 21:36:55,ID: 253,ID2: 166, Timer: 19887, RSSI: -55
2026-08-10 21:36:55,ID: 253,ID2: 166, Timer: 19901, RSSI: -54
2026-08-10 21:36:55,ID: 253,ID2: 166, Timer: 19908, RSSI: -55
2026-08-10 21:36:55,ID: 253,ID2: 166, Timer: 19922, RSSI: -55
2026-08-10 21:36:55,ID: 253,ID2: 166, Timer: 19929, RSSI: -55
2026-08-10 21:36:55,ID: 253,ID2: 166, Timer: 19936, RSSI: -57
2026-08-10 21:36:55,ID: 253,ID2: 166, Timer: 19943, RSSI: -54
2026-08-10 21:36:55,ID: 253,ID2: 166, Timer: 19957, RSSI: -57
2026-08-10 21:36:55,ID: 253,ID2: 166, Timer: 19964, RSSI: -55
2026-08-10 21:36:55,ID: 253,ID2: 166, Timer: 19964, RSSI: -55
2026-08-10 21:36:55,ID: 253,ID2: 166, Timer: 19999, RSSI: -57
2026-08-10 21:36:55,ID: 253,ID2: 166, Timer: 20006, RSSI: -55
2026-08-10 21:36:55,ID: 253,ID2: 166, Timer: 20006, RSSI: -55
2026-08-10 21:36:55,ID: 253,ID2: 166, Timer: 20020, RSSI: -57
2026-08-10 21:36:55,ID: 253,ID2: 166, Timer: 20027, RSSI: -55
2026-08-10 21:36:55,ID: 253,ID2: 166, Timer: 20048, RSSI: -55
2026-08-10 21:36:55,ID: 253,ID2: 166, Timer: 20090, RSSI: -55
2026-08-10 21:36:55,ID: 253,ID2: 166, Timer: 20104, RSSI: -57
2026-08-10 21:36:55,ID: 253,ID2: 166, Timer: 20111, RSSI: -55
2026-08-10 21:36:55,ID: 253,ID2: 166, Timer: 20118, RSSI: -55
2026-08-10 21:36:55,ID: 253,ID2: 166, Timer: 20132, RSSI: -55
2026-08-10 21:36:55,ID: 253,ID2: 166, Timer: 20139, RSSI: -55
2026-08-10 21:36:55,ID: 253,ID2: 166, Timer: 20160, RSSI: -55
2026-08-10 21:36:55,ID: 253,ID2: 166, Timer: 20167, RSSI: -57
2026-08-10 21:36:55,ID: 253,ID2: 166, Timer: 20174, RSSI: -55
2026-08-10 21:36:55,ID: 253,ID2: 166, Timer: 20181, RSSI: -55
2026-08-10 21:36:55,ID: 253,ID2: 166, Timer: 20188, RSSI: -57
2026-08-10 21:36:55,ID: 253,ID2: 166, Timer: 20209, RSSI: -57
2026-08-10 21:36:55,ID: 253,ID2: 166, Timer: 20216, RSSI: -54
2026-08-10 21:36:55,ID: 253,ID2: 166, Timer: 20223, RSSI: -55
2026-08-10 21:36:55,ID: 253,ID2: 166, Timer: 20258, RSSI: -54
2026-08-10 21:36:55,ID: 253,ID2: 166, Timer: 20293, RSSI: -57
2026-08-10 21:36:55,ID: 253,ID2: 166, Timer: 20307, RSSI: -55
2026-08-10 21:36:55,ID: 253,ID2: 166, Timer: 20328, RSSI: -55
2026-08-10 21:36:55,ID: 253,ID2: 166, Timer: 20335, RSSI: -57
2026-08-10 21:36:55,ID: 253,ID2: 166, Timer: 20342, RSSI: -54
2026-08-10 21:36:55,ID: 253,ID2: 166, Timer: 20349, RSSI: -55
2026-08-10 21:36:55,ID: 253,ID2: 166, Timer: 20363, RSSI: -55
2026-08-10 21:36:55,ID: 253,ID2: 166, Timer: 20370, RSSI: -55
2026-08-10 21:36:55,ID: 253,ID2: 166, Timer: 20377, RSSI: -57
2026-08-10 21:36:55,ID: 253,ID2: 166, Timer: 20384, RSSI: -55
2026-08-10 21:36:55,ID: 253,ID2: 166, Timer: 20398, RSSI: -57
2026-08-10 21:36:55,ID: 253,ID2: 166, Timer: 20405, RSSI: -55
2026-08-10 21:36:55,ID: 253,ID2: 166, Timer: 20412, RSSI: -55
2026-08-10 21:36:55,ID: 253,ID2: 166, Timer: 20426, RSSI: -55
2026-08-10 21:36:55,ID: 253,ID2: 166, Timer: 20433, RSSI: -55
2026-08-10 21:36:55,ID: 253,ID2: 166, Timer: 20447, RSSI: -54
2026-08-10 21:36:55,ID: 253,ID2: 166, Timer: 20461, RSSI: -57
2026-08-10 21:36:55,ID: 253,ID2: 166, Timer: 20468, RSSI: -55
2026-08-10 21:36:55,ID: 253,ID2: 166, Timer: 20482, RSSI: -56
2026-08-10 21:36:55,ID: 253,ID2: 166, Timer: 20510, RSSI: -55
2026-08-10 21:36:55,ID: 253,ID2: 166, Timer: 20510, RSSI: -55
2026-08-10 21:36:55,ID: 253,ID2: 166, Timer: 20517, RSSI: -55
2026-08-10 21:36:55,ID: 253,ID2: 166, Timer: 20538, RSSI: -55
2026-08-10 21:36:55,ID: 253,ID2: 166, Timer: 20552, RSSI: -54
2026-08-10 21:36:55,ID: 253,ID2: 166, Timer: 20566, RSSI: -57
2026-08-10 21:36:55,ID: 253,ID2: 166, Timer: 20594, RSSI: -55
2026-08-10 21:36:55,ID: 253,ID2: 166, Timer: 20594, RSSI: -55
2026-08-10 21:36:55,ID: 253,ID2: 166, Timer: 20601, RSSI: -55
2026-08-10 21:36:55,ID: 253,ID2: 166, Timer: 20608, RSSI: -57
2026-08-10 21:36:55,ID: 253,ID2: 166, Timer: 20622, RSSI: -55
2026-08-10 21:36:55,ID: 253,ID2: 166, Timer: 20636, RSSI: -55
2026-08-10 21:36:55,ID: 253,ID2: 166, Timer: 20650, RSSI: -57
2026-08-10 21:36:55,ID: 253,ID2: 166, Timer: 20678, RSSI: -55
2026-08-10 21:36:55,ID: 253,ID2: 166, Timer: 20720, RSSI: -55
2026-08-10 21:36:55,ID: 253,ID2: 166, Timer: 20720, RSSI: -55
2026-08-10 21:36:55,ID: 253,ID2: 166, Timer: 20727, RSSI: -55
2026-08-10 21:36:55,ID: 253,ID2: 166, Timer: 20734, RSSI: -57
2026-08-10 21:36:55,ID: 253,ID2: 166, Timer: 20741, RSSI: -55
2026-08-10 21:36:55,ID: 253,ID2: 166, Timer: 20762, RSSI: -55
2026-08-10 21:36:55,ID: 253,ID2: 166, Timer: 20790, RSSI: -55
2026-08-10 21:36:55,ID: 253,ID2: 166, Timer: 20804, RSSI: -55
2026-08-10 21:36:55,ID: 253,ID2: 166, Timer: 20811, RSSI: -55
2026-08-10 21:36:55,ID: 253,ID2: 166, Timer: 20818, RSSI: -57
2026-08-10 21:36:55,ID: 253,ID2: 166, Timer: 20846, RSSI: -54
2026-08-10 21:36:55,ID: 253,ID2: 166, Timer: 20853, RSSI: -55
2026-08-10 21:36:55,ID: 253,ID2: 166, Timer: 20867, RSSI: -54
2026-08-10 21:36:55,ID: 253,ID2: 166, Timer: 20888, RSSI: -55
2026-08-10 21:36:55,ID: 253,ID2: 166, Timer: 20895, RSSI: -55
2026-08-10 21:36:55,ID: 253,ID2: 166, Timer: 20902, RSSI: -57
2026-08-10 21:36:55,ID: 253,ID2: 166, Timer: 20909, RSSI: -55
2026-08-10 21:36:55,ID: 253,ID2: 166, Timer: 20923, RSSI: -57
2026-08-10 21:36:55,ID: 253,ID2: 166, Timer: 20930, RSSI: -55
2026-08-10 21:36:55,ID: 253,ID2: 166, Timer: 20944, RSSI: -57
2026-08-10 21:36:55,ID: 253,ID2: 166, Timer: 20958, RSSI: -55
2026-08-10 21:36:55,ID: 253,ID2: 166, Timer: 20965, RSSI: -57
2026-08-10 21:36:55,ID: 253,ID2: 166, Timer: 20972, RSSI: -54
2026-08-10 21:36:55,ID: 253,ID2: 166, Timer: 20979, RSSI: -55
2026-08-10 21:36:55,ID: 253,ID2: 166, Timer: 20993, RSSI: -54
2026-08-10 21:36:55,ID: 253,ID2: 166, Timer: 21014, RSSI: -55
2026-08-10 21:36:55,ID: 253,ID2: 166, Timer: 21035, RSSI: -54
2026-08-10 21:36:55,ID: 253,ID2: 166, Timer: 21056, RSSI: -55
2026-08-10 21:36:55,ID: 253,ID2: 166, Timer: 21056, RSSI: -54
2026-08-10 21:36:55,ID: 253,ID2: 166, Timer: 21063, RSSI: -55
2026-08-10 21:36:55,ID: 253,ID2: 166, Timer: 21070, RSSI: -57
2026-08-10 21:36:55,ID: 253,ID2: 166, Timer: 21077, RSSI: -54
2026-08-10 21:36:55,ID: 253,ID2: 166, Timer: 21084, RSSI: -55
2026-08-10 21:36:55,ID: 253,ID2: 166, Timer: 21098, RSSI: -54
2026-08-10 21:36:55,ID: 253,ID2: 166, Timer: 21112, RSSI: -57
2026-08-10 21:36:55,ID: 253,ID2: 166, Timer: 21140, RSSI: -55
2026-08-10 21:36:55,ID: 253,ID2: 166, Timer: 21147, RSSI: -55
2026-08-10 21:36:55,ID: 253,ID2: 166, Timer: 21161, RSSI: -55
2026-08-10 21:36:55,ID: 253,ID2: 166, Timer: 21175, RSSI: -57
2026-08-10 21:36:55,ID: 253,ID2: 166, Timer: 21182, RSSI: -55
2026-08-10 21:36:55,ID: 253,ID2: 166, Timer: 21203, RSSI: -55
2026-08-10 21:36:55,ID: 253,ID2: 166, Timer: 21217, RSSI: -57
2026-08-10 21:36:55,ID: 253,ID2: 166, Timer: 21238, RSSI: -57
2026-08-10 21:36:55,ID: 253,ID2: 166, Timer: 21266, RSSI: -55
2026-08-10 21:36:55,ID: 253,ID2: 166, Timer: 21294, RSSI: -55
2026-08-10 21:36:55,ID: 253,ID2: 166, Timer: 21308, RSSI: -55
2026-08-10 21:36:55,ID: 253,ID2: 166, Timer: 21322, RSSI: -57
2026-08-10 21:36:55,ID: 253,ID2: 166, Timer: 21329, RSSI: -55
2026-08-10 21:36:55,ID: 253,ID2: 166, Timer: 21343, RSSI: -57
2026-08-10 21:36:55,ID: 253,ID2: 166, Timer: 21350, RSSI: -55
2026-08-10 21:36:55,ID: 253,ID2: 166, Timer: 21364, RSSI: -57
2026-08-10 21:36:55,ID: 253,ID2: 166, Timer: 21371, RSSI: -55
2026-08-10 21:36:55,ID: 253,ID2: 166, Timer: 21392, RSSI: -55
2026-08-10 21:36:55,ID: 253,ID2: 166, Timer: 21434, RSSI: -55
2026-08-10 21:36:55,ID: 253,ID2: 166, Timer: 21441, RSSI: -55
2026-08-10 21:36:55,ID: 253,ID2: 166, Timer: 21476, RSSI: -55
2026-08-10 21:36:55,ID: 253,ID2: 166, Timer: 21483, RSSI: -55
2026-08-10 21:36:55,ID: 253,ID2: 166, Timer: 21518, RSSI: -55
2026-08-10 21:36:55,ID: 253,ID2: 166, Timer: 21525, RSSI: -55
2026-08-10 21:36:55,ID: 253,ID2: 166, Timer: 21560, RSSI: -55
2026-08-10 21:36:55,ID: 253,ID2: 166, Timer: 21574, RSSI: -57
2026-08-10 21:36:55,ID: 253,ID2: 166, Timer: 21595, RSSI: -57
2026-08-10 21:36:55,ID: 253,ID2: 166, Timer: 21602, RSSI: -54
2026-08-10 21:36:55,ID: 253,ID2: 166, Timer: 21644, RSSI: -54
2026-08-10 21:36:55,ID: 253,ID2: 166, Timer: 21658, RSSI: -57
2026-08-10 21:36:55,ID: 253,ID2: 166, Timer: 21665, RSSI: -54
2026-08-10 21:36:55,ID: 253,ID2: 166, Timer: 21679, RSSI: -57
2026-08-10 21:36:55,ID: 253,ID2: 166, Timer: 21686, RSSI: -55
2026-08-10 21:36:55,ID: 253,ID2: 166, Timer: 21693, RSSI: -55
2026-08-10 21:36:55,ID: 253,ID2: 166, Timer: 21707, RSSI: -55
2026-08-10 21:36:55,ID: 253,ID2: 166, Timer: 21721, RSSI: -57
2026-08-10 21:36:55,ID: 253,ID2: 166, Timer: 21728, RSSI: -55
2026-08-10 21:36:55,ID: 253,ID2: 166, Timer: 21735, RSSI: -55
2026-08-10 21:36:55,ID: 253,ID2: 166, Timer: 21749, RSSI: -55
2026-08-10 21:36:55,ID: 253,ID2: 166, Timer: 21763, RSSI: -57
2026-08-10 21:36:55,ID: 253,ID2: 166, Timer: 21770, RSSI: -54
2026-08-10 21:36:55,ID: 253,ID2: 166, Timer: 21784, RSSI: -57
2026-08-10 21:36:55,ID: 253,ID2: 166, Timer: 21791, RSSI: -55
2026-08-10 21:36:55,ID: 253,ID2: 166, Timer: 21812, RSSI: -55
2026-08-10 21:36:55,ID: 253,ID2: 166, Timer: 21833, RSSI: -55
2026-08-10 21:36:55,ID: 253,ID2: 166, Timer: 21840, RSSI: -55
2026-08-10 21:36:55,ID: 253,ID2: 166, Timer: 21854, RSSI: -55
2026-08-10 21:36:55,ID: 253,ID2: 166, Timer: 21854, RSSI: -55
2026-08-10 21:36:55,ID: 253,ID2: 166, Timer: 21861, RSSI: -55
2026-08-10 21:36:55,ID: 253,ID2: 166, Timer: 21896, RSSI: -55
2026-08-10 21:36:55,ID: 253,ID2: 166, Timer: 21910, RSSI: -56
2026-08-10 21:36:55,ID: 253,ID2: 166, Timer: 21917, RSSI: -55
2026-08-10 21:36:55,ID: 253,ID2: 166, Timer: 21924, RSSI: -55
2026-08-10 21:36:55,ID: 253,ID2: 166, Timer: 21931, RSSI: -57
2026-08-10 21:36:55,ID: 253,ID2: 166, Timer: 21938, RSSI: -55
2026-08-10 21:36:55,ID: 253,ID2: 166, Timer: 21952, RSSI: -56
2026-08-10 21:36:55,ID: 253,ID2: 166, Timer: 21966, RSSI: -55
2026-08-10 21:36:55,ID: 253,ID2: 166, Timer: 21973, RSSI: -57
2026-08-10 21:36:55,ID: 253,ID2: 166, Timer: 21980, RSSI: -54
2026-08-10 21:36:55,ID: 253,ID2: 166, Timer: 21987, RSSI: -55
2026-08-10 21:36:55,ID: 253,ID2: 166, Timer: 22015, RSSI: -57
2026-08-10 21:36:55,ID: 253,ID2: 166, Timer: 22022, RSSI: -55
2026-08-10 21:36:55,ID: 253,ID2: 166, Timer: 22043, RSSI: -54
2026-08-10 21:36:55,ID: 253,ID2: 166, Timer: 22057, RSSI: -57
2026-08-10 21:36:55,ID: 253,ID2: 166, Timer: 22064, RSSI: -55
2026-08-10 21:36:55,ID: 253,ID2: 166, Timer: 22078, RSSI: -57
2026-08-10 21:36:55,ID: 253,ID2: 166, Timer: 22085, RSSI: -54
2026-08-10 21:36:55,ID: 253,ID2: 166, Timer: 22106, RSSI: -55
2026-08-10 21:36:55,ID: 253,ID2: 166, Timer: 22106, RSSI: -55
2026-08-10 21:36:55,ID: 253,ID2: 166, Timer: 22127, RSSI: -55
2026-08-10 21:36:55,ID: 253,ID2: 166, Timer: 22134, RSSI: -55
2026-08-10 21:36:55,ID: 253,ID2: 166, Timer: 22148, RSSI: -55
2026-08-10 21:36:55,ID: 253,ID2: 166, Timer: 22162, RSSI: -57
2026-08-10 21:36:55,ID: 253,ID2: 166, Timer: 22176, RSSI: -55
2026-08-10 21:36:55,ID: 253,ID2: 166, Timer: 22190, RSSI: -54
2026-08-10 21:36:55,ID: 253,ID2: 166, Timer: 22190, RSSI: -55
2026-08-10 21:36:55,ID: 253,ID2: 166, Timer: 22197, RSSI: -55
2026-08-10 21:36:55,ID: 253,ID2: 166, Timer: 22218, RSSI: -55
2026-08-10 21:36:55,ID: 253,ID2: 166, Timer: 22232, RSSI: -55
2026-08-10 21:36:55,ID: 253,ID2: 166, Timer: 22253, RSSI: -55
2026-08-10 21:36:55,ID: 253,ID2: 166, Timer: 22267, RSSI: -57
2026-08-10 21:36:55,ID: 253,ID2: 166, Timer: 22274, RSSI: -55
2026-08-10 21:36:55,ID: 253,ID2: 166, Timer: 22281, RSSI: -55
2026-08-10 21:36:55,ID: 253,ID2: 166, Timer: 22302, RSSI: -55
2026-08-10 21:36:55,ID: 253,ID2: 166, Timer: 22309, RSSI: -57
2026-08-10 21:36:55,ID: 253,ID2: 166, Timer: 22316, RSSI: -55
2026-08-10 21:36:55,ID: 253,ID2: 166, Timer: 22337, RSSI: -55
2026-08-10 21:36:55,ID: 253,ID2: 166, Timer: 22344, RSSI: -55
2026-08-10 21:36:55,ID: 253,ID2: 166, Timer: 22358, RSSI: -55
2026-08-10 21:36:55,ID: 253,ID2: 166, Timer: 22400, RSSI: -55
2026-08-10 21:36:55,ID: 253,ID2: 166, Timer: 22407, RSSI: -55
2026-08-10 21:36:55,ID: 253,ID2: 166, Timer: 22421, RSSI: -55
2026-08-10 21:36:55,ID: 253,ID2: 166, Timer: 22428, RSSI: -55
2026-08-10 21:36:55,ID: 253,ID2: 166, Timer: 22435, RSSI: -57
2026-08-10 21:36:55,ID: 253,ID2: 166, Timer: 22442, RSSI: -54
2026-08-10 21:36:55,ID: 253,ID2: 166, Timer: 22449, RSSI: -55
2026-08-10 21:36:55,ID: 253,ID2: 166, Timer: 22456, RSSI: -56
2026-08-10 21:36:55,ID: 253,ID2: 166, Timer: 22470, RSSI: -55
2026-08-10 21:36:55,ID: 253,ID2: 166, Timer: 22484, RSSI: -55
2026-08-10 21:36:55,ID: 253,ID2: 166, Timer: 22491, RSSI: -55
2026-08-10 21:36:55,ID: 253,ID2: 166, Timer: 22519, RSSI: -57
2026-08-10 21:36:55,ID: 253,ID2: 166, Timer: 22526, RSSI: -55
2026-08-10 21:36:55,ID: 253,ID2: 166, Timer: 22533, RSSI: -55
2026-08-10 21:36:55,ID: 253,ID2: 166, Timer: 22540, RSSI: -57
2026-08-10 21:36:55,ID: 253,ID2: 166, Timer: 22547, RSSI: -55
2026-08-10 21:36:55,ID: 253,ID2: 166, Timer: 22561, RSSI: -57
2026-08-10 21:36:55,ID: 253,ID2: 166, Timer: 22568, RSSI: -55
2026-08-10 21:36:55,ID: 253,ID2: 166, Timer: 22575, RSSI: -55
2026-08-10 21:36:55,ID: 253,ID2: 166, Timer: 22610, RSSI: -55
2026-08-10 21:36:55,ID: 253,ID2: 166, Timer: 22610, RSSI: -55
2026-08-10 21:36:55,ID: 253,ID2: 166, Timer: 22652, RSSI: -55
2026-08-10 21:36:55,ID: 253,ID2: 166, Timer: 22687, RSSI: -57
2026-08-10 21:36:55,ID: 253,ID2: 166, Timer: 22694, RSSI: -55
2026-08-10 21:36:55,ID: 253,ID2: 166, Timer: 22708, RSSI: -57
2026-08-10 21:36:55,ID: 253,ID2: 166, Timer: 22729, RSSI: -57
2026-08-10 21:36:55,ID: 253,ID2: 166, Timer: 22736, RSSI: -55
2026-08-10 21:36:55,ID: 253,ID2: 166, Timer: 22743, RSSI: -55
2026-08-10 21:36:55,ID: 253,ID2: 166, Timer: 22757, RSSI: -55
2026-08-10 21:36:55,ID: 253,ID2: 166, Timer: 22771, RSSI: -57
2026-08-10 21:36:55,ID: 253,ID2: 166, Timer: 22778, RSSI: -54
2026-08-10 21:36:55,ID: 253,ID2: 166, Timer: 22778, RSSI: -55
2026-08-10 21:36:55,ID: 253,ID2: 166, Timer: 22785, RSSI: -56
2026-08-10 21:36:55,ID: 253,ID2: 166, Timer: 22792, RSSI: -57
2026-08-10 21:36:55,ID: 253,ID2: 166, Timer: 22820, RSSI: -54
2026-08-10 21:36:55,ID: 253,ID2: 166, Timer: 22820, RSSI: -54
2026-08-10 21:36:55,ID: 253,ID2: 166, Timer: 22827, RSSI: -55
2026-08-10 21:36:55,ID: 253,ID2: 166, Timer: 22841, RSSI: -55
2026-08-10 21:36:55,ID: 253,ID2: 166, Timer: 22848, RSSI: -55
2026-08-10 21:36:55,ID: 253,ID2: 166, Timer: 22855, RSSI: -57
2026-08-10 21:36:55,ID: 253,ID2: 166, Timer: 22862, RSSI: -55
2026-08-10 21:36:55,ID: 253,ID2: 166, Timer: 22883, RSSI: -55
2026-08-10 21:36:55,ID: 253,ID2: 166, Timer: 22890, RSSI: -55
2026-08-10 21:36:55,ID: 253,ID2: 166, Timer: 22904, RSSI: -54
2026-08-10 21:36:55,ID: 253,ID2: 166, Timer: 22918, RSSI: -57
2026-08-10 21:36:55,ID: 253,ID2: 166, Timer: 22932, RSSI: -55
2026-08-10 21:36:55,ID: 253,ID2: 166, Timer: 22946, RSSI: -55
2026-08-10 21:36:55,ID: 253,ID2: 166, Timer: 22953, RSSI: -55
2026-08-10 21:36:55,ID: 253,ID2: 166, Timer: 22988, RSSI: -55
2026-08-10 21:36:55,ID: 253,ID2: 166, Timer: 22988, RSSI: -55
2026-08-10 21:36:55,ID: 253,ID2: 166, Timer: 23009, RSSI: -55
2026-08-10 21:36:55,ID: 253,ID2: 166, Timer: 23030, RSSI: -55
2026-08-10 21:36:55,ID: 253,ID2: 166, Timer: 23030, RSSI: -55
2026-08-10 21:36:55,ID: 253,ID2: 166, Timer: 23065, RSSI: -57
2026-08-10 21:36:55,ID: 253,ID2: 166, Timer: 23072, RSSI: -55
2026-08-10 21:36:55,ID: 253,ID2: 166, Timer: 23086, RSSI: -57
2026-08-10 21:36:55,ID: 253,ID2: 166, Timer: 23114, RSSI: -55
2026-08-10 21:36:55,ID: 253,ID2: 166, Timer: 23121, RSSI: -55
2026-08-10 21:36:55,ID: 253,ID2: 166, Timer: 23128, RSSI: -56
2026-08-10 21:36:55,ID: 253,ID2: 166, Timer: 23149, RSSI: -57
2026-08-10 21:36:55,ID: 253,ID2: 166, Timer: 23156, RSSI: -55
2026-08-10 21:36:55,ID: 253,ID2: 166, Timer: 23163, RSSI: -55
2026-08-10 21:36:55,ID: 253,ID2: 166, Timer: 23170, RSSI: -57
2026-08-10 21:36:55,ID: 253,ID2: 166, Timer: 23198, RSSI: -55
2026-08-10 21:36:55,ID: 253,ID2: 166, Timer: 23198, RSSI: -55
2026-08-10 21:36:55,ID: 253,ID2: 166, Timer: 23205, RSSI: -55
2026-08-10 21:36:55,ID: 253,ID2: 166, Timer: 23226, RSSI: -55
2026-08-10 21:36:55,ID: 253,ID2: 166, Timer: 23240, RSSI: -55
2026-08-10 21:36:55,ID: 253,ID2: 166, Timer: 23247, RSSI: -55
2026-08-10 21:36:55,ID: 253,ID2: 166, Timer: 23254, RSSI: -57
2026-08-10 21:36:55,ID: 253,ID2: 166, Timer: 23282, RSSI: -55
2026-08-10 21:36:55,ID: 253,ID2: 166, Timer: 23282, RSSI: -55
2026-08-10 21:36:55,ID: 253,ID2: 166, Timer: 23296, RSSI: -57
2026-08-10 21:36:55,ID: 253,ID2: 166, Timer: 23303, RSSI: -55
2026-08-10 21:36:55,ID: 253,ID2: 166, Timer: 23324, RSSI: -55
2026-08-10 21:36:55,ID: 253,ID2: 166, Timer: 23338, RSSI: -56
2026-08-10 21:36:55,ID: 253,ID2: 166, Timer: 23366, RSSI: -55
2026-08-10 21:36:55,ID: 253,ID2: 166, Timer: 23387, RSSI: -55
2026-08-10 21:36:55,ID: 253,ID2: 166, Timer: 23394, RSSI: -55
2026-08-10 21:36:55,ID: 253,ID2: 166, Timer: 23401, RSSI: -57
2026-08-10 21:36:55,ID: 253,ID2: 166, Timer: 23408, RSSI: -55
2026-08-10 21:36:55,ID: 253,ID2: 166, Timer: 23408, RSSI: -55
2026-08-10 21:36:55,ID: 253,ID2: 166, Timer: 23415, RSSI: -55
2026-08-10 21:36:55,ID: 253,ID2: 166, Timer: 23422, RSSI: -57
2026-08-10 21:36:55,ID: 253,ID2: 166, Timer: 23429, RSSI: -55
2026-08-10 21:36:55,ID: 253,ID2: 166, Timer: 23450, RSSI: -55
2026-08-10 21:36:55,ID: 253,ID2: 166, Timer: 23464, RSSI: -57
2026-08-10 21:36:55,ID: 253,ID2: 166, Timer: 23471, RSSI: -55
2026-08-10 21:36:55,ID: 253,ID2: 166, Timer: 23478, RSSI: -55
2026-08-10 21:36:55,ID: 253,ID2: 166, Timer: 23485, RSSI: -57
2026-08-10 21:36:55,ID: 253,ID2: 166, Timer: 23492, RSSI: -55
2026-08-10 21:36:55,ID: 253,ID2: 166, Timer: 23499, RSSI: -55
2026-08-10 21:36:55,ID: 253,ID2: 166, Timer: 23513, RSSI: -54
2026-08-10 21:36:55,ID: 253,ID2: 166, Timer: 23520, RSSI: -55
2026-08-10 21:36:55,ID: 253,ID2: 166, Timer: 23534, RSSI: -55
2026-08-10 21:36:55,ID: 253,ID2: 166, Timer: 23541, RSSI: -55
2026-08-10 21:36:55,ID: 253,ID2: 166, Timer: 23548, RSSI: -57
2026-08-10 21:36:55,ID: 253,ID2: 166, Timer: 23555, RSSI: -55
2026-08-10 21:36:55,ID: 253,ID2: 166, Timer: 23576, RSSI: -55
2026-08-10 21:36:55,ID: 253,ID2: 166, Timer: 23590, RSSI: -57
2026-08-10 21:36:55,ID: 253,ID2: 166, Timer: 23597, RSSI: -55
2026-08-10 21:36:55,ID: 253,ID2: 166, Timer: 23604, RSSI: -55
2026-08-10 21:36:55,ID: 253,ID2: 166, Timer: 23611, RSSI: -56
2026-08-10 21:36:55,ID: 253,ID2: 166, Timer: 23625, RSSI: -55
2026-08-10 21:36:56,ID: 253,ID2: 166, Timer: 23632, RSSI: -57
2026-08-10 21:36:56,ID: 253,ID2: 166, Timer: 23646, RSSI: -55
2026-08-10 21:36:56,ID: 253,ID2: 166, Timer: 23660, RSSI: -55
2026-08-10 21:36:56,ID: 253,ID2: 166, Timer: 23688, RSSI: -55
2026-08-10 21:36:56,ID: 253,ID2: 166, Timer: 23695, RSSI: -57
2026-08-10 21:36:56,ID: 253,ID2: 166, Timer: 23702, RSSI: -55
2026-08-10 21:36:56,ID: 253,ID2: 166, Timer: 23702, RSSI: -55
2026-08-10 21:36:56,ID: 253,ID2: 166, Timer: 23709, RSSI: -55
2026-08-10 21:36:56,ID: 253,ID2: 166, Timer: 23723, RSSI: -55
2026-08-10 21:36:56,ID: 253,ID2: 166, Timer: 23730, RSSI: -55
2026-08-10 21:36:56,ID: 253,ID2: 166, Timer: 23744, RSSI: -55
2026-08-10 21:36:56,ID: 253,ID2: 166, Timer: 23751, RSSI: -55
2026-08-10 21:36:56,ID: 253,ID2: 166, Timer: 23772, RSSI: -55
2026-08-10 21:36:56,ID: 253,ID2: 166, Timer: 23786, RSSI: -55
2026-08-10 21:36:56,ID: 253,ID2: 166, Timer: 23814, RSSI: -55
2026-08-10 21:36:56,ID: 253,ID2: 166, Timer: 23821, RSSI: -57
2026-08-10 21:36:56,ID: 253,ID2: 166, Timer: 23828, RSSI: -55
2026-08-10 21:36:56,ID: 253,ID2: 166, Timer: 23849, RSSI: -55
2026-08-10 21:36:56,ID: 253,ID2: 166, Timer: 23870, RSSI: -55
2026-08-10 21:36:56,ID: 253,ID2: 166, Timer: 23884, RSSI: -57
2026-08-10 21:36:56,ID: 253,ID2: 166, Timer: 23912, RSSI: -55
2026-08-10 21:36:56,ID: 253,ID2: 166, Timer: 23919, RSSI: -55
2026-08-10 21:36:56,ID: 253,ID2: 166, Timer: 23926, RSSI: -57
2026-08-10 21:36:56,ID: 253,ID2: 166, Timer: 23933, RSSI: -55
2026-08-10 21:36:56,ID: 253,ID2: 166, Timer: 23947, RSSI: -57
2026-08-10 21:36:56,ID: 253,ID2: 166, Timer: 23954, RSSI: -55
2026-08-10 21:36:56,ID: 253,ID2: 166, Timer: 23954, RSSI: -55
2026-08-10 21:36:56,ID: 253,ID2: 166, Timer: 23961, RSSI: -56
2026-08-10 21:36:56,ID: 253,ID2: 166, Timer: 23996, RSSI: -55
2026-08-10 21:36:56,ID: 253,ID2: 166, Timer: 24017, RSSI: -55
2026-08-10 21:36:56,ID: 253,ID2: 166, Timer: 24038, RSSI: -55
2026-08-10 21:36:56,ID: 253,ID2: 166, Timer: 24066, RSSI: -55
2026-08-10 21:36:56,ID: 253,ID2: 166, Timer: 24080, RSSI: -55
2026-08-10 21:36:56,ID: 253,ID2: 166, Timer: 24108, RSSI: -55
2026-08-10 21:36:56,ID: 253,ID2: 166, Timer: 24122, RSSI: -55
2026-08-10 21:36:56,ID: 253,ID2: 166, Timer: 24143, RSSI: -55
2026-08-10 21:36:56,ID: 253,ID2: 166, Timer: 24164, RSSI: -55
2026-08-10 21:36:56,ID: 253,ID2: 166, Timer: 24171, RSSI: -55
2026-08-10 21:36:56,ID: 253,ID2: 166, Timer: 24185, RSSI: -55
2026-08-10 21:36:56,ID: 253,ID2: 166, Timer: 24199, RSSI: -57
2026-08-10 21:36:56,ID: 253,ID2: 166, Timer: 24206, RSSI: -55
2026-08-10 21:36:56,ID: 253,ID2: 166, Timer: 24213, RSSI: -55
2026-08-10 21:36:56,ID: 253,ID2: 166, Timer: 24234, RSSI: -56
2026-08-10 21:36:56,ID: 253,ID2: 166, Timer: 24241, RSSI: -57
2026-08-10 21:36:56,ID: 253,ID2: 166, Timer: 24248, RSSI: -55
2026-08-10 21:36:56,ID: 253,ID2: 166, Timer: 24276, RSSI: -55
2026-08-10 21:36:56,ID: 253,ID2: 166, Timer: 24283, RSSI: -57
2026-08-10 21:36:56,ID: 253,ID2: 166, Timer: 24290, RSSI: -55
2026-08-10 21:36:56,ID: 253,ID2: 166, Timer: 24304, RSSI: -56
2026-08-10 21:36:56,ID: 253,ID2: 166, Timer: 24311, RSSI: -55
2026-08-10 21:36:56,ID: 253,ID2: 166, Timer: 24325, RSSI: -57
2026-08-10 21:36:56,ID: 253,ID2: 166, Timer: 24332, RSSI: -55
2026-08-10 21:36:56,ID: 253,ID2: 166, Timer: 24353, RSSI: -55
2026-08-10 21:36:56,ID: 253,ID2: 166, Timer: 24367, RSSI: -57
2026-08-10 21:36:56,ID: 253,ID2: 166, Timer: 24374, RSSI: -55
2026-08-10 21:36:56,ID: 253,ID2: 166, Timer: 24381, RSSI: -55
2026-08-10 21:36:56,ID: 253,ID2: 166, Timer: 24416, RSSI: -55
2026-08-10 21:36:56,ID: 253,ID2: 166, Timer: 24444, RSSI: -55
2026-08-10 21:36:56,ID: 253,ID2: 166, Timer: 24458, RSSI: -55
2026-08-10 21:36:56,ID: 253,ID2: 166, Timer: 24493, RSSI: -57
2026-08-10 21:36:56,ID: 253,ID2: 166, Timer: 24500, RSSI: -55
2026-08-10 21:36:56,ID: 253,ID2: 166, Timer: 24507, RSSI: -55
2026-08-10 21:36:56,ID: 253,ID2: 166, Timer: 24514, RSSI: -57
2026-08-10 21:36:56,ID: 253,ID2: 166, Timer: 24521, RSSI: -55
2026-08-10 21:36:56,ID: 253,ID2: 166, Timer: 24535, RSSI: -56
2026-08-10 21:36:56,ID: 253,ID2: 166, Timer: 24542, RSSI: -55
2026-08-10 21:36:56,ID: 253,ID2: 166, Timer: 24549, RSSI: -55
2026-08-10 21:36:56,ID: 253,ID2: 166, Timer: 24584, RSSI: -55
2026-08-10 21:36:56,ID: 253,ID2: 166, Timer: 24584, RSSI: -55
2026-08-10 21:36:56,ID: 253,ID2: 166, Timer: 24605, RSSI: -55
2026-08-10 21:36:56,ID: 253,ID2: 166, Timer: 24619, RSSI: -57
2026-08-10 21:36:56,ID: 253,ID2: 166, Timer: 24626, RSSI: -55
2026-08-10 21:36:56,ID: 253,ID2: 166, Timer: 24633, RSSI: -55
2026-08-10 21:36:56,ID: 253,ID2: 166, Timer: 24640, RSSI: -57
2026-08-10 21:36:56,ID: 253,ID2: 166, Timer: 24654, RSSI: -56
2026-08-10 21:36:56,ID: 253,ID2: 166, Timer: 24661, RSSI: -57
2026-08-10 21:36:56,ID: 253,ID2: 166, Timer: 24668, RSSI: -55
2026-08-10 21:36:56,ID: 253,ID2: 166, Timer: 24703, RSSI: -57
2026-08-10 21:36:56,ID: 253,ID2: 166, Timer: 24710, RSSI: -55
2026-08-10 21:36:56,ID: 253,ID2: 166, Timer: 24710, RSSI: -55
2026-08-10 21:36:56,ID: 253,ID2: 166, Timer: 24717, RSSI: -55
2026-08-10 21:36:56,ID: 253,ID2: 166, Timer: 24731, RSSI: -55
2026-08-10 21:36:56,ID: 253,ID2: 166, Timer: 24745, RSSI: -57
2026-08-10 21:36:56,ID: 253,ID2: 166, Timer: 24766, RSSI: -57
2026-08-10 21:36:56,ID: 253,ID2: 166, Timer: 24773, RSSI: -55
2026-08-10 21:36:56,ID: 253,ID2: 166, Timer: 24787, RSSI: -57
2026-08-10 21:36:56,ID: 253,ID2: 166, Timer: 24794, RSSI: -55
2026-08-10 21:36:56,ID: 253,ID2: 166, Timer: 24794, RSSI: -55
2026-08-10 21:36:56,ID: 253,ID2: 166, Timer: 24815, RSSI: -55
2026-08-10 21:36:56,ID: 253,ID2: 166, Timer: 24822, RSSI: -55
2026-08-10 21:36:56,ID: 253,ID2: 166, Timer: 24836, RSSI: -54
2026-08-10 21:36:56,ID: 253,ID2: 166, Timer: 24843, RSSI: -55
2026-08-10 21:36:56,ID: 253,ID2: 166, Timer: 24850, RSSI: -57
2026-08-10 21:36:56,ID: 253,ID2: 166, Timer: 24878, RSSI: -55
2026-08-10 21:36:56,ID: 253,ID2: 166, Timer: 24892, RSSI: -57
2026-08-10 21:36:56,ID: 253,ID2: 166, Timer: 24899, RSSI: -55
2026-08-10 21:36:56,ID: 253,ID2: 166, Timer: 24906, RSSI: -55
2026-08-10 21:36:56,ID: 253,ID2: 166, Timer: 24920, RSSI: -55
2026-08-10 21:36:56,ID: 253,ID2: 166, Timer: 24934, RSSI: -57
2026-08-10 21:36:56,ID: 253,ID2: 166, Timer: 24948, RSSI: -55
2026-08-10 21:36:56,ID: 253,ID2: 166, Timer: 24962, RSSI: -55
2026-08-10 21:36:56,ID: 253,ID2: 166, Timer: 24962, RSSI: -55
2026-08-10 21:36:56,ID: 253,ID2: 166, Timer: 24969, RSSI: -55
2026-08-10 21:36:56,ID: 253,ID2: 166, Timer: 24976, RSSI: -57
2026-08-10 21:36:56,ID: 253,ID2: 166, Timer: 24983, RSSI: -55
2026-08-10 21:36:56,ID: 253,ID2: 166, Timer: 25004, RSSI: -54
2026-08-10 21:36:56,ID: 253,ID2: 166, Timer: 25004, RSSI: -55
2026-08-10 21:36:56,ID: 253,ID2: 166, Timer: 25018, RSSI: -57
2026-08-10 21:36:56,ID: 253,ID2: 166, Timer: 25025, RSSI: -55
2026-08-10 21:36:56,ID: 253,ID2: 166, Timer: 25046, RSSI: -55
2026-08-10 21:36:56,ID: 253,ID2: 166, Timer: 25060, RSSI: -57
2026-08-10 21:36:56,ID: 253,ID2: 166, Timer: 25074, RSSI: -55
2026-08-10 21:36:56,ID: 253,ID2: 166, Timer: 25088, RSSI: -55
2026-08-10 21:36:56,ID: 253,ID2: 166, Timer: 25102, RSSI: -57
2026-08-10 21:36:56,ID: 253,ID2: 166, Timer: 25123, RSSI: -57
2026-08-10 21:36:56,ID: 253,ID2: 166, Timer: 25130, RSSI: -55
2026-08-10 21:36:56,ID: 253,ID2: 166, Timer: 25151, RSSI: -55
2026-08-10 21:36:56,ID: 253,ID2: 166, Timer: 25165, RSSI: -57
2026-08-10 21:36:56,ID: 253,ID2: 166, Timer: 25172, RSSI: -55
2026-08-10 21:36:56,ID: 253,ID2: 166, Timer: 25179, RSSI: -56
2026-08-10 21:36:56,ID: 253,ID2: 166, Timer: 25186, RSSI: -57
2026-08-10 21:36:56,ID: 253,ID2: 166, Timer: 25193, RSSI: -55
2026-08-10 21:36:56,ID: 253,ID2: 166, Timer: 25207, RSSI: -57
2026-08-10 21:36:56,ID: 253,ID2: 166, Timer: 25214, RSSI: -55
2026-08-10 21:36:56,ID: 253,ID2: 166, Timer: 25221, RSSI: -55
2026-08-10 21:36:56,ID: 253,ID2: 166, Timer: 25235, RSSI: -55
2026-08-10 21:36:56,ID: 253,ID2: 166, Timer: 25249, RSSI: -57
2026-08-10 21:36:56,ID: 253,ID2: 166, Timer: 25256, RSSI: -55
2026-08-10 21:36:56,ID: 253,ID2: 166, Timer: 25256, RSSI: -55
2026-08-10 21:36:56,ID: 253,ID2: 166, Timer: 25291, RSSI: -56
2026-08-10 21:36:56,ID: 253,ID2: 166, Timer: 25298, RSSI: -55
2026-08-10 21:36:56,ID: 253,ID2: 166, Timer: 25305, RSSI: -55
2026-08-10 21:36:56,ID: 253,ID2: 166, Timer: 25312, RSSI: -57
2026-08-10 21:36:56,ID: 253,ID2: 166, Timer: 25340, RSSI: -55
2026-08-10 21:36:56,ID: 253,ID2: 166, Timer: 25347, RSSI: -55
2026-08-10 21:36:56,ID: 253,ID2: 166, Timer: 25361, RSSI: -55
2026-08-10 21:36:56,ID: 253,ID2: 166, Timer: 25382, RSSI: -55
2026-08-10 21:36:56,ID: 253,ID2: 166, Timer: 25382, RSSI: -55
2026-08-10 21:36:56,ID: 253,ID2: 166, Timer: 25403, RSSI: -55
2026-08-10 21:36:56,ID: 253,ID2: 166, Timer: 25424, RSSI: -55
2026-08-10 21:36:56,ID: 253,ID2: 166, Timer: 25452, RSSI: -55
2026-08-10 21:36:56,ID: 253,ID2: 166, Timer: 25473, RSSI: -55
2026-08-10 21:36:56,ID: 253,ID2: 166, Timer: 25487, RSSI: -55
2026-08-10 21:36:56,ID: 253,ID2: 166, Timer: 25494, RSSI: -56
2026-08-10 21:36:56,ID: 253,ID2: 166, Timer: 25508, RSSI: -55
2026-08-10 21:36:56,ID: 253,ID2: 166, Timer: 25543, RSSI: -57
2026-08-10 21:36:56,ID: 253,ID2: 166, Timer: 25550, RSSI: -55
2026-08-10 21:36:56,ID: 253,ID2: 166, Timer: 25571, RSSI: -55
2026-08-10 21:36:56,ID: 253,ID2: 166, Timer: 25585, RSSI: -57
2026-08-10 21:36:56,ID: 253,ID2: 166, Timer: 25592, RSSI: -55
2026-08-10 21:36:56,ID: 253,ID2: 166, Timer: 25599, RSSI: -55
2026-08-10 21:36:56,ID: 253,ID2: 166, Timer: 25634, RSSI: -55
2026-08-10 21:36:56,ID: 253,ID2: 166, Timer: 25634, RSSI: -55
2026-08-10 21:36:56,ID: 253,ID2: 166, Timer: 25648, RSSI: -57
2026-08-10 21:36:56,ID: 253,ID2: 166, Timer: 25676, RSSI: -55
2026-08-10 21:36:56,ID: 253,ID2: 166, Timer: 25683, RSSI: -55
2026-08-10 21:36:56,ID: 253,ID2: 166, Timer: 25697, RSSI: -55
2026-08-10 21:36:56,ID: 253,ID2: 166, Timer: 25711, RSSI: -57
2026-08-10 21:36:56,ID: 253,ID2: 166, Timer: 25718, RSSI: -55
2026-08-10 21:36:56,ID: 253,ID2: 166, Timer: 25725, RSSI: -55
2026-08-10 21:36:56,ID: 253,ID2: 166, Timer: 25732, RSSI: -57
2026-08-10 21:36:56,ID: 253,ID2: 166, Timer: 25760, RSSI: -55
2026-08-10 21:36:56,ID: 253,ID2: 166, Timer: 25767, RSSI: -56
2026-08-10 21:36:56,ID: 253,ID2: 166, Timer: 25781, RSSI: -55
2026-08-10 21:36:56,ID: 253,ID2: 166, Timer: 25788, RSSI: -55
2026-08-10 21:36:56,ID: 253,ID2: 166, Timer: 25795, RSSI: -57
2026-08-10 21:36:56,ID: 253,ID2: 166, Timer: 25802, RSSI: -55
2026-08-10 21:36:56,ID: 253,ID2: 166, Timer: 25823, RSSI: -55
2026-08-10 21:36:56,ID: 253,ID2: 166, Timer: 25837, RSSI: -57
2026-08-10 21:36:56,ID: 253,ID2: 166, Timer: 25844, RSSI: -55
2026-08-10 21:36:56,ID: 253,ID2: 166, Timer: 25858, RSSI: -57
2026-08-10 21:36:56,ID: 253,ID2: 166, Timer: 25865, RSSI: -55
2026-08-10 21:36:56,ID: 253,ID2: 166, Timer: 25886, RSSI: -55
2026-08-10 21:36:56,ID: 253,ID2: 166, Timer: 25900, RSSI: -57
2026-08-10 21:36:56,ID: 253,ID2: 166, Timer: 25914, RSSI: -56
2026-08-10 21:36:56,ID: 253,ID2: 166, Timer: 25928, RSSI: -55
2026-08-10 21:36:56,ID: 253,ID2: 166, Timer: 25935, RSSI: -55
2026-08-10 21:36:56,ID: 253,ID2: 166, Timer: 25970, RSSI: -55
2026-08-10 21:36:56,ID: 253,ID2: 166, Timer: 25984, RSSI: -57
2026-08-10 21:36:56,ID: 253,ID2: 166, Timer: 26005, RSSI: -57
2026-08-10 21:36:56,ID: 253,ID2: 166, Timer: 26012, RSSI: -55
2026-08-10 21:36:56,ID: 253,ID2: 166, Timer: 26019, RSSI: -55
2026-08-10 21:36:56,ID: 253,ID2: 166, Timer: 26033, RSSI: -55
2026-08-10 21:36:56,ID: 253,ID2: 166, Timer: 26054, RSSI: -55
2026-08-10 21:36:56,ID: 253,ID2: 166, Timer: 26054, RSSI: -55
2026-08-10 21:36:56,ID: 253,ID2: 166, Timer: 26061, RSSI: -55
2026-08-10 21:36:56,ID: 253,ID2: 166, Timer: 26068, RSSI: -57
2026-08-10 21:36:56,ID: 253,ID2: 166, Timer: 26096, RSSI: -55
2026-08-10 21:36:56,ID: 253,ID2: 166, Timer: 26096, RSSI: -55
2026-08-10 21:36:56,ID: 253,ID2: 166, Timer: 26103, RSSI: -55
2026-08-10 21:36:56,ID: 253,ID2: 166, Timer: 26117, RSSI: -55
2026-08-10 21:36:56,ID: 253,ID2: 166, Timer: 26131, RSSI: -57
2026-08-10 21:36:56,ID: 253,ID2: 166, Timer: 26138, RSSI: -55
2026-08-10 21:36:56,ID: 253,ID2: 166, Timer: 26145, RSSI: -56
2026-08-10 21:36:56,ID: 253,ID2: 166, Timer: 26166, RSSI: -55
2026-08-10 21:36:56,ID: 253,ID2: 166, Timer: 26180, RSSI: -55
2026-08-10 21:36:56,ID: 253,ID2: 166, Timer: 26208, RSSI: -55
2026-08-10 21:36:56,ID: 253,ID2: 166, Timer: 26215, RSSI: -57
2026-08-10 21:36:56,ID: 253,ID2: 166, Timer: 26222, RSSI: -55
2026-08-10 21:36:56,ID: 253,ID2: 166, Timer: 26236, RSSI: -57
2026-08-10 21:36:56,ID: 253,ID2: 166, Timer: 26243, RSSI: -55
2026-08-10 21:36:56,ID: 253,ID2: 166, Timer: 26257, RSSI: -57
2026-08-10 21:36:56,ID: 253,ID2: 166, Timer: 26264, RSSI: -55
2026-08-10 21:36:56,ID: 253,ID2: 166, Timer: 26278, RSSI: -57
2026-08-10 21:36:56,ID: 253,ID2: 166, Timer: 26292, RSSI: -56
2026-08-10 21:36:56,ID: 253,ID2: 166, Timer: 26299, RSSI: -57
2026-08-10 21:36:56,ID: 253,ID2: 166, Timer: 26306, RSSI: -55
2026-08-10 21:36:56,ID: 253,ID2: 166, Timer: 26320, RSSI: -57
2026-08-10 21:36:56,ID: 253,ID2: 166, Timer: 26334, RSSI: -56
2026-08-10 21:36:56,ID: 253,ID2: 166, Timer: 26348, RSSI: -55
2026-08-10 21:36:56,ID: 253,ID2: 166, Timer: 26355, RSSI: -55
2026-08-10 21:36:56,ID: 253,ID2: 166, Timer: 26362, RSSI: -57
2026-08-10 21:36:56,ID: 253,ID2: 166, Timer: 26369, RSSI: -55
2026-08-10 21:36:56,ID: 253,ID2: 166, Timer: 26376, RSSI: -55
2026-08-10 21:36:56,ID: 253,ID2: 166, Timer: 26383, RSSI: -57
2026-08-10 21:36:56,ID: 253,ID2: 166, Timer: 26390, RSSI: -54
2026-08-10 21:36:56,ID: 253,ID2: 166, Timer: 26418, RSSI: -55
2026-08-10 21:36:56,ID: 253,ID2: 166, Timer: 26446, RSSI: -57
2026-08-10 21:36:56,ID: 253,ID2: 166, Timer: 26474, RSSI: -55
2026-08-10 21:36:56,ID: 253,ID2: 166, Timer: 26481, RSSI: -55
2026-08-10 21:36:56,ID: 253,ID2: 166, Timer: 26488, RSSI: -57
2026-08-10 21:36:56,ID: 253,ID2: 166, Timer: 26502, RSSI: -55
2026-08-10 21:36:56,ID: 253,ID2: 166, Timer: 26509, RSSI: -57
2026-08-10 21:36:56,ID: 253,ID2: 166, Timer: 26516, RSSI: -55
2026-08-10 21:36:56,ID: 253,ID2: 166, Timer: 26544, RSSI: -55
2026-08-10 21:36:56,ID: 253,ID2: 166, Timer: 26558, RSSI: -55
2026-08-10 21:36:56,ID: 253,ID2: 166, Timer: 26579, RSSI: -55
2026-08-10 21:36:56,ID: 253,ID2: 166, Timer: 26593, RSSI: -57
2026-08-10 21:36:56,ID: 253,ID2: 166, Timer: 26600, RSSI: -55
2026-08-10 21:36:56,ID: 253,ID2: 166, Timer: 26628, RSSI: -55
2026-08-10 21:36:56,ID: 253,ID2: 166, Timer: 26635, RSSI: -57
2026-08-10 21:36:56,ID: 253,ID2: 166, Timer: 26642, RSSI: -55
2026-08-10 21:36:56,ID: 253,ID2: 166, Timer: 26649, RSSI: -56
2026-08-10 21:36:56,ID: 253,ID2: 166, Timer: 26677, RSSI: -56
2026-08-10 21:36:56,ID: 253,ID2: 166, Timer: 26684, RSSI: -55
2026-08-10 21:36:56,ID: 253,ID2: 166, Timer: 26684, RSSI: -55
2026-08-10 21:36:56,ID: 253,ID2: 166, Timer: 26691, RSSI: -55
2026-08-10 21:36:56,ID: 253,ID2: 166, Timer: 26698, RSSI: -57
2026-08-10 21:36:56,ID: 253,ID2: 166, Timer: 26712, RSSI: -56
2026-08-10 21:36:56,ID: 253,ID2: 166, Timer: 26719, RSSI: -57
2026-08-10 21:36:56,ID: 253,ID2: 166, Timer: 26726, RSSI: -55
2026-08-10 21:36:56,ID: 253,ID2: 166, Timer: 26733, RSSI: -55
2026-08-10 21:36:56,ID: 253,ID2: 166, Timer: 26747, RSSI: -55
2026-08-10 21:36:56,ID: 253,ID2: 166, Timer: 26754, RSSI: -56
2026-08-10 21:36:56,ID: 253,ID2: 166, Timer: 26761, RSSI: -57
2026-08-10 21:36:56,ID: 253,ID2: 166, Timer: 26768, RSSI: -55
2026-08-10 21:36:56,ID: 253,ID2: 166, Timer: 26775, RSSI: -55
2026-08-10 21:36:56,ID: 253,ID2: 166, Timer: 26796, RSSI: -55
2026-08-10 21:36:56,ID: 253,ID2: 166, Timer: 26810, RSSI: -55
2026-08-10 21:36:56,ID: 253,ID2: 166, Timer: 26831, RSSI: -55
2026-08-10 21:36:56,ID: 253,ID2: 166, Timer: 26838, RSSI: -55
2026-08-10 21:36:56,ID: 253,ID2: 166, Timer: 26852, RSSI: -55
2026-08-10 21:36:56,ID: 253,ID2: 166, Timer: 26894, RSSI: -55
2026-08-10 21:36:56,ID: 253,ID2: 166, Timer: 26908, RSSI: -57
2026-08-10 21:36:56,ID: 253,ID2: 166, Timer: 26936, RSSI: -54
2026-08-10 21:36:56,ID: 253,ID2: 166, Timer: 26950, RSSI: -57
2026-08-10 21:36:56,ID: 253,ID2: 166, Timer: 26957, RSSI: -55
2026-08-10 21:36:56,ID: 253,ID2: 166, Timer: 26964, RSSI: -55
2026-08-10 21:36:56,ID: 253,ID2: 166, Timer: 26978, RSSI: -54
2026-08-10 21:36:56,ID: 253,ID2: 166, Timer: 26992, RSSI: -57
2026-08-10 21:36:56,ID: 253,ID2: 166, Timer: 27013, RSSI: -57
2026-08-10 21:36:56,ID: 253,ID2: 166, Timer: 27020, RSSI: -55
2026-08-10 21:36:56,ID: 253,ID2: 166, Timer: 27020, RSSI: -55
2026-08-10 21:36:56,ID: 253,ID2: 166, Timer: 27041, RSSI: -55
2026-08-10 21:36:56,ID: 253,ID2: 166, Timer: 27048, RSSI: -55
2026-08-10 21:36:56,ID: 253,ID2: 166, Timer: 27055, RSSI: -56
2026-08-10 21:36:56,ID: 253,ID2: 166, Timer: 27062, RSSI: -55
2026-08-10 21:36:56,ID: 253,ID2: 166, Timer: 27076, RSSI: -57
2026-08-10 21:36:56,ID: 253,ID2: 166, Timer: 27104, RSSI: -55
2026-08-10 21:36:56,ID: 253,ID2: 166, Timer: 27104, RSSI: -55
2026-08-10 21:36:56,ID: 253,ID2: 166, Timer: 27118, RSSI: -57
2026-08-10 21:36:56,ID: 253,ID2: 166, Timer: 27125, RSSI: -55
2026-08-10 21:36:56,ID: 253,ID2: 166, Timer: 27139, RSSI: -57
2026-08-10 21:36:56,ID: 253,ID2: 166, Timer: 27146, RSSI: -55
2026-08-10 21:36:56,ID: 253,ID2: 166, Timer: 27153, RSSI: -55
2026-08-10 21:36:56,ID: 253,ID2: 166, Timer: 27167, RSSI: -55
2026-08-10 21:36:56,ID: 253,ID2: 166, Timer: 27188, RSSI: -55
2026-08-10 21:36:56,ID: 253,ID2: 166, Timer: 27188, RSSI: -55
2026-08-10 21:36:56,ID: 253,ID2: 166, Timer: 27195, RSSI: -55
2026-08-10 21:36:56,ID: 253,ID2: 166, Timer: 27209, RSSI: -55
2026-08-10 21:36:56,ID: 253,ID2: 166, Timer: 27216, RSSI: -55
2026-08-10 21:36:56,ID: 253,ID2: 166, Timer: 27230, RSSI: -55
2026-08-10 21:36:56,ID: 253,ID2: 166, Timer: 27265, RSSI: -57
2026-08-10 21:36:56,ID: 253,ID2: 166, Timer: 27272, RSSI: -54
2026-08-10 21:36:56,ID: 253,ID2: 166, Timer: 27272, RSSI: -55
2026-08-10 21:36:56,ID: 253,ID2: 166, Timer: 27286, RSSI: -57
2026-08-10 21:36:56,ID: 253,ID2: 166, Timer: 27307, RSSI: -56
2026-08-10 21:36:56,ID: 253,ID2: 166, Timer: 27314, RSSI: -55
2026-08-10 21:36:56,ID: 253,ID2: 166, Timer: 27349, RSSI: -56
2026-08-10 21:36:56,ID: 253,ID2: 166, Timer: 27356, RSSI: -55
2026-08-10 21:36:56,ID: 253,ID2: 166, Timer: 27398, RSSI: -55
2026-08-10 21:36:56,ID: 253,ID2: 166, Timer: 27398, RSSI: -55
2026-08-10 21:36:56,ID: 253,ID2: 166, Timer: 27412, RSSI: -57
2026-08-10 21:36:56,ID: 253,ID2: 166, Timer: 27419, RSSI: -55
2026-08-10 21:36:56,ID: 253,ID2: 166, Timer: 27440, RSSI: -55
2026-08-10 21:36:56,ID: 253,ID2: 166, Timer: 27454, RSSI: -57
2026-08-10 21:36:56,ID: 253,ID2: 166, Timer: 27482, RSSI: -55
2026-08-10 21:36:56,ID: 253,ID2: 166, Timer: 27489, RSSI: -55
2026-08-10 21:36:56,ID: 253,ID2: 166, Timer: 27517, RSSI: -56
2026-08-10 21:36:56,ID: 253,ID2: 166, Timer: 27524, RSSI: -55
2026-08-10 21:36:56,ID: 253,ID2: 166, Timer: 27531, RSSI: -55
2026-08-10 21:36:56,ID: 253,ID2: 166, Timer: 27545, RSSI: -55
2026-08-10 21:36:56,ID: 253,ID2: 166, Timer: 27566, RSSI: -55
2026-08-10 21:36:56,ID: 253,ID2: 166, Timer: 27566, RSSI: -54
2026-08-10 21:36:56,ID: 253,ID2: 166, Timer: 27580, RSSI: -57
2026-08-10 21:36:56,ID: 253,ID2: 166, Timer: 27594, RSSI: -55
2026-08-10 21:36:56,ID: 253,ID2: 166, Timer: 27608, RSSI: -55
2026-08-10 21:36:56,ID: 253,ID2: 166, Timer: 27615, RSSI: -55
2026-08-10 21:36:56,ID: 253,ID2: 166, Timer: 27629, RSSI: -55
2026-08-10 21:36:56,ID: 253,ID2: 166, Timer: 27650, RSSI: -55
2026-08-10 21:36:56,ID: 253,ID2: 166, Timer: 27650, RSSI: -55
2026-08-10 21:36:56,ID: 253,ID2: 166, Timer: 27664, RSSI: -57
2026-08-10 21:36:56,ID: 253,ID2: 166, Timer: 27671, RSSI: -54
2026-08-10 21:36:56,ID: 253,ID2: 166, Timer: 27685, RSSI: -57
2026-08-10 21:36:56,ID: 253,ID2: 166, Timer: 27692, RSSI: -55
2026-08-10 21:36:56,ID: 253,ID2: 166, Timer: 27734, RSSI: -55
2026-08-10 21:36:56,ID: 253,ID2: 166, Timer: 27741, RSSI: -55
2026-08-10 21:36:56,ID: 253,ID2: 166, Timer: 27755, RSSI: -55
2026-08-10 21:36:56,ID: 253,ID2: 166, Timer: 27762, RSSI: -55
2026-08-10 21:36:56,ID: 253,ID2: 166, Timer: 27769, RSSI: -57
2026-08-10 21:36:56,ID: 253,ID2: 166, Timer: 27776, RSSI: -55
2026-08-10 21:36:56,ID: 253,ID2: 166, Timer: 27783, RSSI: -55
2026-08-10 21:36:56,ID: 253,ID2: 166, Timer: 27790, RSSI: -56
2026-08-10 21:36:56,ID: 253,ID2: 166, Timer: 27818, RSSI: -55
2026-08-10 21:36:56,ID: 253,ID2: 166, Timer: 27832, RSSI: -57
2026-08-10 21:36:56,ID: 253,ID2: 166, Timer: 27846, RSSI: -55
2026-08-10 21:36:56,ID: 253,ID2: 166, Timer: 27860, RSSI: -55
2026-08-10 21:36:56,ID: 253,ID2: 166, Timer: 27874, RSSI: -57
2026-08-10 21:36:56,ID: 253,ID2: 166, Timer: 27881, RSSI: -54
2026-08-10 21:36:56,ID: 253,ID2: 166, Timer: 27888, RSSI: -55
2026-08-10 21:36:56,ID: 253,ID2: 166, Timer: 27902, RSSI: -55
2026-08-10 21:36:56,ID: 253,ID2: 166, Timer: 27902, RSSI: -54
2026-08-10 21:36:56,ID: 253,ID2: 166, Timer: 27944, RSSI: -55
2026-08-10 21:36:56,ID: 253,ID2: 166, Timer: 27958, RSSI: -57
2026-08-10 21:36:56,ID: 253,ID2: 166, Timer: 27986, RSSI: -55
2026-08-10 21:36:56,ID: 253,ID2: 166, Timer: 27993, RSSI: -55
2026-08-10 21:36:56,ID: 253,ID2: 166, Timer: 28014, RSSI: -56
2026-08-10 21:36:56,ID: 253,ID2: 166, Timer: 28028, RSSI: -55
2026-08-10 21:36:56,ID: 253,ID2: 166, Timer: 28035, RSSI: -55
2026-08-10 21:36:56,ID: 253,ID2: 166, Timer: 28042, RSSI: -57
2026-08-10 21:36:56,ID: 253,ID2: 166, Timer: 28070, RSSI: -55
2026-08-10 21:36:56,ID: 253,ID2: 166, Timer: 28070, RSSI: -55
2026-08-10 21:36:56,ID: 253,ID2: 166, Timer: 28098, RSSI: -55
2026-08-10 21:36:56,ID: 253,ID2: 166, Timer: 28112, RSSI: -55
2026-08-10 21:36:56,ID: 253,ID2: 166, Timer: 28133, RSSI: -55
2026-08-10 21:36:56,ID: 253,ID2: 166, Timer: 28140, RSSI: -55
2026-08-10 21:36:56,ID: 253,ID2: 166, Timer: 28154, RSSI: -55
2026-08-10 21:36:56,ID: 253,ID2: 166, Timer: 28168, RSSI: -57
2026-08-10 21:36:56,ID: 253,ID2: 166, Timer: 28196, RSSI: -54
2026-08-10 21:36:56,ID: 253,ID2: 166, Timer: 28203, RSSI: -56
2026-08-10 21:36:56,ID: 253,ID2: 166, Timer: 28210, RSSI: -57
2026-08-10 21:36:56,ID: 253,ID2: 166, Timer: 28217, RSSI: -55
2026-08-10 21:36:56,ID: 253,ID2: 166, Timer: 28238, RSSI: -55
2026-08-10 21:36:56,ID: 253,ID2: 166, Timer: 28252, RSSI: -57
2026-08-10 21:36:56,ID: 253,ID2: 166, Timer: 28259, RSSI: -55
2026-08-10 21:36:56,ID: 253,ID2: 166, Timer: 28280, RSSI: -54
2026-08-10 21:36:56,ID: 253,ID2: 166, Timer: 28294, RSSI: -57
2026-08-10 21:36:56,ID: 253,ID2: 166, Timer: 28301, RSSI: -55
2026-08-10 21:36:56,ID: 253,ID2: 166, Timer: 28308, RSSI: -55
2026-08-10 21:36:56,ID: 253,ID2: 166, Timer: 28322, RSSI: -55
2026-08-10 21:36:56,ID: 253,ID2: 166, Timer: 28336, RSSI: -57
2026-08-10 21:36:56,ID: 253,ID2: 166, Timer: 28343, RSSI: -55
2026-08-10 21:36:56,ID: 253,ID2: 166, Timer: 28364, RSSI: -55
2026-08-10 21:36:56,ID: 253,ID2: 166, Timer: 28371, RSSI: -55
2026-08-10 21:36:56,ID: 253,ID2: 166, Timer: 28378, RSSI: -57
2026-08-10 21:36:56,ID: 253,ID2: 166, Timer: 28399, RSSI: -57
2026-08-10 21:36:56,ID: 253,ID2: 166, Timer: 28406, RSSI: -55
2026-08-10 21:36:56,ID: 253,ID2: 166, Timer: 28420, RSSI: -57
2026-08-10 21:36:56,ID: 253,ID2: 166, Timer: 28448, RSSI: -55
2026-08-10 21:36:56,ID: 253,ID2: 166, Timer: 28469, RSSI: -55
2026-08-10 21:36:56,ID: 253,ID2: 166, Timer: 28490, RSSI: -55
2026-08-10 21:36:56,ID: 253,ID2: 166, Timer: 28511, RSSI: -54
2026-08-10 21:36:56,ID: 253,ID2: 166, Timer: 28532, RSSI: -55
2026-08-10 21:36:56,ID: 253,ID2: 166, Timer: 28574, RSSI: -55
2026-08-10 21:36:56,ID: 253,ID2: 166, Timer: 28574, RSSI: -55
2026-08-10 21:36:56,ID: 253,ID2: 166, Timer: 28616, RSSI: -55
2026-08-10 21:36:56,ID: 253,ID2: 166, Timer: 28623, RSSI: -55
2026-08-10 21:36:56,ID: 253,ID2: 166, Timer: 28644, RSSI: -55
2026-08-10 21:36:56,ID: 253,ID2: 166, Timer: 28651, RSSI: -57
2026-08-10 21:36:56,ID: 253,ID2: 166, Timer: 28658, RSSI: -55
2026-08-10 21:36:56,ID: 253,ID2: 166, Timer: 28672, RSSI: -57
2026-08-10 21:36:56,ID: 253,ID2: 166, Timer: 28693, RSSI: -57
2026-08-10 21:36:56,ID: 253,ID2: 166, Timer: 28700, RSSI: -55
2026-08-10 21:36:56,ID: 253,ID2: 166, Timer: 28735, RSSI: -57
2026-08-10 21:36:56,ID: 253,ID2: 166, Timer: 28742, RSSI: -55
2026-08-10 21:36:56,ID: 253,ID2: 166, Timer: 28749, RSSI: -56
2026-08-10 21:36:56,ID: 253,ID2: 166, Timer: 28763, RSSI: -55
2026-08-10 21:36:56,ID: 253,ID2: 166, Timer: 28770, RSSI: -55
2026-08-10 21:36:56,ID: 253,ID2: 166, Timer: 28784, RSSI: -55
2026-08-10 21:36:56,ID: 253,ID2: 166, Timer: 28805, RSSI: -54
2026-08-10 21:36:56,ID: 253,ID2: 166, Timer: 28819, RSSI: -57
2026-08-10 21:36:56,ID: 253,ID2: 166, Timer: 28826, RSSI: -55
2026-08-10 21:36:56,ID: 253,ID2: 166, Timer: 28826, RSSI: -55
2026-08-10 21:36:56,ID: 253,ID2: 166, Timer: 28854, RSSI: -55
2026-08-10 21:36:56,ID: 253,ID2: 166, Timer: 28861, RSSI: -57
2026-08-10 21:36:56,ID: 253,ID2: 166, Timer: 28868, RSSI: -55
2026-08-10 21:36:56,ID: 253,ID2: 166, Timer: 28882, RSSI: -57
2026-08-10 21:36:56,ID: 253,ID2: 166, Timer: 28910, RSSI: -55
2026-08-10 21:36:56,ID: 253,ID2: 166, Timer: 28917, RSSI: -55
2026-08-10 21:36:56,ID: 253,ID2: 166, Timer: 28938, RSSI: -55
2026-08-10 21:36:56,ID: 253,ID2: 166, Timer: 28952, RSSI: -55
2026-08-10 21:36:56,ID: 253,ID2: 166, Timer: 28952, RSSI: -55
2026-08-10 21:36:56,ID: 253,ID2: 166, Timer: 28994, RSSI: -55
2026-08-10 21:36:56,ID: 253,ID2: 166, Timer: 28994, RSSI: -55
2026-08-10 21:36:56,ID: 253,ID2: 166, Timer: 29001, RSSI: -56
2026-08-10 21:36:56,ID: 253,ID2: 166, Timer: 29022, RSSI: -55
2026-08-10 21:36:56,ID: 253,ID2: 166, Timer: 29036, RSSI: -55
2026-08-10 21:36:56,ID: 253,ID2: 166, Timer: 29036, RSSI: -55
2026-08-10 21:36:56,ID: 253,ID2: 166, Timer: 29043, RSSI: -56
2026-08-10 21:36:56,ID: 253,ID2: 166, Timer: 29050, RSSI: -57
2026-08-10 21:36:56,ID: 253,ID2: 166, Timer: 29057, RSSI: -55
2026-08-10 21:36:56,ID: 253,ID2: 166, Timer: 29078, RSSI: -55
2026-08-10 21:36:56,ID: 253,ID2: 166, Timer: 29099, RSSI: -55
2026-08-10 21:36:56,ID: 253,ID2: 166, Timer: 29120, RSSI: -55
2026-08-10 21:36:56,ID: 253,ID2: 166, Timer: 29127, RSSI: -56
2026-08-10 21:36:56,ID: 253,ID2: 166, Timer: 29155, RSSI: -57
2026-08-10 21:36:56,ID: 253,ID2: 166, Timer: 29162, RSSI: -55
2026-08-10 21:36:56,ID: 253,ID2: 166, Timer: 29176, RSSI: -57
2026-08-10 21:36:56,ID: 253,ID2: 166, Timer: 29190, RSSI: -55
2026-08-10 21:36:56,ID: 253,ID2: 166, Timer: 29197, RSSI: -57
2026-08-10 21:36:56,ID: 253,ID2: 166, Timer: 29204, RSSI: -55
2026-08-10 21:36:56,ID: 253,ID2: 166, Timer: 29225, RSSI: -55
2026-08-10 21:36:56,ID: 253,ID2: 166, Timer: 29232, RSSI: -55
2026-08-10 21:36:56,ID: 253,ID2: 166, Timer: 29246, RSSI: -55
2026-08-10 21:36:56,ID: 253,ID2: 166, Timer: 29246, RSSI: -55
2026-08-10 21:36:56,ID: 253,ID2: 166, Timer: 29253, RSSI: -55
2026-08-10 21:36:56,ID: 253,ID2: 166, Timer: 29267, RSSI: -55
2026-08-10 21:36:56,ID: 253,ID2: 166, Timer: 29288, RSSI: -55
2026-08-10 21:36:56,ID: 253,ID2: 166, Timer: 29295, RSSI: -55
2026-08-10 21:36:56,ID: 253,ID2: 166, Timer: 29302, RSSI: -57
2026-08-10 21:36:56,ID: 253,ID2: 166, Timer: 29309, RSSI: -55
2026-08-10 21:36:56,ID: 253,ID2: 166, Timer: 29330, RSSI: -55
2026-08-10 21:36:56,ID: 253,ID2: 166, Timer: 29330, RSSI: -55
2026-08-10 21:36:56,ID: 253,ID2: 166, Timer: 29358, RSSI: -55
2026-08-10 21:36:56,ID: 253,ID2: 166, Timer: 29365, RSSI: -57
2026-08-10 21:36:56,ID: 253,ID2: 166, Timer: 29372, RSSI: -55
2026-08-10 21:36:56,ID: 253,ID2: 166, Timer: 29414, RSSI: -55
2026-08-10 21:36:56,ID: 253,ID2: 166, Timer: 29414, RSSI: -55
2026-08-10 21:36:56,ID: 253,ID2: 166, Timer: 29449, RSSI: -57
2026-08-10 21:36:56,ID: 253,ID2: 166, Timer: 29456, RSSI: -55
2026-08-10 21:36:56,ID: 253,ID2: 166, Timer: 29456, RSSI: -55
2026-08-10 21:36:56,ID: 253,ID2: 166, Timer: 29477, RSSI: -54
2026-08-10 21:36:56,ID: 253,ID2: 166, Timer: 29484, RSSI: -55
2026-08-10 21:36:56,ID: 253,ID2: 166, Timer: 29491, RSSI: -57
2026-08-10 21:36:56,ID: 253,ID2: 166, Timer: 29498, RSSI: -54
2026-08-10 21:36:56,ID: 253,ID2: 166, Timer: 29512, RSSI: -57
2026-08-10 21:36:56,ID: 253,ID2: 166, Timer: 29519, RSSI: -55
2026-08-10 21:36:56,ID: 253,ID2: 166, Timer: 29540, RSSI: -55
2026-08-10 21:36:56,ID: 253,ID2: 166, Timer: 29547, RSSI: -55
2026-08-10 21:36:56,ID: 253,ID2: 166, Timer: 29561, RSSI: -55
2026-08-10 21:36:56,ID: 253,ID2: 166, Timer: 29568, RSSI: -55
2026-08-10 21:36:56,ID: 253,ID2: 166, Timer: 29582, RSSI: -55
2026-08-10 21:36:56,ID: 253,ID2: 166, Timer: 29582, RSSI: -55
2026-08-10 21:36:56,ID: 253,ID2: 166, Timer: 29624, RSSI: -55
2026-08-10 21:36:56,ID: 253,ID2: 166, Timer: 29631, RSSI: -55
2026-08-10 21:36:56,ID: 253,ID2: 166, Timer: 29659, RSSI: -57
2026-08-10 21:36:56,ID: 253,ID2: 166, Timer: 29666, RSSI: -55
2026-08-10 21:36:56,ID: 253,ID2: 166, Timer: 29666, RSSI: -55
2026-08-10 21:36:56,ID: 253,ID2: 166, Timer: 29673, RSSI: -56
2026-08-10 21:36:56,ID: 253,ID2: 166, Timer: 29708, RSSI: -55
2026-08-10 21:36:56,ID: 253,ID2: 166, Timer: 29715, RSSI: -55
2026-08-10 21:36:56,ID: 253,ID2: 166, Timer: 29722, RSSI: -57
2026-08-10 21:36:56,ID: 253,ID2: 166, Timer: 29736, RSSI: -55
2026-08-10 21:36:56,ID: 253,ID2: 166, Timer: 29750, RSSI: -55
2026-08-10 21:36:56,ID: 253,ID2: 166, Timer: 29764, RSSI: -57
2026-08-10 21:36:56,ID: 253,ID2: 166, Timer: 29778, RSSI: -55
2026-08-10 21:36:56,ID: 253,ID2: 166, Timer: 29792, RSSI: -55
2026-08-10 21:36:56,ID: 253,ID2: 166, Timer: 29806, RSSI: -57
2026-08-10 21:36:56,ID: 253,ID2: 166, Timer: 29813, RSSI: -55
2026-08-10 21:36:56,ID: 253,ID2: 166, Timer: 29834, RSSI: -55
2026-08-10 21:36:56,ID: 253,ID2: 166, Timer: 29848, RSSI: -57
2026-08-10 21:36:56,ID: 253,ID2: 166, Timer: 29855, RSSI: -55
2026-08-10 21:36:56,ID: 253,ID2: 166, Timer: 29876, RSSI: -55
2026-08-10 21:36:56,ID: 253,ID2: 166, Timer: 29897, RSSI: -55
2026-08-10 21:36:56,ID: 253,ID2: 166, Timer: 29904, RSSI: -55
2026-08-10 21:36:56,ID: 253,ID2: 166, Timer: 29918, RSSI: -55
2026-08-10 21:36:56,ID: 253,ID2: 166, Timer: 29932, RSSI: -57
2026-08-10 21:36:56,ID: 253,ID2: 166, Timer: 29967, RSSI: -55
2026-08-10 21:36:56,ID: 253,ID2: 166, Timer: 29974, RSSI: -57
2026-08-10 21:36:56,ID: 253,ID2: 166, Timer: 30002, RSSI: -55
2026-08-10 21:36:56,ID: 253,ID2: 166, Timer: 30009, RSSI: -55
2026-08-10 21:36:56,ID: 253,ID2: 166, Timer: 30023, RSSI: -55
2026-08-10 21:36:56,ID: 253,ID2: 166, Timer: 30037, RSSI: -57
2026-08-10 21:36:56,ID: 253,ID2: 166, Timer: 30044, RSSI: -55
2026-08-10 21:36:56,ID: 253,ID2: 166, Timer: 30065, RSSI: -55
2026-08-10 21:36:56,ID: 253,ID2: 166, Timer: 30079, RSSI: -57
2026-08-10 21:36:56,ID: 253,ID2: 166, Timer: 30086, RSSI: -55
2026-08-10 21:36:56,ID: 253,ID2: 166, Timer: 30093, RSSI: -55
2026-08-10 21:36:56,ID: 253,ID2: 166, Timer: 30100, RSSI: -57
2026-08-10 21:36:56,ID: 253,ID2: 166, Timer: 30107, RSSI: -55
2026-08-10 21:36:56,ID: 253,ID2: 166, Timer: 30128, RSSI: -55
2026-08-10 21:36:56,ID: 253,ID2: 166, Timer: 30128, RSSI: -55
2026-08-10 21:36:56,ID: 253,ID2: 166, Timer: 30149, RSSI: -55
2026-08-10 21:36:56,ID: 253,ID2: 166, Timer: 30163, RSSI: -57
2026-08-10 21:36:56,ID: 253,ID2: 166, Timer: 30170, RSSI: -55
2026-08-10 21:36:56,ID: 253,ID2: 166, Timer: 30177, RSSI: -55
2026-08-10 21:36:56,ID: 253,ID2: 166, Timer: 30212, RSSI: -55
2026-08-10 21:36:56,ID: 253,ID2: 166, Timer: 30219, RSSI: -55
2026-08-10 21:36:56,ID: 253,ID2: 166, Timer: 30247, RSSI: -57
2026-08-10 21:36:56,ID: 253,ID2: 166, Timer: 30254, RSSI: -54
2026-08-10 21:36:56,ID: 253,ID2: 166, Timer: 30254, RSSI: -55
2026-08-10 21:36:56,ID: 253,ID2: 166, Timer: 30261, RSSI: -56
2026-08-10 21:36:56,ID: 253,ID2: 166, Timer: 30268, RSSI: -57
2026-08-10 21:36:56,ID: 253,ID2: 166, Timer: 30275, RSSI: -55
2026-08-10 21:36:56,ID: 253,ID2: 166, Timer: 30282, RSSI: -55
2026-08-10 21:36:56,ID: 253,ID2: 166, Timer: 30289, RSSI: -57
2026-08-10 21:36:56,ID: 253,ID2: 166, Timer: 30296, RSSI: -55
2026-08-10 21:36:56,ID: 253,ID2: 166, Timer: 30303, RSSI: -55
2026-08-10 21:36:56,ID: 253,ID2: 166, Timer: 30317, RSSI: -55
2026-08-10 21:36:56,ID: 253,ID2: 166, Timer: 30331, RSSI: -57
2026-08-10 21:36:56,ID: 253,ID2: 166, Timer: 30338, RSSI: -55
2026-08-10 21:36:56,ID: 253,ID2: 166, Timer: 30345, RSSI: -56
2026-08-10 21:36:56,ID: 253,ID2: 166, Timer: 30380, RSSI: -54
2026-08-10 21:36:56,ID: 253,ID2: 166, Timer: 30380, RSSI: -55
2026-08-10 21:36:56,ID: 253,ID2: 166, Timer: 30415, RSSI: -57
2026-08-10 21:36:56,ID: 253,ID2: 166, Timer: 30450, RSSI: -55
2026-08-10 21:36:56,ID: 253,ID2: 166, Timer: 30457, RSSI: -57
2026-08-10 21:36:56,ID: 253,ID2: 166, Timer: 30464, RSSI: -55
2026-08-10 21:36:56,ID: 253,ID2: 166, Timer: 30464, RSSI: -55
2026-08-10 21:36:56,ID: 253,ID2: 166, Timer: 30471, RSSI: -55
2026-08-10 21:36:56,ID: 253,ID2: 166, Timer: 30485, RSSI: -55
2026-08-10 21:36:56,ID: 253,ID2: 166, Timer: 30492, RSSI: -55
2026-08-10 21:36:56,ID: 253,ID2: 166, Timer: 30499, RSSI: -57
2026-08-10 21:36:56,ID: 253,ID2: 166, Timer: 30506, RSSI: -55
2026-08-10 21:36:56,ID: 253,ID2: 166, Timer: 30527, RSSI: -55
2026-08-10 21:36:56,ID: 253,ID2: 166, Timer: 30548, RSSI: -55
2026-08-10 21:36:56,ID: 253,ID2: 166, Timer: 30562, RSSI: -57
2026-08-10 21:36:56,ID: 253,ID2: 166, Timer: 30576, RSSI: -55
2026-08-10 21:36:56,ID: 253,ID2: 166, Timer: 30583, RSSI: -57
2026-08-10 21:36:56,ID: 253,ID2: 166, Timer: 30590, RSSI: -55
2026-08-10 21:36:56,ID: 253,ID2: 166, Timer: 30618, RSSI: -55
2026-08-10 21:36:56,ID: 253,ID2: 166, Timer: 30632, RSSI: -55
2026-08-10 21:36:56,ID: 253,ID2: 166, Timer: 30660, RSSI: -56
2026-08-10 21:36:56,ID: 253,ID2: 166, Timer: 30667, RSSI: -57
2026-08-10 21:36:56,ID: 253,ID2: 166, Timer: 30688, RSSI: -57
2026-08-10 21:36:56,ID: 253,ID2: 166, Timer: 30709, RSSI: -57
2026-08-10 21:36:56,ID: 253,ID2: 166, Timer: 30716, RSSI: -55
2026-08-10 21:36:56,ID: 253,ID2: 166, Timer: 30723, RSSI: -55
2026-08-10 21:36:56,ID: 253,ID2: 166, Timer: 30744, RSSI: -55
2026-08-10 21:36:56,ID: 253,ID2: 166, Timer: 30758, RSSI: -55
2026-08-10 21:36:56,ID: 253,ID2: 166, Timer: 30758, RSSI: -54
2026-08-10 21:36:56,ID: 253,ID2: 166, Timer: 30779, RSSI: -55
2026-08-10 21:36:56,ID: 253,ID2: 166, Timer: 30800, RSSI: -55
2026-08-10 21:36:56,ID: 253,ID2: 166, Timer: 30821, RSSI: -55
2026-08-10 21:36:56,ID: 253,ID2: 166, Timer: 30835, RSSI: -57
2026-08-10 21:36:56,ID: 253,ID2: 166, Timer: 30842, RSSI: -55
2026-08-10 21:36:56,ID: 253,ID2: 166, Timer: 30842, RSSI: -55
2026-08-10 21:36:56,ID: 253,ID2: 166, Timer: 30849, RSSI: -55
2026-08-10 21:36:56,ID: 253,ID2: 166, Timer: 30856, RSSI: -57
2026-08-10 21:36:56,ID: 253,ID2: 166, Timer: 30884, RSSI: -55
2026-08-10 21:36:56,ID: 253,ID2: 166, Timer: 30884, RSSI: -55
2026-08-10 21:36:56,ID: 253,ID2: 166, Timer: 30898, RSSI: -57
2026-08-10 21:36:56,ID: 253,ID2: 166, Timer: 30905, RSSI: -55
2026-08-10 21:36:56,ID: 253,ID2: 166, Timer: 30926, RSSI: -55
2026-08-10 21:36:56,ID: 253,ID2: 166, Timer: 30926, RSSI: -55
2026-08-10 21:36:56,ID: 253,ID2: 166, Timer: 30933, RSSI: -55
2026-08-10 21:36:56,ID: 253,ID2: 166, Timer: 30961, RSSI: -57
2026-08-10 21:36:56,ID: 253,ID2: 166, Timer: 30968, RSSI: -55
2026-08-10 21:36:56,ID: 253,ID2: 166, Timer: 30968, RSSI: -55
2026-08-10 21:36:56,ID: 253,ID2: 166, Timer: 30996, RSSI: -55
2026-08-10 21:36:56,ID: 253,ID2: 166, Timer: 31003, RSSI: -57
2026-08-10 21:36:56,ID: 253,ID2: 166, Timer: 31017, RSSI: -55
2026-08-10 21:36:56,ID: 253,ID2: 166, Timer: 31024, RSSI: -57
2026-08-10 21:36:56,ID: 253,ID2: 166, Timer: 31038, RSSI: -55
2026-08-10 21:36:56,ID: 253,ID2: 166, Timer: 31052, RSSI: -55
2026-08-10 21:36:56,ID: 253,ID2: 166, Timer: 31052, RSSI: -55
2026-08-10 21:36:56,ID: 253,ID2: 166, Timer: 31080, RSSI: -55
2026-08-10 21:36:56,ID: 253,ID2: 166, Timer: 31094, RSSI: -55
2026-08-10 21:36:56,ID: 253,ID2: 166, Timer: 31108, RSSI: -57
2026-08-10 21:36:56,ID: 253,ID2: 166, Timer: 31129, RSSI: -57
2026-08-10 21:36:56,ID: 253,ID2: 166, Timer: 31136, RSSI: -55
2026-08-10 21:36:56,ID: 253,ID2: 166, Timer: 31136, RSSI: -55
2026-08-10 21:36:56,ID: 253,ID2: 166, Timer: 31178, RSSI: -54
2026-08-10 21:36:56,ID: 253,ID2: 166, Timer: 31178, RSSI: -55
2026-08-10 21:36:56,ID: 253,ID2: 166, Timer: 31185, RSSI: -55
2026-08-10 21:36:56,ID: 253,ID2: 166, Timer: 31220, RSSI: -55
2026-08-10 21:36:56,ID: 253,ID2: 166, Timer: 31220, RSSI: -55
2026-08-10 21:36:56,ID: 253,ID2: 166, Timer: 31262, RSSI: -55
2026-08-10 21:36:56,ID: 253,ID2: 166, Timer: 31283, RSSI: -55
2026-08-10 21:36:56,ID: 253,ID2: 166, Timer: 31290, RSSI: -55
2026-08-10 21:36:56,ID: 253,ID2: 166, Timer: 31297, RSSI: -57
2026-08-10 21:36:56,ID: 253,ID2: 166, Timer: 31304, RSSI: -55
2026-08-10 21:36:56,ID: 253,ID2: 166, Timer: 31311, RSSI: -55
2026-08-10 21:36:56,ID: 253,ID2: 166, Timer: 31318, RSSI: -57
2026-08-10 21:36:56,ID: 253,ID2: 166, Timer: 31339, RSSI: -57
2026-08-10 21:36:56,ID: 253,ID2: 166, Timer: 31346, RSSI: -55
2026-08-10 21:36:56,ID: 253,ID2: 166, Timer: 31360, RSSI: -57
2026-08-10 21:36:56,ID: 253,ID2: 166, Timer: 31367, RSSI: -55
2026-08-10 21:36:56,ID: 253,ID2: 166, Timer: 31388, RSSI: -55
2026-08-10 21:36:56,ID: 253,ID2: 166, Timer: 31388, RSSI: -54
2026-08-10 21:36:56,ID: 253,ID2: 166, Timer: 31444, RSSI: -57
2026-08-10 21:36:56,ID: 253,ID2: 166, Timer: 31458, RSSI: -55
2026-08-10 21:36:56,ID: 253,ID2: 166, Timer: 31472, RSSI: -55
2026-08-10 21:36:56,ID: 253,ID2: 166, Timer: 31486, RSSI: -57
2026-08-10 21:36:56,ID: 253,ID2: 166, Timer: 31493, RSSI: -55
2026-08-10 21:36:56,ID: 253,ID2: 166, Timer: 31514, RSSI: -55
2026-08-10 21:36:56,ID: 253,ID2: 166, Timer: 31528, RSSI: -57
2026-08-10 21:36:56,ID: 253,ID2: 166, Timer: 31535, RSSI: -55
2026-08-10 21:36:56,ID: 253,ID2: 166, Timer: 31549, RSSI: -57
2026-08-10 21:36:56,ID: 253,ID2: 166, Timer: 31556, RSSI: -55
2026-08-10 21:36:56,ID: 253,ID2: 166, Timer: 31556, RSSI: -55
2026-08-10 21:36:56,ID: 253,ID2: 166, Timer: 31563, RSSI: -55
2026-08-10 21:36:56,ID: 253,ID2: 166, Timer: 31570, RSSI: -57
2026-08-10 21:36:56,ID: 253,ID2: 166, Timer: 31584, RSSI: -55
2026-08-10 21:36:56,ID: 253,ID2: 166, Timer: 31598, RSSI: -55
2026-08-10 21:36:56,ID: 253,ID2: 166, Timer: 31598, RSSI: -55
2026-08-10 21:36:56,ID: 253,ID2: 166, Timer: 31605, RSSI: -56
2026-08-10 21:36:56,ID: 253,ID2: 166, Timer: 31626, RSSI: -55
2026-08-10 21:36:56,ID: 253,ID2: 166, Timer: 31640, RSSI: -55
2026-08-10 21:36:56,ID: 253,ID2: 166, Timer: 31640, RSSI: -55
2026-08-10 21:36:56,ID: 253,ID2: 166, Timer: 31696, RSSI: -57
2026-08-10 21:36:56,ID: 253,ID2: 166, Timer: 31703, RSSI: -55
2026-08-10 21:36:56,ID: 253,ID2: 166, Timer: 31724, RSSI: -55
2026-08-10 21:36:56,ID: 253,ID2: 166, Timer: 31731, RSSI: -56
2026-08-10 21:36:56,ID: 253,ID2: 166, Timer: 31738, RSSI: -57
2026-08-10 21:36:56,ID: 253,ID2: 166, Timer: 31766, RSSI: -55
2026-08-10 21:36:56,ID: 253,ID2: 166, Timer: 31773, RSSI: -55
2026-08-10 21:36:56,ID: 253,ID2: 166, Timer: 31780, RSSI: -56
2026-08-10 21:36:56,ID: 253,ID2: 166, Timer: 31801, RSSI: -57
2026-08-10 21:36:56,ID: 253,ID2: 166, Timer: 31808, RSSI: -55
2026-08-10 21:36:56,ID: 253,ID2: 166, Timer: 31815, RSSI: -56
2026-08-10 21:36:56,ID: 253,ID2: 166, Timer: 31843, RSSI: -57
2026-08-10 21:36:56,ID: 253,ID2: 166, Timer: 31850, RSSI: -55
2026-08-10 21:36:56,ID: 253,ID2: 166, Timer: 31864, RSSI: -57
2026-08-10 21:36:56,ID: 253,ID2: 166, Timer: 31892, RSSI: -55
2026-08-10 21:36:56,ID: 253,ID2: 166, Timer: 31899, RSSI: -56
2026-08-10 21:36:56,ID: 253,ID2: 166, Timer: 31927, RSSI: -57
2026-08-10 21:36:56,ID: 253,ID2: 166, Timer: 31934, RSSI: -55
2026-08-10 21:36:56,ID: 253,ID2: 166, Timer: 31955, RSSI: -55
2026-08-10 21:36:56,ID: 253,ID2: 166, Timer: 31962, RSSI: -56
2026-08-10 21:36:56,ID: 253,ID2: 166, Timer: 31976, RSSI: -55
2026-08-10 21:36:56,ID: 253,ID2: 166, Timer: 31976, RSSI: -55
2026-08-10 21:36:56,ID: 253,ID2: 166, Timer: 31983, RSSI: -55
2026-08-10 21:36:56,ID: 253,ID2: 166, Timer: 31990, RSSI: -57
2026-08-10 21:36:56,ID: 253,ID2: 166, Timer: 31997, RSSI: -55
2026-08-10 21:36:56,ID: 253,ID2: 166, Timer: 32011, RSSI: -57
2026-08-10 21:36:56,ID: 253,ID2: 166, Timer: 32018, RSSI: -55
2026-08-10 21:36:56,ID: 253,ID2: 166, Timer: 32018, RSSI: -55
2026-08-10 21:36:56,ID: 253,ID2: 166, Timer: 32032, RSSI: -57
2026-08-10 21:36:56,ID: 253,ID2: 166, Timer: 32053, RSSI: -57
2026-08-10 21:36:56,ID: 253,ID2: 166, Timer: 32060, RSSI: -55
2026-08-10 21:36:56,ID: 253,ID2: 166, Timer: 32067, RSSI: -56
2026-08-10 21:36:56,ID: 253,ID2: 166, Timer: 32081, RSSI: -54
2026-08-10 21:36:56,ID: 253,ID2: 166, Timer: 32102, RSSI: -55
2026-08-10 21:36:56,ID: 253,ID2: 166, Timer: 32109, RSSI: -56
2026-08-10 21:36:56,ID: 253,ID2: 166, Timer: 32137, RSSI: -57
2026-08-10 21:36:56,ID: 253,ID2: 166, Timer: 32144, RSSI: -55
2026-08-10 21:36:56,ID: 253,ID2: 166, Timer: 32158, RSSI: -57
2026-08-10 21:36:56,ID: 253,ID2: 166, Timer: 32172, RSSI: -55
2026-08-10 21:36:56,ID: 253,ID2: 166, Timer: 32186, RSSI: -55
2026-08-10 21:36:56,ID: 253,ID2: 166, Timer: 32186, RSSI: -55
2026-08-10 21:36:56,ID: 253,ID2: 166, Timer: 32193, RSSI: -56
2026-08-10 21:36:56,ID: 253,ID2: 166, Timer: 32200, RSSI: -56
2026-08-10 21:36:56,ID: 253,ID2: 166, Timer: 32214, RSSI: -55
2026-08-10 21:36:56,ID: 253,ID2: 166, Timer: 32228, RSSI: -55
2026-08-10 21:36:56,ID: 253,ID2: 166, Timer: 32235, RSSI: -55
2026-08-10 21:36:56,ID: 253,ID2: 166, Timer: 32242, RSSI: -57
2026-08-10 21:36:56,ID: 253,ID2: 166, Timer: 32249, RSSI: -55
2026-08-10 21:36:56,ID: 253,ID2: 166, Timer: 32256, RSSI: -56
2026-08-10 21:36:56,ID: 253,ID2: 166, Timer: 32270, RSSI: -55
2026-08-10 21:36:56,ID: 253,ID2: 166, Timer: 32298, RSSI: -55
2026-08-10 21:36:56,ID: 253,ID2: 166, Timer: 32312, RSSI: -55
2026-08-10 21:36:56,ID: 253,ID2: 166, Timer: 32326, RSSI: -57
2026-08-10 21:36:56,ID: 253,ID2: 166, Timer: 32340, RSSI: -56
2026-08-10 21:36:56,ID: 253,ID2: 166, Timer: 32354, RSSI: -55
2026-08-10 21:36:56,ID: 253,ID2: 166, Timer: 32389, RSSI: -57
2026-08-10 21:36:56,ID: 253,ID2: 166, Timer: 32396, RSSI: -55
2026-08-10 21:36:56,ID: 253,ID2: 166, Timer: 32403, RSSI: -55
2026-08-10 21:36:56,ID: 253,ID2: 166, Timer: 32431, RSSI: -57
2026-08-10 21:36:56,ID: 253,ID2: 166, Timer: 32438, RSSI: -55
2026-08-10 21:36:56,ID: 253,ID2: 166, Timer: 32459, RSSI: -55
2026-08-10 21:36:56,ID: 253,ID2: 166, Timer: 32480, RSSI: -55
2026-08-10 21:36:56,ID: 253,ID2: 166, Timer: 32508, RSSI: -55
2026-08-10 21:36:56,ID: 253,ID2: 166, Timer: 32522, RSSI: -55
2026-08-10 21:36:56,ID: 253,ID2: 166, Timer: 32536, RSSI: -57
2026-08-10 21:36:56,ID: 253,ID2: 166, Timer: 32543, RSSI: -55
2026-08-10 21:36:56,ID: 253,ID2: 166, Timer: 32550, RSSI: -55
2026-08-10 21:36:56,ID: 253,ID2: 166, Timer: 32557, RSSI: -57
2026-08-10 21:36:56,ID: 253,ID2: 166, Timer: 32564, RSSI: -55
2026-08-10 21:36:56,ID: 253,ID2: 166, Timer: 32585, RSSI: -55
2026-08-10 21:36:56,ID: 253,ID2: 166, Timer: 32599, RSSI: -57
2026-08-10 21:36:56,ID: 253,ID2: 166, Timer: 32606, RSSI: -55
2026-08-10 21:36:56,ID: 253,ID2: 166, Timer: 32613, RSSI: -56
2026-08-10 21:36:56,ID: 253,ID2: 166, Timer: 32620, RSSI: -56
2026-08-10 21:36:56,ID: 253,ID2: 166, Timer: 32648, RSSI: -55
2026-08-10 21:36:56,ID: 253,ID2: 166, Timer: 32655, RSSI: -56
2026-08-10 21:36:56,ID: 253,ID2: 166, Timer: 32690, RSSI: -55
2026-08-10 21:36:56,ID: 253,ID2: 166, Timer: 32725, RSSI: -57
2026-08-10 21:36:56,ID: 253,ID2: 166, Timer: 32732, RSSI: -55
2026-08-10 21:36:56,ID: 253,ID2: 166, Timer: 32732, RSSI: -55
2026-08-10 21:36:56,ID: 253,ID2: 166, Timer: 32739, RSSI: -55
2026-08-10 21:36:56,ID: 253,ID2: 166, Timer: 32760, RSSI: -56
2026-08-10 21:36:56,ID: 253,ID2: 166, Timer: 32774, RSSI: -55
2026-08-10 21:36:56,ID: 253,ID2: 166, Timer: 32788, RSSI: -57
2026-08-10 21:36:56,ID: 253,ID2: 166, Timer: 32809, RSSI: -57
2026-08-10 21:36:56,ID: 253,ID2: 166, Timer: 32816, RSSI: -55
2026-08-10 21:36:56,ID: 253,ID2: 166, Timer: 32837, RSSI: -55
2026-08-10 21:36:56,ID: 253,ID2: 166, Timer: 32844, RSSI: -56
2026-08-10 21:36:56,ID: 253,ID2: 166, Timer: 32858, RSSI: -55
2026-08-10 21:36:56,ID: 253,ID2: 166, Timer: 32872, RSSI: -57
2026-08-10 21:36:56,ID: 253,ID2: 166, Timer: 32886, RSSI: -55
2026-08-10 21:36:56,ID: 253,ID2: 166, Timer: 32893, RSSI: -57
2026-08-10 21:36:56,ID: 253,ID2: 166, Timer: 32900, RSSI: -55
2026-08-10 21:36:56,ID: 253,ID2: 166, Timer: 32907, RSSI: -56
2026-08-10 21:36:56,ID: 253,ID2: 166, Timer: 32935, RSSI: -57
2026-08-10 21:36:56,ID: 253,ID2: 166, Timer: 32942, RSSI: -55
2026-08-10 21:36:56,ID: 253,ID2: 166, Timer: 32956, RSSI: -57
2026-08-10 21:36:56,ID: 253,ID2: 166, Timer: 32970, RSSI: -55
2026-08-10 21:36:56,ID: 253,ID2: 166, Timer: 32977, RSSI: -57
2026-08-10 21:36:56,ID: 253,ID2: 166, Timer: 32984, RSSI: -55
2026-08-10 21:36:56,ID: 253,ID2: 166, Timer: 32984, RSSI: -55
2026-08-10 21:36:56,ID: 253,ID2: 166, Timer: 33019, RSSI: -56
2026-08-10 21:36:56,ID: 253,ID2: 166, Timer: 33026, RSSI: -55
2026-08-10 21:36:56,ID: 253,ID2: 166, Timer: 33033, RSSI: -56
2026-08-10 21:36:56,ID: 253,ID2: 166, Timer: 33068, RSSI: -55
2026-08-10 21:36:56,ID: 253,ID2: 166, Timer: 33075, RSSI: -55
2026-08-10 21:36:56,ID: 253,ID2: 166, Timer: 33103, RSSI: -57
2026-08-10 21:36:56,ID: 253,ID2: 166, Timer: 33110, RSSI: -55
2026-08-10 21:36:56,ID: 253,ID2: 166, Timer: 33131, RSSI: -55
2026-08-10 21:36:56,ID: 253,ID2: 166, Timer: 33138, RSSI: -55
2026-08-10 21:36:56,ID: 253,ID2: 166, Timer: 33145, RSSI: -57
2026-08-10 21:36:56,ID: 253,ID2: 166, Timer: 33152, RSSI: -55
2026-08-10 21:36:56,ID: 253,ID2: 166, Timer: 33173, RSSI: -55
2026-08-10 21:36:56,ID: 253,ID2: 166, Timer: 33180, RSSI: -55
2026-08-10 21:36:56,ID: 253,ID2: 166, Timer: 33194, RSSI: -55
2026-08-10 21:36:56,ID: 253,ID2: 166, Timer: 33201, RSSI: -55
2026-08-10 21:36:56,ID: 253,ID2: 166, Timer: 33222, RSSI: -55
2026-08-10 21:36:56,ID: 253,ID2: 166, Timer: 33229, RSSI: -57
2026-08-10 21:36:56,ID: 253,ID2: 166, Timer: 33236, RSSI: -55
2026-08-10 21:36:56,ID: 253,ID2: 166, Timer: 33257, RSSI: -54
2026-08-10 21:36:56,ID: 253,ID2: 166, Timer: 33264, RSSI: -55
2026-08-10 21:36:56,ID: 253,ID2: 166, Timer: 33278, RSSI: -55
2026-08-10 21:36:56,ID: 253,ID2: 166, Timer: 33292, RSSI: -57
2026-08-10 21:36:56,ID: 253,ID2: 166, Timer: 33313, RSSI: -57
2026-08-10 21:36:56,ID: 253,ID2: 166, Timer: 33320, RSSI: -55
2026-08-10 21:36:56,ID: 253,ID2: 166, Timer: 33327, RSSI: -55
2026-08-10 21:36:56,ID: 253,ID2: 166, Timer: 33334, RSSI: -57
2026-08-10 21:36:56,ID: 253,ID2: 166, Timer: 33362, RSSI: -55
2026-08-10 21:36:56,ID: 253,ID2: 166, Timer: 33369, RSSI: -55
2026-08-10 21:36:56,ID: 253,ID2: 166, Timer: 33376, RSSI: -56
2026-08-10 21:36:56,ID: 253,ID2: 166, Timer: 33397, RSSI: -57
2026-08-10 21:36:56,ID: 253,ID2: 166, Timer: 33404, RSSI: -55
2026-08-10 21:36:56,ID: 253,ID2: 166, Timer: 33425, RSSI: -55
2026-08-10 21:36:56,ID: 253,ID2: 166, Timer: 33439, RSSI: -57
2026-08-10 21:36:56,ID: 253,ID2: 166, Timer: 33453, RSSI: -56
2026-08-10 21:36:56,ID: 253,ID2: 166, Timer: 33488, RSSI: -55
2026-08-10 21:36:56,ID: 253,ID2: 166, Timer: 33495, RSSI: -55
2026-08-10 21:36:56,ID: 253,ID2: 166, Timer: 33502, RSSI: -57
2026-08-10 21:36:56,ID: 253,ID2: 166, Timer: 33530, RSSI: -55
2026-08-10 21:36:56,ID: 253,ID2: 166, Timer: 33544, RSSI: -57
2026-08-10 21:36:56,ID: 253,ID2: 166, Timer: 33565, RSSI: -57
2026-08-10 21:36:56,ID: 253,ID2: 166, Timer: 33572, RSSI: -55
2026-08-10 21:36:56,ID: 253,ID2: 166, Timer: 33579, RSSI: -55
2026-08-10 21:36:56,ID: 253,ID2: 166, Timer: 33586, RSSI: -57
2026-08-10 21:36:56,ID: 253,ID2: 166, Timer: 33614, RSSI: -55
2026-08-10 21:36:56,ID: 253,ID2: 166, Timer: 33635, RSSI: -55
2026-08-10 21:36:56,ID: 253,ID2: 166, Timer: 33656, RSSI: -55
2026-08-10 21:36:56,ID: 253,ID2: 166, Timer: 33670, RSSI: -57
2026-08-10 21:36:56,ID: 253,ID2: 166, Timer: 33691, RSSI: -57
2026-08-10 21:36:56,ID: 253,ID2: 166, Timer: 33698, RSSI: -55
2026-08-10 21:36:56,ID: 253,ID2: 166, Timer: 33712, RSSI: -57
2026-08-10 21:36:56,ID: 253,ID2: 166, Timer: 33726, RSSI: -56
2026-08-10 21:36:56,ID: 253,ID2: 166, Timer: 33740, RSSI: -55
2026-08-10 21:36:56,ID: 253,ID2: 166, Timer: 33747, RSSI: -55
2026-08-10 21:36:56,ID: 253,ID2: 166, Timer: 33761, RSSI: -55
2026-08-10 21:36:56,ID: 253,ID2: 166, Timer: 33768, RSSI: -56
2026-08-10 21:36:56,ID: 253,ID2: 166, Timer: 33782, RSSI: -55
2026-08-10 21:36:56,ID: 253,ID2: 166, Timer: 33796, RSSI: -57
2026-08-10 21:36:56,ID: 253,ID2: 166, Timer: 33810, RSSI: -56
2026-08-10 21:36:56,ID: 253,ID2: 166, Timer: 33817, RSSI: -57
2026-08-10 21:36:56,ID: 253,ID2: 166, Timer: 33824, RSSI: -55
2026-08-10 21:36:56,ID: 253,ID2: 166, Timer: 33824, RSSI: -55
2026-08-10 21:36:56,ID: 253,ID2: 166, Timer: 33831, RSSI: -55
2026-08-10 21:36:56,ID: 253,ID2: 166, Timer: 33852, RSSI: -55
2026-08-10 21:36:56,ID: 253,ID2: 166, Timer: 33859, RSSI: -57
2026-08-10 21:36:56,ID: 253,ID2: 166, Timer: 33866, RSSI: -55
2026-08-10 21:36:56,ID: 253,ID2: 166, Timer: 33873, RSSI: -55
2026-08-10 21:36:56,ID: 253,ID2: 166, Timer: 33908, RSSI: -55
2026-08-10 21:36:56,ID: 253,ID2: 166, Timer: 33915, RSSI: -55
2026-08-10 21:36:56,ID: 253,ID2: 166, Timer: 33922, RSSI: -57
2026-08-10 21:36:56,ID: 253,ID2: 166, Timer: 33929, RSSI: -55
2026-08-10 21:36:56,ID: 253,ID2: 166, Timer: 33978, RSSI: -55
2026-08-10 21:36:56,ID: 253,ID2: 166, Timer: 33985, RSSI: -57
2026-08-10 21:36:56,ID: 253,ID2: 166, Timer: 33992, RSSI: -55
2026-08-10 21:36:56,ID: 253,ID2: 166, Timer: 33999, RSSI: -55
2026-08-10 21:36:56,ID: 253,ID2: 166, Timer: 34013, RSSI: -55
2026-08-10 21:36:56,ID: 253,ID2: 166, Timer: 34034, RSSI: -55
2026-08-10 21:36:56,ID: 253,ID2: 166, Timer: 34055, RSSI: -55
2026-08-10 21:36:56,ID: 253,ID2: 166, Timer: 34076, RSSI: -55
2026-08-10 21:36:56,ID: 253,ID2: 166, Timer: 34083, RSSI: -55
2026-08-10 21:36:56,ID: 253,ID2: 166, Timer: 34104, RSSI: -55
2026-08-10 21:36:56,ID: 253,ID2: 166, Timer: 34111, RSSI: -57
2026-08-10 21:36:56,ID: 253,ID2: 166, Timer: 34118, RSSI: -54
2026-08-10 21:36:56,ID: 253,ID2: 166, Timer: 34125, RSSI: -55
2026-08-10 21:36:56,ID: 253,ID2: 166, Timer: 34132, RSSI: -57
2026-08-10 21:36:56,ID: 253,ID2: 166, Timer: 34139, RSSI: -55
2026-08-10 21:36:56,ID: 253,ID2: 166, Timer: 34153, RSSI: -56
2026-08-10 21:36:56,ID: 253,ID2: 166, Timer: 34160, RSSI: -55
2026-08-10 21:36:56,ID: 253,ID2: 166, Timer: 34167, RSSI: -55
2026-08-10 21:36:56,ID: 253,ID2: 166, Timer: 34174, RSSI: -57
2026-08-10 21:36:56,ID: 253,ID2: 166, Timer: 34188, RSSI: -55
2026-08-10 21:36:56,ID: 253,ID2: 166, Timer: 34202, RSSI: -55
2026-08-10 21:36:56,ID: 253,ID2: 166, Timer: 34209, RSSI: -55
2026-08-10 21:36:56,ID: 253,ID2: 166, Timer: 34237, RSSI: -57
2026-08-10 21:36:56,ID: 253,ID2: 166, Timer: 34244, RSSI: -55
2026-08-10 21:36:56,ID: 253,ID2: 166, Timer: 34258, RSSI: -57
2026-08-10 21:36:56,ID: 253,ID2: 166, Timer: 34286, RSSI: -55
2026-08-10 21:36:56,ID: 253,ID2: 166, Timer: 34293, RSSI: -55
2026-08-10 21:36:56,ID: 253,ID2: 166, Timer: 34300, RSSI: -57
2026-08-10 21:36:56,ID: 253,ID2: 166, Timer: 34314, RSSI: -56
2026-08-10 21:36:56,ID: 253,ID2: 166, Timer: 34328, RSSI: -55
2026-08-10 21:36:56,ID: 253,ID2: 166, Timer: 34342, RSSI: -57
2026-08-10 21:36:56,ID: 253,ID2: 166, Timer: 34349, RSSI: -55
2026-08-10 21:36:56,ID: 253,ID2: 166, Timer: 34363, RSSI: -57
2026-08-10 21:36:56,ID: 253,ID2: 166, Timer: 34370, RSSI: -55
2026-08-10 21:36:56,ID: 253,ID2: 166, Timer: 34412, RSSI: -55
2026-08-10 21:36:56,ID: 253,ID2: 166, Timer: 34419, RSSI: -56
2026-08-10 21:36:56,ID: 253,ID2: 166, Timer: 34433, RSSI: -55
2026-08-10 21:36:56,ID: 253,ID2: 166, Timer: 34440, RSSI: -56
2026-08-10 21:36:56,ID: 253,ID2: 166, Timer: 34454, RSSI: -55
2026-08-10 21:36:56,ID: 253,ID2: 166, Timer: 34454, RSSI: -55
2026-08-10 21:36:56,ID: 253,ID2: 166, Timer: 34468, RSSI: -57
2026-08-10 21:36:56,ID: 253,ID2: 166, Timer: 34489, RSSI: -57
2026-08-10 21:36:56,ID: 253,ID2: 166, Timer: 34496, RSSI: -55
2026-08-10 21:36:56,ID: 253,ID2: 166, Timer: 34496, RSSI: -55
2026-08-10 21:36:56,ID: 253,ID2: 166, Timer: 34538, RSSI: -55
2026-08-10 21:36:56,ID: 253,ID2: 166, Timer: 34552, RSSI: -56
2026-08-10 21:36:56,ID: 253,ID2: 166, Timer: 34573, RSSI: -57
2026-08-10 21:36:56,ID: 253,ID2: 166, Timer: 34580, RSSI: -55
2026-08-10 21:36:56,ID: 253,ID2: 166, Timer: 34594, RSSI: -56
2026-08-10 21:36:56,ID: 253,ID2: 166, Timer: 34601, RSSI: -55
2026-08-10 21:36:56,ID: 253,ID2: 166, Timer: 34615, RSSI: -57
2026-08-10 21:36:56,ID: 253,ID2: 166, Timer: 34622, RSSI: -55
2026-08-10 21:36:56,ID: 253,ID2: 166, Timer: 34622, RSSI: -55
2026-08-10 21:36:56,ID: 253,ID2: 166, Timer: 34657, RSSI: -57
2026-08-10 21:36:56,ID: 253,ID2: 166, Timer: 34664, RSSI: -55
2026-08-10 21:36:56,ID: 253,ID2: 166, Timer: 34671, RSSI: -55
2026-08-10 21:36:56,ID: 253,ID2: 166, Timer: 34678, RSSI: -57
2026-08-10 21:36:56,ID: 253,ID2: 166, Timer: 34699, RSSI: -56
2026-08-10 21:36:56,ID: 253,ID2: 166, Timer: 34706, RSSI: -55
2026-08-10 21:36:56,ID: 253,ID2: 166, Timer: 34706, RSSI: -55
2026-08-10 21:36:56,ID: 253,ID2: 166, Timer: 34713, RSSI: -56
2026-08-10 21:36:56,ID: 253,ID2: 166, Timer: 34727, RSSI: -55
2026-08-10 21:36:56,ID: 253,ID2: 166, Timer: 34734, RSSI: -56
2026-08-10 21:36:56,ID: 253,ID2: 166, Timer: 34748, RSSI: -55
2026-08-10 21:36:56,ID: 253,ID2: 166, Timer: 34748, RSSI: -55
2026-08-10 21:36:56,ID: 253,ID2: 166, Timer: 34755, RSSI: -56
2026-08-10 21:36:56,ID: 253,ID2: 166, Timer: 34762, RSSI: -57
2026-08-10 21:36:56,ID: 253,ID2: 166, Timer: 34769, RSSI: -55
2026-08-10 21:36:56,ID: 253,ID2: 166, Timer: 34783, RSSI: -57
2026-08-10 21:36:56,ID: 253,ID2: 166, Timer: 34790, RSSI: -55
2026-08-10 21:36:56,ID: 253,ID2: 166, Timer: 34797, RSSI: -56
2026-08-10 21:36:56,ID: 253,ID2: 166, Timer: 34804, RSSI: -57
2026-08-10 21:36:56,ID: 253,ID2: 166, Timer: 34818, RSSI: -55
2026-08-10 21:36:56,ID: 253,ID2: 166, Timer: 34825, RSSI: -57
2026-08-10 21:36:56,ID: 253,ID2: 166, Timer: 34832, RSSI: -55
2026-08-10 21:36:56,ID: 253,ID2: 166, Timer: 34853, RSSI: -55
2026-08-10 21:36:56,ID: 253,ID2: 166, Timer: 34860, RSSI: -55
2026-08-10 21:36:56,ID: 253,ID2: 166, Timer: 34874, RSSI: -55
2026-08-10 21:36:56,ID: 253,ID2: 166, Timer: 34902, RSSI: -56
2026-08-10 21:36:56,ID: 253,ID2: 166, Timer: 34916, RSSI: -55
2026-08-10 21:36:56,ID: 253,ID2: 166, Timer: 34923, RSSI: -56
2026-08-10 21:36:56,ID: 253,ID2: 166, Timer: 34930, RSSI: -57
2026-08-10 21:36:56,ID: 253,ID2: 166, Timer: 34937, RSSI: -55
2026-08-10 21:36:56,ID: 253,ID2: 166, Timer: 34944, RSSI: -56
2026-08-10 21:36:56,ID: 253,ID2: 166, Timer: 34958, RSSI: -55
2026-08-10 21:36:56,ID: 253,ID2: 166, Timer: 34972, RSSI: -57
2026-08-10 21:36:56,ID: 253,ID2: 166, Timer: 34979, RSSI: -55
2026-08-10 21:36:56,ID: 253,ID2: 166, Timer: 34993, RSSI: -57
2026-08-10 21:36:56,ID: 253,ID2: 166, Timer: 35000, RSSI: -55
2026-08-10 21:36:56,ID: 253,ID2: 166, Timer: 35007, RSSI: -55
2026-08-10 21:36:56,ID: 253,ID2: 166, Timer: 35021, RSSI: -55
2026-08-10 21:36:56,ID: 253,ID2: 166, Timer: 35035, RSSI: -57
2026-08-10 21:36:56,ID: 253,ID2: 166, Timer: 35042, RSSI: -55
2026-08-10 21:36:56,ID: 253,ID2: 166, Timer: 35042, RSSI: -55
2026-08-10 21:36:56,ID: 253,ID2: 166, Timer: 35063, RSSI: -55
2026-08-10 21:36:56,ID: 253,ID2: 166, Timer: 35084, RSSI: -55
2026-08-10 21:36:56,ID: 253,ID2: 166, Timer: 35112, RSSI: -55
2026-08-10 21:36:56,ID: 253,ID2: 166, Timer: 35119, RSSI: -57
2026-08-10 21:36:56,ID: 253,ID2: 166, Timer: 35126, RSSI: -55
2026-08-10 21:36:56,ID: 253,ID2: 166, Timer: 35140, RSSI: -57
2026-08-10 21:36:56,ID: 253,ID2: 166, Timer: 35147, RSSI: -55
2026-08-10 21:36:56,ID: 253,ID2: 166, Timer: 35154, RSSI: -55
2026-08-10 21:36:56,ID: 253,ID2: 166, Timer: 35161, RSSI: -57
2026-08-10 21:36:56,ID: 253,ID2: 166, Timer: 35168, RSSI: -55
2026-08-10 21:36:56,ID: 253,ID2: 166, Timer: 35168, RSSI: -55
2026-08-10 21:36:56,ID: 253,ID2: 166, Timer: 35175, RSSI: -56
2026-08-10 21:36:56,ID: 253,ID2: 166, Timer: 35196, RSSI: -56
2026-08-10 21:36:56,ID: 253,ID2: 166, Timer: 35210, RSSI: -55
2026-08-10 21:36:56,ID: 253,ID2: 166, Timer: 35224, RSSI: -57
2026-08-10 21:36:56,ID: 253,ID2: 166, Timer: 35231, RSSI: -55
2026-08-10 21:36:56,ID: 253,ID2: 166, Timer: 35238, RSSI: -56
2026-08-10 21:36:56,ID: 253,ID2: 166, Timer: 35252, RSSI: -55
2026-08-10 21:36:56,ID: 253,ID2: 166, Timer: 35252, RSSI: -55
2026-08-10 21:36:56,ID: 253,ID2: 166, Timer: 35259, RSSI: -56
2026-08-10 21:36:56,ID: 253,ID2: 166, Timer: 35273, RSSI: -55
2026-08-10 21:36:56,ID: 253,ID2: 166, Timer: 35294, RSSI: -55
2026-08-10 21:36:56,ID: 253,ID2: 166, Timer: 35294, RSSI: -55
2026-08-10 21:36:56,ID: 253,ID2: 166, Timer: 35301, RSSI: -56
2026-08-10 21:36:56,ID: 253,ID2: 166, Timer: 35329, RSSI: -57
2026-08-10 21:36:56,ID: 253,ID2: 166, Timer: 35336, RSSI: -54
2026-08-10 21:36:56,ID: 253,ID2: 166, Timer: 35336, RSSI: -55
2026-08-10 21:36:56,ID: 253,ID2: 166, Timer: 35357, RSSI: -55
2026-08-10 21:36:56,ID: 253,ID2: 166, Timer: 35364, RSSI: -56
2026-08-10 21:36:56,ID: 253,ID2: 166, Timer: 35378, RSSI: -55
2026-08-10 21:36:56,ID: 253,ID2: 166, Timer: 35392, RSSI: -57
2026-08-10 21:36:56,ID: 253,ID2: 166, Timer: 35399, RSSI: -55
2026-08-10 21:36:56,ID: 253,ID2: 166, Timer: 35413, RSSI: -57
2026-08-10 21:36:56,ID: 253,ID2: 166, Timer: 35420, RSSI: -55
2026-08-10 21:36:56,ID: 253,ID2: 166, Timer: 35427, RSSI: -56
2026-08-10 21:36:56,ID: 253,ID2: 166, Timer: 35434, RSSI: -57
2026-08-10 21:36:56,ID: 253,ID2: 166, Timer: 35448, RSSI: -55
2026-08-10 21:36:56,ID: 253,ID2: 166, Timer: 35455, RSSI: -57
2026-08-10 21:36:56,ID: 253,ID2: 166, Timer: 35462, RSSI: -55
2026-08-10 21:36:56,ID: 253,ID2: 166, Timer: 35462, RSSI: -55
2026-08-10 21:36:56,ID: 253,ID2: 166, Timer: 35483, RSSI: -55
2026-08-10 21:36:56,ID: 253,ID2: 166, Timer: 35504, RSSI: -55
2026-08-10 21:36:56,ID: 253,ID2: 166, Timer: 35511, RSSI: -55
2026-08-10 21:36:56,ID: 253,ID2: 166, Timer: 35518, RSSI: -57
2026-08-10 21:36:56,ID: 253,ID2: 166, Timer: 35546, RSSI: -55
2026-08-10 21:36:56,ID: 253,ID2: 166, Timer: 35602, RSSI: -56
2026-08-10 21:36:56,ID: 253,ID2: 166, Timer: 35630, RSSI: -55
2026-08-10 21:36:56,ID: 253,ID2: 166, Timer: 35630, RSSI: -55
2026-08-10 21:36:56,ID: 253,ID2: 166, Timer: 35651, RSSI: -55
2026-08-10 21:36:56,ID: 253,ID2: 166, Timer: 35672, RSSI: -55
2026-08-10 21:36:56,ID: 253,ID2: 166, Timer: 35686, RSSI: -56
2026-08-10 21:36:56,ID: 253,ID2: 166, Timer: 35693, RSSI: -55
2026-08-10 21:36:56,ID: 253,ID2: 166, Timer: 35714, RSSI: -55
2026-08-10 21:36:56,ID: 253,ID2: 166, Timer: 35714, RSSI: -55
2026-08-10 21:36:56,ID: 253,ID2: 166, Timer: 35735, RSSI: -55
2026-08-10 21:36:56,ID: 253,ID2: 166, Timer: 35742, RSSI: -55
2026-08-10 21:36:56,ID: 253,ID2: 166, Timer: 35756, RSSI: -55
2026-08-10 21:36:56,ID: 253,ID2: 166, Timer: 35777, RSSI: -55
2026-08-10 21:36:56,ID: 253,ID2: 166, Timer: 35791, RSSI: -56
2026-08-10 21:36:56,ID: 253,ID2: 166, Timer: 35798, RSSI: -55
2026-08-10 21:36:56,ID: 253,ID2: 166, Timer: 35833, RSSI: -57
2026-08-10 21:36:56,ID: 253,ID2: 166, Timer: 35840, RSSI: -55
2026-08-10 21:36:56,ID: 253,ID2: 166, Timer: 35847, RSSI: -55
2026-08-10 21:36:56,ID: 253,ID2: 166, Timer: 35854, RSSI: -57
2026-08-10 21:36:56,ID: 253,ID2: 166, Timer: 35868, RSSI: -55
2026-08-10 21:36:56,ID: 253,ID2: 166, Timer: 35882, RSSI: -55
2026-08-10 21:36:56,ID: 253,ID2: 166, Timer: 35882, RSSI: -55
2026-08-10 21:36:56,ID: 253,ID2: 166, Timer: 35896, RSSI: -56
2026-08-10 21:36:56,ID: 253,ID2: 166, Timer: 35903, RSSI: -55
2026-08-10 21:36:56,ID: 253,ID2: 166, Timer: 35917, RSSI: -57
2026-08-10 21:36:56,ID: 253,ID2: 166, Timer: 35924, RSSI: -55
2026-08-10 21:36:56,ID: 253,ID2: 166, Timer: 35924, RSSI: -55
2026-08-10 21:36:56,ID: 253,ID2: 166, Timer: 35931, RSSI: -56
2026-08-10 21:36:56,ID: 253,ID2: 166, Timer: 35938, RSSI: -57
2026-08-10 21:36:56,ID: 253,ID2: 166, Timer: 35959, RSSI: -57
2026-08-10 21:36:56,ID: 253,ID2: 166, Timer: 35966, RSSI: -55
2026-08-10 21:36:56,ID: 253,ID2: 166, Timer: 35966, RSSI: -55
2026-08-10 21:36:56,ID: 253,ID2: 166, Timer: 35973, RSSI: -56
2026-08-10 21:36:56,ID: 253,ID2: 166, Timer: 35980, RSSI: -57
2026-08-10 21:36:56,ID: 253,ID2: 166, Timer: 35994, RSSI: -55
2026-08-10 21:36:56,ID: 253,ID2: 166, Timer: 36022, RSSI: -56
2026-08-10 21:36:56,ID: 253,ID2: 166, Timer: 36029, RSSI: -55
2026-08-10 21:36:56,ID: 253,ID2: 166, Timer: 36050, RSSI: -55
2026-08-10 21:36:56,ID: 253,ID2: 166, Timer: 36050, RSSI: -55
2026-08-10 21:36:56,ID: 253,ID2: 166, Timer: 36064, RSSI: -57
2026-08-10 21:36:56,ID: 253,ID2: 166, Timer: 36092, RSSI: -55
2026-08-10 21:36:56,ID: 253,ID2: 166, Timer: 36092, RSSI: -55
2026-08-10 21:36:56,ID: 253,ID2: 166, Timer: 36099, RSSI: -55
2026-08-10 21:36:56,ID: 253,ID2: 166, Timer: 36113, RSSI: -55
2026-08-10 21:36:56,ID: 253,ID2: 166, Timer: 36134, RSSI: -55
2026-08-10 21:36:56,ID: 253,ID2: 166, Timer: 36141, RSSI: -56
2026-08-10 21:36:56,ID: 253,ID2: 166, Timer: 36155, RSSI: -55
2026-08-10 21:36:56,ID: 253,ID2: 166, Timer: 36162, RSSI: -55
2026-08-10 21:36:56,ID: 253,ID2: 166, Timer: 36169, RSSI: -57
2026-08-10 21:36:56,ID: 253,ID2: 166, Timer: 36176, RSSI: -55
2026-08-10 21:36:56,ID: 253,ID2: 166, Timer: 36183, RSSI: -56
2026-08-10 21:36:56,ID: 253,ID2: 166, Timer: 36190, RSSI: -57
2026-08-10 21:36:56,ID: 253,ID2: 166, Timer: 36197, RSSI: -55
2026-08-10 21:36:56,ID: 253,ID2: 166, Timer: 36211, RSSI: -57
2026-08-10 21:36:56,ID: 253,ID2: 166, Timer: 36218, RSSI: -55
2026-08-10 21:36:56,ID: 253,ID2: 166, Timer: 36239, RSSI: -55
2026-08-10 21:36:56,ID: 253,ID2: 166, Timer: 36260, RSSI: -55
2026-08-10 21:36:56,ID: 253,ID2: 166, Timer: 36267, RSSI: -55
2026-08-10 21:36:56,ID: 253,ID2: 166, Timer: 36274, RSSI: -57
2026-08-10 21:36:56,ID: 253,ID2: 166, Timer: 36295, RSSI: -57
2026-08-10 21:36:56,ID: 253,ID2: 166, Timer: 36302, RSSI: -55
2026-08-10 21:36:56,ID: 253,ID2: 166, Timer: 36309, RSSI: -55
2026-08-10 21:36:56,ID: 253,ID2: 166, Timer: 36316, RSSI: -57
2026-08-10 21:36:56,ID: 253,ID2: 166, Timer: 36344, RSSI: -55
2026-08-10 21:36:56,ID: 253,ID2: 166, Timer: 36344, RSSI: -55
2026-08-10 21:36:56,ID: 253,ID2: 166, Timer: 36358, RSSI: -57
2026-08-10 21:36:56,ID: 253,ID2: 166, Timer: 36379, RSSI: -56
2026-08-10 21:36:56,ID: 253,ID2: 166, Timer: 36393, RSSI: -55
2026-08-10 21:36:56,ID: 253,ID2: 166, Timer: 36400, RSSI: -56
2026-08-10 21:36:56,ID: 253,ID2: 166, Timer: 36407, RSSI: -55
2026-08-10 21:36:56,ID: 253,ID2: 166, Timer: 36414, RSSI: -55
2026-08-10 21:36:56,ID: 253,ID2: 166, Timer: 36421, RSSI: -57
2026-08-10 21:36:56,ID: 253,ID2: 166, Timer: 36428, RSSI: -55
2026-08-10 21:36:56,ID: 253,ID2: 166, Timer: 36435, RSSI: -55
2026-08-10 21:36:56,ID: 253,ID2: 166, Timer: 36442, RSSI: -56
2026-08-10 21:36:56,ID: 253,ID2: 166, Timer: 36449, RSSI: -55
2026-08-10 21:36:56,ID: 253,ID2: 166, Timer: 36456, RSSI: -55
2026-08-10 21:36:56,ID: 253,ID2: 166, Timer: 36470, RSSI: -55
2026-08-10 21:36:56,ID: 253,ID2: 166, Timer: 36477, RSSI: -55
2026-08-10 21:36:56,ID: 253,ID2: 166, Timer: 36484, RSSI: -56
2026-08-10 21:36:56,ID: 253,ID2: 166, Timer: 36512, RSSI: -55
2026-08-10 21:36:56,ID: 253,ID2: 166, Timer: 36526, RSSI: -56
2026-08-10 21:36:56,ID: 253,ID2: 166, Timer: 36533, RSSI: -55
2026-08-10 21:36:56,ID: 253,ID2: 166, Timer: 36540, RSSI: -55
2026-08-10 21:36:56,ID: 253,ID2: 166, Timer: 36554, RSSI: -55
2026-08-10 21:36:56,ID: 253,ID2: 166, Timer: 36568, RSSI: -57
2026-08-10 21:36:56,ID: 253,ID2: 166, Timer: 36575, RSSI: -55
2026-08-10 21:36:56,ID: 253,ID2: 166, Timer: 36582, RSSI: -55
2026-08-10 21:36:56,ID: 253,ID2: 166, Timer: 36596, RSSI: -55
2026-08-10 21:36:56,ID: 253,ID2: 166, Timer: 36624, RSSI: -55
2026-08-10 21:36:56,ID: 253,ID2: 166, Timer: 36631, RSSI: -57
2026-08-10 21:36:56,ID: 253,ID2: 166, Timer: 36638, RSSI: -55
2026-08-10 21:36:56,ID: 253,ID2: 166, Timer: 36673, RSSI: -57
2026-08-10 21:36:56,ID: 253,ID2: 166, Timer: 36680, RSSI: -55
2026-08-10 21:36:56,ID: 253,ID2: 166, Timer: 36694, RSSI: -56
2026-08-10 21:36:56,ID: 253,ID2: 166, Timer: 36715, RSSI: -56
2026-08-10 21:36:56,ID: 253,ID2: 166, Timer: 36722, RSSI: -55
2026-08-10 21:36:56,ID: 253,ID2: 166, Timer: 36722, RSSI: -55
2026-08-10 21:36:56,ID: 253,ID2: 166, Timer: 36736, RSSI: -56
2026-08-10 21:36:56,ID: 253,ID2: 166, Timer: 36743, RSSI: -55
2026-08-10 21:36:56,ID: 253,ID2: 166, Timer: 36764, RSSI: -55
2026-08-10 21:36:56,ID: 253,ID2: 166, Timer: 36771, RSSI: -56
2026-08-10 21:36:56,ID: 253,ID2: 166, Timer: 36785, RSSI: -55
2026-08-10 21:36:56,ID: 253,ID2: 166, Timer: 36806, RSSI: -55
2026-08-10 21:36:56,ID: 253,ID2: 166, Timer: 36813, RSSI: -55
2026-08-10 21:36:56,ID: 253,ID2: 166, Timer: 36834, RSSI: -56
2026-08-10 21:36:56,ID: 253,ID2: 166, Timer: 36848, RSSI: -55
2026-08-10 21:36:56,ID: 253,ID2: 166, Timer: 36855, RSSI: -55
2026-08-10 21:36:56,ID: 253,ID2: 166, Timer: 36876, RSSI: -55
2026-08-10 21:36:56,ID: 253,ID2: 166, Timer: 36890, RSSI: -55
2026-08-10 21:36:56,ID: 253,ID2: 166, Timer: 36904, RSSI: -56
2026-08-10 21:36:56,ID: 253,ID2: 166, Timer: 36911, RSSI: -55
2026-08-10 21:36:56,ID: 253,ID2: 166, Timer: 36932, RSSI: -55
2026-08-10 21:36:56,ID: 253,ID2: 166, Timer: 36939, RSSI: -56
2026-08-10 21:36:56,ID: 253,ID2: 166, Timer: 36946, RSSI: -56
2026-08-10 21:36:56,ID: 253,ID2: 166, Timer: 36953, RSSI: -55
2026-08-10 21:36:56,ID: 253,ID2: 166, Timer: 36960, RSSI: -56
2026-08-10 21:36:56,ID: 253,ID2: 166, Timer: 36967, RSSI: -57
2026-08-10 21:36:56,ID: 253,ID2: 166, Timer: 36974, RSSI: -55
2026-08-10 21:36:56,ID: 253,ID2: 166, Timer: 36981, RSSI: -56
2026-08-10 21:36:56,ID: 253,ID2: 166, Timer: 36988, RSSI: -56
2026-08-10 21:36:56,ID: 253,ID2: 166, Timer: 37016, RSSI: -55
2026-08-10 21:36:56,ID: 253,ID2: 166, Timer: 37023, RSSI: -56
2026-08-10 21:36:56,ID: 253,ID2: 166, Timer: 37030, RSSI: -56
2026-08-10 21:36:56,ID: 253,ID2: 166, Timer: 37037, RSSI: -55
2026-08-10 21:36:56,ID: 253,ID2: 166, Timer: 37044, RSSI: -55
2026-08-10 21:36:56,ID: 253,ID2: 166, Timer: 37051, RSSI: -56
2026-08-10 21:36:56,ID: 253,ID2: 166, Timer: 37058, RSSI: -55
2026-08-10 21:36:56,ID: 253,ID2: 166, Timer: 37072, RSSI: -56
2026-08-10 21:36:56,ID: 253,ID2: 166, Timer: 37079, RSSI: -55
2026-08-10 21:36:56,ID: 253,ID2: 166, Timer: 37100, RSSI: -55
2026-08-10 21:36:56,ID: 253,ID2: 166, Timer: 37114, RSSI: -56
2026-08-10 21:36:56,ID: 253,ID2: 166, Timer: 37142, RSSI: -55
2026-08-10 21:36:56,ID: 253,ID2: 166, Timer: 37156, RSSI: -57
2026-08-10 21:36:56,ID: 253,ID2: 166, Timer: 37170, RSSI: -56
2026-08-10 21:36:56,ID: 253,ID2: 166, Timer: 37177, RSSI: -56
2026-08-10 21:36:56,ID: 253,ID2: 166, Timer: 37184, RSSI: -55
2026-08-10 21:36:56,ID: 253,ID2: 166, Timer: 37198, RSSI: -56
2026-08-10 21:36:56,ID: 253,ID2: 166, Timer: 37212, RSSI: -56
2026-08-10 21:36:56,ID: 253,ID2: 166, Timer: 37226, RSSI: -55
2026-08-10 21:36:56,ID: 253,ID2: 166, Timer: 37226, RSSI: -55
2026-08-10 21:36:56,ID: 253,ID2: 166, Timer: 37240, RSSI: -57
2026-08-10 21:36:56,ID: 253,ID2: 166, Timer: 37261, RSSI: -57
2026-08-10 21:36:56,ID: 253,ID2: 166, Timer: 37268, RSSI: -55
2026-08-10 21:36:56,ID: 253,ID2: 166, Timer: 37310, RSSI: -55
2026-08-10 21:36:56,ID: 253,ID2: 166, Timer: 37331, RSSI: -55
2026-08-10 21:36:56,ID: 253,ID2: 166, Timer: 37352, RSSI: -55
2026-08-10 21:36:56,ID: 253,ID2: 166, Timer: 37373, RSSI: -55
2026-08-10 21:36:56,ID: 253,ID2: 166, Timer: 37380, RSSI: -56
2026-08-10 21:36:56,ID: 253,ID2: 166, Timer: 37387, RSSI: -57
2026-08-10 21:36:56,ID: 253,ID2: 166, Timer: 37394, RSSI: -55
2026-08-10 21:36:56,ID: 253,ID2: 166, Timer: 37408, RSSI: -57
2026-08-10 21:36:56,ID: 253,ID2: 166, Timer: 37422, RSSI: -56
2026-08-10 21:36:56,ID: 253,ID2: 166, Timer: 37429, RSSI: -56
2026-08-10 21:36:56,ID: 253,ID2: 166, Timer: 37436, RSSI: -55
2026-08-10 21:36:56,ID: 253,ID2: 166, Timer: 37443, RSSI: -56
2026-08-10 21:36:56,ID: 253,ID2: 166, Timer: 37457, RSSI: -55
2026-08-10 21:36:56,ID: 253,ID2: 166, Timer: 37471, RSSI: -57
2026-08-10 21:36:56,ID: 253,ID2: 166, Timer: 37499, RSSI: -55
2026-08-10 21:36:56,ID: 253,ID2: 166, Timer: 37520, RSSI: -55
2026-08-10 21:36:56,ID: 253,ID2: 166, Timer: 37520, RSSI: -55
2026-08-10 21:36:56,ID: 253,ID2: 166, Timer: 37534, RSSI: -57
2026-08-10 21:36:56,ID: 253,ID2: 166, Timer: 37562, RSSI: -55
2026-08-10 21:36:56,ID: 253,ID2: 166, Timer: 37583, RSSI: -55
2026-08-10 21:36:56,ID: 253,ID2: 166, Timer: 37604, RSSI: -55
2026-08-10 21:36:56,ID: 253,ID2: 166, Timer: 37618, RSSI: -57
2026-08-10 21:36:56,ID: 253,ID2: 166, Timer: 37646, RSSI: -55
2026-08-10 21:36:56,ID: 253,ID2: 166, Timer: 37667, RSSI: -55
2026-08-10 21:36:56,ID: 253,ID2: 166, Timer: 37674, RSSI: -55
2026-08-10 21:36:56,ID: 253,ID2: 166, Timer: 37688, RSSI: -55
2026-08-10 21:36:56,ID: 253,ID2: 166, Timer: 37688, RSSI: -55
2026-08-10 21:36:56,ID: 253,ID2: 166, Timer: 37709, RSSI: -55
2026-08-10 21:36:56,ID: 253,ID2: 166, Timer: 37730, RSSI: -55
2026-08-10 21:36:56,ID: 253,ID2: 166, Timer: 37730, RSSI: -55
2026-08-10 21:36:56,ID: 253,ID2: 166, Timer: 37737, RSSI: -56
2026-08-10 21:36:56,ID: 253,ID2: 166, Timer: 37758, RSSI: -56
2026-08-10 21:36:56,ID: 253,ID2: 166, Timer: 37765, RSSI: -57
2026-08-10 21:36:56,ID: 253,ID2: 166, Timer: 37772, RSSI: -55
2026-08-10 21:36:56,ID: 253,ID2: 166, Timer: 37772, RSSI: -55
2026-08-10 21:36:56,ID: 253,ID2: 166, Timer: 37786, RSSI: -57
2026-08-10 21:36:56,ID: 253,ID2: 166, Timer: 37814, RSSI: -55
2026-08-10 21:36:56,ID: 253,ID2: 166, Timer: 37835, RSSI: -55
2026-08-10 21:36:56,ID: 253,ID2: 166, Timer: 37856, RSSI: -55
2026-08-10 21:36:56,ID: 253,ID2: 166, Timer: 37856, RSSI: -55
2026-08-10 21:36:56,ID: 253,ID2: 166, Timer: 37870, RSSI: -56
2026-08-10 21:36:56,ID: 253,ID2: 166, Timer: 37877, RSSI: -55
2026-08-10 21:36:56,ID: 253,ID2: 166, Timer: 37884, RSSI: -56
2026-08-10 21:36:56,ID: 253,ID2: 166, Timer: 37891, RSSI: -56
2026-08-10 21:36:56,ID: 253,ID2: 166, Timer: 37898, RSSI: -55
2026-08-10 21:36:56,ID: 253,ID2: 166, Timer: 37898, RSSI: -55
2026-08-10 21:36:56,ID: 253,ID2: 166, Timer: 37905, RSSI: -55
2026-08-10 21:36:56,ID: 253,ID2: 166, Timer: 37912, RSSI: -57
2026-08-10 21:36:56,ID: 253,ID2: 166, Timer: 37919, RSSI: -55
2026-08-10 21:36:56,ID: 253,ID2: 166, Timer: 37933, RSSI: -56
2026-08-10 21:36:56,ID: 253,ID2: 166, Timer: 37940, RSSI: -55
2026-08-10 21:36:56,ID: 253,ID2: 166, Timer: 37975, RSSI: -57
2026-08-10 21:36:56,ID: 253,ID2: 166, Timer: 37982, RSSI: -55
2026-08-10 21:36:56,ID: 253,ID2: 166, Timer: 37989, RSSI: -56
2026-08-10 21:36:56,ID: 253,ID2: 166, Timer: 37996, RSSI: -57
2026-08-10 21:36:56,ID: 253,ID2: 166, Timer: 38010, RSSI: -55
2026-08-10 21:36:56,ID: 253,ID2: 166, Timer: 38017, RSSI: -57
2026-08-10 21:36:56,ID: 253,ID2: 166, Timer: 38024, RSSI: -55
2026-08-10 21:36:56,ID: 253,ID2: 166, Timer: 38059, RSSI: -57
2026-08-10 21:36:56,ID: 253,ID2: 166, Timer: 38066, RSSI: -55
2026-08-10 21:36:56,ID: 253,ID2: 166, Timer: 38108, RSSI: -55
2026-08-10 21:36:56,ID: 253,ID2: 166, Timer: 38129, RSSI: -55
2026-08-10 21:36:56,ID: 253,ID2: 166, Timer: 38164, RSSI: -57
2026-08-10 21:36:56,ID: 253,ID2: 166, Timer: 38171, RSSI: -55
2026-08-10 21:36:56,ID: 253,ID2: 166, Timer: 38192, RSSI: -55
2026-08-10 21:36:56,ID: 253,ID2: 166, Timer: 38199, RSSI: -55
2026-08-10 21:36:56,ID: 253,ID2: 166, Timer: 38227, RSSI: -56
2026-08-10 21:36:56,ID: 253,ID2: 166, Timer: 38234, RSSI: -55
2026-08-10 21:36:56,ID: 253,ID2: 166, Timer: 38241, RSSI: -56
2026-08-10 21:36:56,ID: 253,ID2: 166, Timer: 38255, RSSI: -55
2026-08-10 21:36:56,ID: 253,ID2: 166, Timer: 38262, RSSI: -56
2026-08-10 21:36:56,ID: 253,ID2: 166, Timer: 38276, RSSI: -55
2026-08-10 21:36:56,ID: 253,ID2: 166, Timer: 38290, RSSI: -57
2026-08-10 21:36:56,ID: 253,ID2: 166, Timer: 38297, RSSI: -55
2026-08-10 21:36:56,ID: 253,ID2: 166, Timer: 38304, RSSI: -56
2026-08-10 21:36:56,ID: 253,ID2: 166, Timer: 38318, RSSI: -55
2026-08-10 21:36:56,ID: 253,ID2: 166, Timer: 38332, RSSI: -57
2026-08-10 21:36:56,ID: 253,ID2: 166, Timer: 38339, RSSI: -55
2026-08-10 21:36:56,ID: 253,ID2: 166, Timer: 38346, RSSI: -55
2026-08-10 21:36:56,ID: 253,ID2: 166, Timer: 38360, RSSI: -55
2026-08-10 21:36:56,ID: 253,ID2: 166, Timer: 38367, RSSI: -55
2026-08-10 21:36:56,ID: 253,ID2: 166, Timer: 38374, RSSI: -57
2026-08-10 21:36:56,ID: 253,ID2: 166, Timer: 38381, RSSI: -54
2026-08-10 21:36:56,ID: 253,ID2: 166, Timer: 38395, RSSI: -57
2026-08-10 21:36:56,ID: 253,ID2: 166, Timer: 38402, RSSI: -56
2026-08-10 21:36:56,ID: 253,ID2: 166, Timer: 38409, RSSI: -55
2026-08-10 21:36:56,ID: 253,ID2: 166, Timer: 38416, RSSI: -57
2026-08-10 21:36:56,ID: 253,ID2: 166, Timer: 38437, RSSI: -57
2026-08-10 21:36:56,ID: 253,ID2: 166, Timer: 38451, RSSI: -55
2026-08-10 21:36:56,ID: 253,ID2: 166, Timer: 38458, RSSI: -57
2026-08-10 21:36:56,ID: 253,ID2: 166, Timer: 38472, RSSI: -54
2026-08-10 21:36:56,ID: 253,ID2: 166, Timer: 38486, RSSI: -55
2026-08-10 21:36:56,ID: 253,ID2: 166, Timer: 38500, RSSI: -57
2026-08-10 21:36:56,ID: 253,ID2: 166, Timer: 38528, RSSI: -55
2026-08-10 21:36:56,ID: 253,ID2: 166, Timer: 38535, RSSI: -55
2026-08-10 21:36:56,ID: 253,ID2: 166, Timer: 38556, RSSI: -55
2026-08-10 21:36:56,ID: 253,ID2: 166, Timer: 38570, RSSI: -55
2026-08-10 21:36:56,ID: 253,ID2: 166, Timer: 38577, RSSI: -55
2026-08-10 21:36:56,ID: 253,ID2: 166, Timer: 38591, RSSI: -55
2026-08-10 21:36:56,ID: 253,ID2: 166, Timer: 38612, RSSI: -55
2026-08-10 21:36:56,ID: 253,ID2: 166, Timer: 38612, RSSI: -55
2026-08-10 21:36:56,ID: 253,ID2: 166, Timer: 38619, RSSI: -55
2026-08-10 21:36:56,ID: 253,ID2: 166, Timer: 38647, RSSI: -57
2026-08-10 21:36:56,ID: 253,ID2: 166, Timer: 38654, RSSI: -55
2026-08-10 21:36:56,ID: 253,ID2: 166, Timer: 38661, RSSI: -55
2026-08-10 21:36:56,ID: 253,ID2: 166, Timer: 38682, RSSI: -55
2026-08-10 21:36:56,ID: 253,ID2: 166, Timer: 38689, RSSI: -57
2026-08-10 21:36:56,ID: 253,ID2: 166, Timer: 38696, RSSI: -55
2026-08-10 21:36:56,ID: 253,ID2: 166, Timer: 38731, RSSI: -57
2026-08-10 21:36:56,ID: 253,ID2: 166, Timer: 38738, RSSI: -55
2026-08-10 21:36:56,ID: 253,ID2: 166, Timer: 38752, RSSI: -57
2026-08-10 21:36:56,ID: 253,ID2: 166, Timer: 38759, RSSI: -55
2026-08-10 21:36:56,ID: 253,ID2: 166, Timer: 38766, RSSI: -55
2026-08-10 21:36:56,ID: 253,ID2: 166, Timer: 38773, RSSI: -57
2026-08-10 21:36:56,ID: 253,ID2: 166, Timer: 38780, RSSI: -55
2026-08-10 21:36:56,ID: 253,ID2: 166, Timer: 38787, RSSI: -55
2026-08-10 21:36:56,ID: 253,ID2: 166, Timer: 38801, RSSI: -55
2026-08-10 21:36:56,ID: 253,ID2: 166, Timer: 38808, RSSI: -55
2026-08-10 21:36:56,ID: 253,ID2: 166, Timer: 38822, RSSI: -55
2026-08-10 21:36:56,ID: 253,ID2: 166, Timer: 38836, RSSI: -57
2026-08-10 21:36:56,ID: 253,ID2: 166, Timer: 38843, RSSI: -55
2026-08-10 21:36:56,ID: 253,ID2: 166, Timer: 38864, RSSI: -55
2026-08-10 21:36:56,ID: 253,ID2: 166, Timer: 38878, RSSI: -57
2026-08-10 21:36:56,ID: 253,ID2: 166, Timer: 38906, RSSI: -55
2026-08-10 21:36:56,ID: 253,ID2: 166, Timer: 38906, RSSI: -55
2026-08-10 21:36:56,ID: 253,ID2: 166, Timer: 38948, RSSI: -55
2026-08-10 21:36:56,ID: 253,ID2: 166, Timer: 38955, RSSI: -55
2026-08-10 21:36:56,ID: 253,ID2: 166, Timer: 38976, RSSI: -55
2026-08-10 21:36:56,ID: 253,ID2: 166, Timer: 38990, RSSI: -55
2026-08-10 21:36:56,ID: 253,ID2: 166, Timer: 39011, RSSI: -53
2026-08-10 21:36:56,ID: 253,ID2: 166, Timer: 39018, RSSI: -60
2026-08-10 21:36:56,ID: 253,ID2: 166, Timer: 39025, RSSI: -57
2026-08-10 21:36:56,ID: 253,ID2: 166, Timer: 39032, RSSI: -53
2026-08-10 21:36:56,ID: 253,ID2: 166, Timer: 39039, RSSI: -55
2026-08-10 21:36:56,ID: 253,ID2: 166, Timer: 39053, RSSI: -53
2026-08-10 21:36:56,ID: 253,ID2: 166, Timer: 39067, RSSI: -56
2026-08-10 21:36:56,ID: 253,ID2: 166, Timer: 39074, RSSI: -54
2026-08-10 21:36:56,ID: 253,ID2: 166, Timer: 39081, RSSI: -55
2026-08-10 21:36:56,ID: 253,ID2: 166, Timer: 39095, RSSI: -52
2026-08-10 21:36:56,ID: 253,ID2: 166, Timer: 39102, RSSI: -55
2026-08-10 21:36:56,ID: 253,ID2: 166, Timer: 39116, RSSI: -53
2026-08-10 21:36:56,ID: 253,ID2: 166, Timer: 39116, RSSI: -53
2026-08-10 21:36:56,ID: 253,ID2: 166, Timer: 39130, RSSI: -54
2026-08-10 21:36:56,ID: 253,ID2: 166, Timer: 39137, RSSI: -52
2026-08-10 21:36:56,ID: 253,ID2: 166, Timer: 39151, RSSI: -56
2026-08-10 21:36:56,ID: 253,ID2: 166, Timer: 39158, RSSI: -54
2026-08-10 21:36:56,ID: 253,ID2: 166, Timer: 39200, RSSI: -54
2026-08-10 21:36:56,ID: 253,ID2: 166, Timer: 39200, RSSI: -54
2026-08-10 21:36:56,ID: 253,ID2: 166, Timer: 39207, RSSI: -62
2026-08-10 21:36:56,ID: 253,ID2: 166, Timer: 39221, RSSI: -54
2026-08-10 21:36:56,ID: 253,ID2: 166, Timer: 39235, RSSI: -57
2026-08-10 21:36:56,ID: 253,ID2: 166, Timer: 39242, RSSI: -55
2026-08-10 21:36:56,ID: 253,ID2: 166, Timer: 39249, RSSI: -62
2026-08-10 21:36:56,ID: 253,ID2: 166, Timer: 39256, RSSI: -56
2026-08-10 21:36:56,ID: 253,ID2: 166, Timer: 39270, RSSI: -58
2026-08-10 21:36:56,ID: 253,ID2: 166, Timer: 39277, RSSI: -56
2026-08-10 21:36:56,ID: 253,ID2: 166, Timer: 39284, RSSI: -54
2026-08-10 21:36:56,ID: 253,ID2: 166, Timer: 39291, RSSI: -58
2026-08-10 21:36:56,ID: 253,ID2: 166, Timer: 39305, RSSI: -53
2026-08-10 21:36:56,ID: 253,ID2: 166, Timer: 39319, RSSI: -58
2026-08-10 21:36:56,ID: 253,ID2: 166, Timer: 39340, RSSI: -57
2026-08-10 21:36:56,ID: 253,ID2: 166, Timer: 39347, RSSI: -55
2026-08-10 21:36:56,ID: 253,ID2: 166, Timer: 39354, RSSI: -59
2026-08-10 21:36:56,ID: 253,ID2: 166, Timer: 39368, RSSI: -54
2026-08-10 21:36:56,ID: 253,ID2: 166, Timer: 39375, RSSI: -58
2026-08-10 21:36:56,ID: 253,ID2: 166, Timer: 39382, RSSI: -55
2026-08-10 21:36:56,ID: 253,ID2: 166, Timer: 39396, RSSI: -58
2026-08-10 21:36:56,ID: 253,ID2: 166, Timer: 39410, RSSI: -54
2026-08-10 21:36:56,ID: 253,ID2: 166, Timer: 39410, RSSI: -54
2026-08-10 21:36:56,ID: 253,ID2: 166, Timer: 39438, RSSI: -58
2026-08-10 21:36:56,ID: 253,ID2: 166, Timer: 39445, RSSI: -56
2026-08-10 21:36:56,ID: 253,ID2: 166, Timer: 39452, RSSI: -54
2026-08-10 21:36:56,ID: 253,ID2: 166, Timer: 39466, RSSI: -55
2026-08-10 21:36:56,ID: 253,ID2: 166, Timer: 39487, RSSI: -56
2026-08-10 21:36:56,ID: 253,ID2: 166, Timer: 39494, RSSI: -54
2026-08-10 21:36:56,ID: 253,ID2: 166, Timer: 39501, RSSI: -64
2026-08-10 21:36:56,ID: 253,ID2: 166, Timer: 39508, RSSI: -57
2026-08-10 21:36:56,ID: 253,ID2: 166, Timer: 39522, RSSI: -56
2026-08-10 21:36:56,ID: 253,ID2: 166, Timer: 39529, RSSI: -58
2026-08-10 21:36:56,ID: 253,ID2: 166, Timer: 39536, RSSI: -56
2026-08-10 21:36:56,ID: 253,ID2: 166, Timer: 39543, RSSI: -56
2026-08-10 21:36:56,ID: 253,ID2: 166, Timer: 39550, RSSI: -61
2026-08-10 21:36:56,ID: 253,ID2: 166, Timer: 39557, RSSI: -54
2026-08-10 21:36:56,ID: 253,ID2: 166, Timer: 39578, RSSI: -56
2026-08-10 21:36:56,ID: 253,ID2: 166, Timer: 39606, RSSI: -55
2026-08-10 21:36:56,ID: 253,ID2: 166, Timer: 39620, RSSI: -54
2026-08-10 21:36:56,ID: 253,ID2: 166, Timer: 39634, RSSI: -58
2026-08-10 21:36:56,ID: 253,ID2: 166, Timer: 39655, RSSI: -58
2026-08-10 21:36:56,ID: 253,ID2: 166, Timer: 39662, RSSI: -54
2026-08-10 21:36:56,ID: 253,ID2: 166, Timer: 39676, RSSI: -58
2026-08-10 21:36:56,ID: 253,ID2: 166, Timer: 39690, RSSI: -56
2026-08-10 21:36:56,ID: 253,ID2: 166, Timer: 39697, RSSI: -58
2026-08-10 21:36:56,ID: 253,ID2: 166, Timer: 39704, RSSI: -54
2026-08-10 21:36:56,ID: 253,ID2: 166, Timer: 39718, RSSI: -58
2026-08-10 21:36:56,ID: 253,ID2: 166, Timer: 39725, RSSI: -55
2026-08-10 21:36:56,ID: 253,ID2: 166, Timer: 39746, RSSI: -55
2026-08-10 21:36:56,ID: 253,ID2: 166, Timer: 39774, RSSI: -56
2026-08-10 21:36:56,ID: 253,ID2: 166, Timer: 39788, RSSI: -55
2026-08-10 21:36:56,ID: 253,ID2: 166, Timer: 39795, RSSI: -56
2026-08-10 21:36:56,ID: 253,ID2: 166, Timer: 39802, RSSI: -58
2026-08-10 21:36:56,ID: 253,ID2: 166, Timer: 39830, RSSI: -54
2026-08-10 21:36:56,ID: 253,ID2: 166, Timer: 39830, RSSI: -55
2026-08-10 21:36:56,ID: 253,ID2: 166, Timer: 39837, RSSI: -56
2026-08-10 21:36:56,ID: 253,ID2: 166, Timer: 39844, RSSI: -58
2026-08-10 21:36:56,ID: 253,ID2: 166, Timer: 39851, RSSI: -55
2026-08-10 21:36:56,ID: 253,ID2: 166, Timer: 39858, RSSI: -56
2026-08-10 21:36:56,ID: 253,ID2: 166, Timer: 39865, RSSI: -58
2026-08-10 21:36:56,ID: 253,ID2: 166, Timer: 39872, RSSI: -55
2026-08-10 21:36:56,ID: 253,ID2: 166, Timer: 39886, RSSI: -58
2026-08-10 21:36:56,ID: 253,ID2: 166, Timer: 39914, RSSI: -57
2026-08-10 21:36:56,ID: 253,ID2: 166, Timer: 39921, RSSI: -57
2026-08-10 21:36:56,ID: 253,ID2: 166, Timer: 39935, RSSI: -57
2026-08-10 21:36:56,ID: 253,ID2: 166, Timer: 39956, RSSI: -57
2026-08-10 21:36:56,ID: 253,ID2: 166, Timer: 39963, RSSI: -57
2026-08-10 21:36:56,ID: 253,ID2: 166, Timer: 39970, RSSI: -58
2026-08-10 21:36:56,ID: 253,ID2: 166, Timer: 39998, RSSI: -57
2026-08-10 21:36:56,ID: 253,ID2: 166, Timer: 40005, RSSI: -57
2026-08-10 21:36:56,ID: 253,ID2: 166, Timer: 40033, RSSI: -58
2026-08-10 21:36:56,ID: 253,ID2: 166, Timer: 40040, RSSI: -57
2026-08-10 21:36:56,ID: 253,ID2: 166, Timer: 40047, RSSI: -57
2026-08-10 21:36:56,ID: 253,ID2: 166, Timer: 40054, RSSI: -58
2026-08-10 21:36:56,ID: 253,ID2: 166, Timer: 40068, RSSI: -57
2026-08-10 21:36:56,ID: 253,ID2: 166, Timer: 40082, RSSI: -57
2026-08-10 21:36:56,ID: 253,ID2: 166, Timer: 40082, RSSI: -57
2026-08-10 21:36:56,ID: 253,ID2: 166, Timer: 40124, RSSI: -57
2026-08-10 21:36:56,ID: 253,ID2: 166, Timer: 40138, RSSI: -58
2026-08-10 21:36:56,ID: 253,ID2: 166, Timer: 40145, RSSI: -57
2026-08-10 21:36:56,ID: 253,ID2: 166, Timer: 40159, RSSI: -58
2026-08-10 21:36:56,ID: 253,ID2: 166, Timer: 40166, RSSI: -57
2026-08-10 21:36:56,ID: 253,ID2: 166, Timer: 40180, RSSI: -58
2026-08-10 21:36:56,ID: 253,ID2: 166, Timer: 40208, RSSI: -57
2026-08-10 21:36:56,ID: 253,ID2: 166, Timer: 40215, RSSI: -57
2026-08-10 21:36:56,ID: 253,ID2: 166, Timer: 40222, RSSI: -58
2026-08-10 21:36:56,ID: 253,ID2: 166, Timer: 40243, RSSI: -58
2026-08-10 21:36:56,ID: 253,ID2: 166, Timer: 40250, RSSI: -57
2026-08-10 21:36:56,ID: 253,ID2: 166, Timer: 40257, RSSI: -57
2026-08-10 21:36:56,ID: 253,ID2: 166, Timer: 40264, RSSI: -58
2026-08-10 21:36:56,ID: 253,ID2: 166, Timer: 40271, RSSI: -57
2026-08-10 21:36:56,ID: 253,ID2: 166, Timer: 40278, RSSI: -57
2026-08-10 21:36:56,ID: 253,ID2: 166, Timer: 40292, RSSI: -57
2026-08-10 21:36:56,ID: 253,ID2: 166, Timer: 40292, RSSI: -57
2026-08-10 21:36:56,ID: 253,ID2: 166, Timer: 40313, RSSI: -57
2026-08-10 21:36:56,ID: 253,ID2: 166, Timer: 40334, RSSI: -57
2026-08-10 21:36:56,ID: 253,ID2: 166, Timer: 40341, RSSI: -57
2026-08-10 21:36:56,ID: 253,ID2: 166, Timer: 40348, RSSI: -58
2026-08-10 21:36:56,ID: 253,ID2: 166, Timer: 40376, RSSI: -57
2026-08-10 21:36:56,ID: 253,ID2: 166, Timer: 40383, RSSI: -57
2026-08-10 21:36:56,ID: 253,ID2: 166, Timer: 40411, RSSI: -58
2026-08-10 21:36:56,ID: 253,ID2: 166, Timer: 40418, RSSI: -57
2026-08-10 21:36:56,ID: 253,ID2: 166, Timer: 40439, RSSI: -57
2026-08-10 21:36:56,ID: 253,ID2: 166, Timer: 40460, RSSI: -57
2026-08-10 21:36:56,ID: 253,ID2: 166, Timer: 40474, RSSI: -58
2026-08-10 21:36:56,ID: 253,ID2: 166, Timer: 40481, RSSI: -57
2026-08-10 21:36:56,ID: 253,ID2: 166, Timer: 40495, RSSI: -58
2026-08-10 21:36:56,ID: 253,ID2: 166, Timer: 40502, RSSI: -57
2026-08-10 21:36:56,ID: 253,ID2: 166, Timer: 40509, RSSI: -57
2026-08-10 21:36:56,ID: 253,ID2: 166, Timer: 40523, RSSI: -57
2026-08-10 21:36:56,ID: 253,ID2: 166, Timer: 40537, RSSI: -58
2026-08-10 21:36:56,ID: 253,ID2: 166, Timer: 40544, RSSI: -57
2026-08-10 21:36:56,ID: 253,ID2: 166, Timer: 40551, RSSI: -57
2026-08-10 21:36:56,ID: 253,ID2: 166, Timer: 40558, RSSI: -58
2026-08-10 21:36:56,ID: 253,ID2: 166, Timer: 40565, RSSI: -57
2026-08-10 21:36:56,ID: 253,ID2: 166, Timer: 40579, RSSI: -58
2026-08-10 21:36:56,ID: 253,ID2: 166, Timer: 40586, RSSI: -57
2026-08-10 21:36:56,ID: 253,ID2: 166, Timer: 40614, RSSI: -57
2026-08-10 21:36:56,ID: 253,ID2: 166, Timer: 40628, RSSI: -57
2026-08-10 21:36:56,ID: 253,ID2: 166, Timer: 40649, RSSI: -57
2026-08-10 21:36:56,ID: 253,ID2: 166, Timer: 40670, RSSI: -57
2026-08-10 21:36:56,ID: 253,ID2: 166, Timer: 40677, RSSI: -56
2026-08-10 21:36:56,ID: 253,ID2: 166, Timer: 40691, RSSI: -57
2026-08-10 21:36:56,ID: 253,ID2: 166, Timer: 40712, RSSI: -57
2026-08-10 21:36:56,ID: 253,ID2: 166, Timer: 40726, RSSI: -58
2026-08-10 21:36:56,ID: 253,ID2: 166, Timer: 40740, RSSI: -56
2026-08-10 21:36:56,ID: 253,ID2: 166, Timer: 40775, RSSI: -57
2026-08-10 21:36:56,ID: 253,ID2: 166, Timer: 40789, RSSI: -58
2026-08-10 21:36:56,ID: 253,ID2: 166, Timer: 40796, RSSI: -57
2026-08-10 21:36:56,ID: 253,ID2: 166, Timer: 40824, RSSI: -57
2026-08-10 21:36:56,ID: 253,ID2: 166, Timer: 40838, RSSI: -57
2026-08-10 21:36:56,ID: 253,ID2: 166, Timer: 40838, RSSI: -57
2026-08-10 21:36:56,ID: 253,ID2: 166, Timer: 40852, RSSI: -58
2026-08-10 21:36:56,ID: 253,ID2: 166, Timer: 40859, RSSI: -57
2026-08-10 21:36:56,ID: 253,ID2: 166, Timer: 40866, RSSI: -57
2026-08-10 21:36:56,ID: 253,ID2: 166, Timer: 40873, RSSI: -58
2026-08-10 21:36:56,ID: 253,ID2: 166, Timer: 40887, RSSI: -57
2026-08-10 21:36:56,ID: 253,ID2: 166, Timer: 40915, RSSI: -58
2026-08-10 21:36:56,ID: 253,ID2: 166, Timer: 40922, RSSI: -57
2026-08-10 21:36:56,ID: 253,ID2: 166, Timer: 40922, RSSI: -57
2026-08-10 21:36:56,ID: 253,ID2: 166, Timer: 40929, RSSI: -57
2026-08-10 21:36:56,ID: 253,ID2: 166, Timer: 40936, RSSI: -58
2026-08-10 21:36:56,ID: 253,ID2: 166, Timer: 40957, RSSI: -58
2026-08-10 21:36:56,ID: 253,ID2: 166, Timer: 40964, RSSI: -57
2026-08-10 21:36:56,ID: 253,ID2: 166, Timer: 40971, RSSI: -57
2026-08-10 21:36:56,ID: 253,ID2: 166, Timer: 41006, RSSI: -57
2026-08-10 21:36:56,ID: 253,ID2: 166, Timer: 41013, RSSI: -57
2026-08-10 21:36:56,ID: 253,ID2: 166, Timer: 41020, RSSI: -58
2026-08-10 21:36:56,ID: 253,ID2: 166, Timer: 41027, RSSI: -57
2026-08-10 21:36:56,ID: 253,ID2: 166, Timer: 41034, RSSI: -57
2026-08-10 21:36:56,ID: 253,ID2: 166, Timer: 41048, RSSI: -57
2026-08-10 21:36:56,ID: 253,ID2: 166, Timer: 41076, RSSI: -57
2026-08-10 21:36:56,ID: 253,ID2: 166, Timer: 41083, RSSI: -58
2026-08-10 21:36:56,ID: 253,ID2: 166, Timer: 41090, RSSI: -57
2026-08-10 21:36:56,ID: 253,ID2: 166, Timer: 41111, RSSI: -57
2026-08-10 21:36:56,ID: 253,ID2: 166, Timer: 41132, RSSI: -57
2026-08-10 21:36:56,ID: 253,ID2: 166, Timer: 41139, RSSI: -57
2026-08-10 21:36:56,ID: 253,ID2: 166, Timer: 41153, RSSI: -57
2026-08-10 21:36:56,ID: 253,ID2: 166, Timer: 41160, RSSI: -57
2026-08-10 21:36:56,ID: 253,ID2: 166, Timer: 41174, RSSI: -57
2026-08-10 21:36:56,ID: 253,ID2: 166, Timer: 41195, RSSI: -57
2026-08-10 21:36:56,ID: 253,ID2: 166, Timer: 41209, RSSI: -58
2026-08-10 21:36:56,ID: 253,ID2: 166, Timer: 41216, RSSI: -57
2026-08-10 21:36:56,ID: 253,ID2: 166, Timer: 41216, RSSI: -57
2026-08-10 21:36:56,ID: 253,ID2: 166, Timer: 41223, RSSI: -57
2026-08-10 21:36:56,ID: 253,ID2: 166, Timer: 41251, RSSI: -58
2026-08-10 21:36:56,ID: 253,ID2: 166, Timer: 41258, RSSI: -57
2026-08-10 21:36:56,ID: 253,ID2: 166, Timer: 41265, RSSI: -57
2026-08-10 21:36:56,ID: 253,ID2: 166, Timer: 41286, RSSI: -57
2026-08-10 21:36:56,ID: 253,ID2: 166, Timer: 41293, RSSI: -58
2026-08-10 21:36:56,ID: 253,ID2: 166, Timer: 41300, RSSI: -57
2026-08-10 21:36:56,ID: 253,ID2: 166, Timer: 41321, RSSI: -57
2026-08-10 21:36:56,ID: 253,ID2: 166, Timer: 41342, RSSI: -57
2026-08-10 21:36:56,ID: 253,ID2: 166, Timer: 41349, RSSI: -57
2026-08-10 21:36:56,ID: 253,ID2: 166, Timer: 41370, RSSI: -57
2026-08-10 21:36:56,ID: 253,ID2: 166, Timer: 41377, RSSI: -58
2026-08-10 21:36:56,ID: 253,ID2: 166, Timer: 41384, RSSI: -57
2026-08-10 21:36:56,ID: 253,ID2: 166, Timer: 41384, RSSI: -57
2026-08-10 21:36:56,ID: 253,ID2: 166, Timer: 41398, RSSI: -58
2026-08-10 21:36:56,ID: 253,ID2: 166, Timer: 41419, RSSI: -58
2026-08-10 21:36:56,ID: 253,ID2: 166, Timer: 41426, RSSI: -57
2026-08-10 21:36:56,ID: 253,ID2: 166, Timer: 41433, RSSI: -56
2026-08-10 21:36:56,ID: 253,ID2: 166, Timer: 41447, RSSI: -57
2026-08-10 21:36:56,ID: 253,ID2: 166, Timer: 41461, RSSI: -58
2026-08-10 21:36:56,ID: 253,ID2: 166, Timer: 41468, RSSI: -57
2026-08-10 21:36:56,ID: 253,ID2: 166, Timer: 41475, RSSI: -57
2026-08-10 21:36:56,ID: 253,ID2: 166, Timer: 41482, RSSI: -58
2026-08-10 21:36:56,ID: 253,ID2: 166, Timer: 41496, RSSI: -57
2026-08-10 21:36:56,ID: 253,ID2: 166, Timer: 41503, RSSI: -58
2026-08-10 21:36:56,ID: 253,ID2: 166, Timer: 41510, RSSI: -57
2026-08-10 21:36:56,ID: 253,ID2: 166, Timer: 41517, RSSI: -56
2026-08-10 21:36:56,ID: 253,ID2: 166, Timer: 41524, RSSI: -58
2026-08-10 21:36:56,ID: 253,ID2: 166, Timer: 41531, RSSI: -57
2026-08-10 21:36:56,ID: 253,ID2: 166, Timer: 41545, RSSI: -58
2026-08-10 21:36:56,ID: 253,ID2: 166, Timer: 41552, RSSI: -57
2026-08-10 21:36:56,ID: 253,ID2: 166, Timer: 41566, RSSI: -58
2026-08-10 21:36:56,ID: 253,ID2: 166, Timer: 41580, RSSI: -57
2026-08-10 21:36:56,ID: 253,ID2: 166, Timer: 41594, RSSI: -57
2026-08-10 21:36:56,ID: 253,ID2: 166, Timer: 41601, RSSI: -57
2026-08-10 21:36:56,ID: 253,ID2: 166, Timer: 41615, RSSI: -57
2026-08-10 21:36:56,ID: 253,ID2: 166, Timer: 41622, RSSI: -57
2026-08-10 21:36:56,ID: 253,ID2: 166, Timer: 41629, RSSI: -58
2026-08-10 21:36:56,ID: 253,ID2: 166, Timer: 41636, RSSI: -57
2026-08-10 21:36:56,ID: 253,ID2: 166, Timer: 41643, RSSI: -57
2026-08-10 21:36:56,ID: 253,ID2: 166, Timer: 41650, RSSI: -58
2026-08-10 21:36:56,ID: 253,ID2: 166, Timer: 41657, RSSI: -57
2026-08-10 21:36:56,ID: 253,ID2: 166, Timer: 41664, RSSI: -57
2026-08-10 21:36:56,ID: 253,ID2: 166, Timer: 41678, RSSI: -57
2026-08-10 21:36:56,ID: 253,ID2: 166, Timer: 41685, RSSI: -57
2026-08-10 21:36:56,ID: 253,ID2: 166, Timer: 41706, RSSI: -56
2026-08-10 21:36:56,ID: 253,ID2: 166, Timer: 41720, RSSI: -57
2026-08-10 21:36:56,ID: 253,ID2: 166, Timer: 41727, RSSI: -56
2026-08-10 21:36:56,ID: 253,ID2: 166, Timer: 41734, RSSI: -58
2026-08-10 21:36:56,ID: 253,ID2: 166, Timer: 41741, RSSI: -57
2026-08-10 21:36:56,ID: 253,ID2: 166, Timer: 41762, RSSI: -57
2026-08-10 21:36:56,ID: 253,ID2: 166, Timer: 41769, RSSI: -57
2026-08-10 21:36:56,ID: 253,ID2: 166, Timer: 41776, RSSI: -58
2026-08-10 21:36:56,ID: 253,ID2: 166, Timer: 41797, RSSI: -58
2026-08-10 21:36:56,ID: 253,ID2: 166, Timer: 41804, RSSI: -57
2026-08-10 21:36:56,ID: 253,ID2: 166, Timer: 41811, RSSI: -57
2026-08-10 21:36:56,ID: 253,ID2: 166, Timer: 41825, RSSI: -57
2026-08-10 21:36:56,ID: 253,ID2: 166, Timer: 41832, RSSI: -57
2026-08-10 21:36:56,ID: 253,ID2: 166, Timer: 41846, RSSI: -57
2026-08-10 21:36:56,ID: 253,ID2: 166, Timer: 41846, RSSI: -57
2026-08-10 21:36:56,ID: 253,ID2: 166, Timer: 41860, RSSI: -58
2026-08-10 21:36:56,ID: 253,ID2: 166, Timer: 41867, RSSI: -57
2026-08-10 21:36:56,ID: 253,ID2: 166, Timer: 41881, RSSI: -58
2026-08-10 21:36:56,ID: 253,ID2: 166, Timer: 41888, RSSI: -57
2026-08-10 21:36:56,ID: 253,ID2: 166, Timer: 41909, RSSI: -57
2026-08-10 21:36:56,ID: 253,ID2: 166, Timer: 41916, RSSI: -57
2026-08-10 21:36:56,ID: 253,ID2: 166, Timer: 41923, RSSI: -58
2026-08-10 21:36:56,ID: 253,ID2: 166, Timer: 41951, RSSI: -57
2026-08-10 21:36:56,ID: 253,ID2: 166, Timer: 41965, RSSI: -58
2026-08-10 21:36:56,ID: 253,ID2: 166, Timer: 41972, RSSI: -57
2026-08-10 21:36:56,ID: 253,ID2: 166, Timer: 42014, RSSI: -57
2026-08-10 21:36:56,ID: 253,ID2: 166, Timer: 42021, RSSI: -56
2026-08-10 21:36:56,ID: 253,ID2: 166, Timer: 42028, RSSI: -58
2026-08-10 21:36:56,ID: 253,ID2: 166, Timer: 42035, RSSI: -57
2026-08-10 21:36:56,ID: 253,ID2: 166, Timer: 42056, RSSI: -57
2026-08-10 21:36:56,ID: 253,ID2: 166, Timer: 42056, RSSI: -57
2026-08-10 21:36:56,ID: 253,ID2: 166, Timer: 42063, RSSI: -57
2026-08-10 21:36:56,ID: 253,ID2: 166, Timer: 42077, RSSI: -57
2026-08-10 21:36:56,ID: 253,ID2: 166, Timer: 42098, RSSI: -57
2026-08-10 21:36:56,ID: 253,ID2: 166, Timer: 42098, RSSI: -57
2026-08-10 21:36:56,ID: 253,ID2: 166, Timer: 42112, RSSI: -58
2026-08-10 21:36:56,ID: 253,ID2: 166, Timer: 42126, RSSI: -57
2026-08-10 21:36:56,ID: 253,ID2: 166, Timer: 42133, RSSI: -58
2026-08-10 21:36:56,ID: 253,ID2: 166, Timer: 42140, RSSI: -57
2026-08-10 21:36:56,ID: 253,ID2: 166, Timer: 42140, RSSI: -57
2026-08-10 21:36:56,ID: 253,ID2: 166, Timer: 42154, RSSI: -58
2026-08-10 21:36:56,ID: 253,ID2: 166, Timer: 42182, RSSI: -57
2026-08-10 21:36:56,ID: 253,ID2: 166, Timer: 42203, RSSI: -57
2026-08-10 21:36:56,ID: 253,ID2: 166, Timer: 42224, RSSI: -57
2026-08-10 21:36:56,ID: 253,ID2: 166, Timer: 42224, RSSI: -57
2026-08-10 21:36:56,ID: 253,ID2: 166, Timer: 42245, RSSI: -57
2026-08-10 21:36:56,ID: 253,ID2: 166, Timer: 42252, RSSI: -56
2026-08-10 21:36:56,ID: 253,ID2: 166, Timer: 42266, RSSI: -57
2026-08-10 21:36:56,ID: 253,ID2: 166, Timer: 42266, RSSI: -57
2026-08-10 21:36:56,ID: 253,ID2: 166, Timer: 42273, RSSI: -57
2026-08-10 21:36:56,ID: 253,ID2: 166, Timer: 42287, RSSI: -57
2026-08-10 21:36:56,ID: 253,ID2: 166, Timer: 42301, RSSI: -58
2026-08-10 21:36:56,ID: 253,ID2: 166, Timer: 42308, RSSI: -57
2026-08-10 21:36:56,ID: 253,ID2: 166, Timer: 42315, RSSI: -57
2026-08-10 21:36:56,ID: 253,ID2: 166, Timer: 42322, RSSI: -58
2026-08-10 21:36:56,ID: 253,ID2: 166, Timer: 42336, RSSI: -57
2026-08-10 21:36:56,ID: 253,ID2: 166, Timer: 42343, RSSI: -58
2026-08-10 21:36:56,ID: 253,ID2: 166, Timer: 42350, RSSI: -57
2026-08-10 21:36:56,ID: 253,ID2: 166, Timer: 42378, RSSI: -57
2026-08-10 21:36:56,ID: 253,ID2: 166, Timer: 42385, RSSI: -58
2026-08-10 21:36:56,ID: 253,ID2: 166, Timer: 42392, RSSI: -57
2026-08-10 21:36:56,ID: 253,ID2: 166, Timer: 42392, RSSI: -57
2026-08-10 21:36:56,ID: 253,ID2: 166, Timer: 42434, RSSI: -57
2026-08-10 21:36:56,ID: 253,ID2: 166, Timer: 42434, RSSI: -57
2026-08-10 21:36:56,ID: 253,ID2: 166, Timer: 42462, RSSI: -57
2026-08-10 21:36:56,ID: 253,ID2: 166, Timer: 42469, RSSI: -58
2026-08-10 21:36:56,ID: 253,ID2: 166, Timer: 42476, RSSI: -57
2026-08-10 21:36:56,ID: 253,ID2: 166, Timer: 42497, RSSI: -57
2026-08-10 21:36:56,ID: 253,ID2: 166, Timer: 42518, RSSI: -57
2026-08-10 21:36:56,ID: 253,ID2: 166, Timer: 42518, RSSI: -57
2026-08-10 21:36:56,ID: 253,ID2: 166, Timer: 42525, RSSI: -57
2026-08-10 21:36:56,ID: 253,ID2: 166, Timer: 42546, RSSI: -57
2026-08-10 21:36:56,ID: 253,ID2: 166, Timer: 42560, RSSI: -57
2026-08-10 21:36:56,ID: 253,ID2: 166, Timer: 42581, RSSI: -57
2026-08-10 21:36:56,ID: 253,ID2: 166, Timer: 42588, RSSI: -57
2026-08-10 21:36:56,ID: 253,ID2: 166, Timer: 42602, RSSI: -57
2026-08-10 21:36:56,ID: 253,ID2: 166, Timer: 42609, RSSI: -57
2026-08-10 21:36:56,ID: 253,ID2: 166, Timer: 42616, RSSI: -58
2026-08-10 21:36:56,ID: 253,ID2: 166, Timer: 42630, RSSI: -57
2026-08-10 21:36:56,ID: 253,ID2: 166, Timer: 42637, RSSI: -58
2026-08-10 21:36:56,ID: 253,ID2: 166, Timer: 42644, RSSI: -57
2026-08-10 21:36:56,ID: 253,ID2: 166, Timer: 42651, RSSI: -57
2026-08-10 21:36:56,ID: 253,ID2: 166, Timer: 42658, RSSI: -58
2026-08-10 21:36:56,ID: 253,ID2: 166, Timer: 42665, RSSI: -57
2026-08-10 21:36:56,ID: 253,ID2: 166, Timer: 42672, RSSI: -57
2026-08-10 21:36:56,ID: 253,ID2: 166, Timer: 42686, RSSI: -57
2026-08-10 21:36:56,ID: 253,ID2: 166, Timer: 42728, RSSI: -57
2026-08-10 21:36:56,ID: 253,ID2: 166, Timer: 42735, RSSI: -57
2026-08-10 21:36:56,ID: 253,ID2: 166, Timer: 42763, RSSI: -58
2026-08-10 21:36:56,ID: 253,ID2: 166, Timer: 42770, RSSI: -57
2026-08-10 21:36:56,ID: 253,ID2: 166, Timer: 42777, RSSI: -57
2026-08-10 21:36:56,ID: 253,ID2: 166, Timer: 42812, RSSI: -57
2026-08-10 21:36:56,ID: 253,ID2: 166, Timer: 42826, RSSI: -58
2026-08-10 21:36:56,ID: 253,ID2: 166, Timer: 42833, RSSI: -57
2026-08-10 21:36:56,ID: 253,ID2: 166, Timer: 42847, RSSI: -58
2026-08-10 21:36:56,ID: 253,ID2: 166, Timer: 42854, RSSI: -57
2026-08-10 21:36:56,ID: 253,ID2: 166, Timer: 42854, RSSI: -57
2026-08-10 21:36:56,ID: 253,ID2: 166, Timer: 42868, RSSI: -58
2026-08-10 21:36:56,ID: 253,ID2: 166, Timer: 42896, RSSI: -57
2026-08-10 21:36:56,ID: 253,ID2: 166, Timer: 42903, RSSI: -57
2026-08-10 21:36:56,ID: 253,ID2: 166, Timer: 42910, RSSI: -58
2026-08-10 21:36:56,ID: 253,ID2: 166, Timer: 42917, RSSI: -57
2026-08-10 21:36:56,ID: 253,ID2: 166, Timer: 42924, RSSI: -57
2026-08-10 21:36:56,ID: 253,ID2: 166, Timer: 42931, RSSI: -58
2026-08-10 21:36:56,ID: 253,ID2: 166, Timer: 42938, RSSI: -57
2026-08-10 21:36:56,ID: 253,ID2: 166, Timer: 42966, RSSI: -57
2026-08-10 21:36:56,ID: 253,ID2: 166, Timer: 42973, RSSI: -58
2026-08-10 21:36:56,ID: 253,ID2: 166, Timer: 42980, RSSI: -57
2026-08-10 21:36:56,ID: 253,ID2: 166, Timer: 42994, RSSI: -58
2026-08-10 21:36:56,ID: 253,ID2: 166, Timer: 43008, RSSI: -57
2026-08-10 21:36:56,ID: 253,ID2: 166, Timer: 43022, RSSI: -57
2026-08-10 21:36:56,ID: 253,ID2: 166, Timer: 43064, RSSI: -57
2026-08-10 21:36:56,ID: 253,ID2: 166, Timer: 43064, RSSI: -57
2026-08-10 21:36:56,ID: 253,ID2: 166, Timer: 43071, RSSI: -57
2026-08-10 21:36:56,ID: 253,ID2: 166, Timer: 43085, RSSI: -57
2026-08-10 21:36:56,ID: 253,ID2: 166, Timer: 43099, RSSI: -58
2026-08-10 21:36:56,ID: 253,ID2: 166, Timer: 43106, RSSI: -57
2026-08-10 21:36:56,ID: 253,ID2: 166, Timer: 43113, RSSI: -56
2026-08-10 21:36:56,ID: 253,ID2: 166, Timer: 43120, RSSI: -58
2026-08-10 21:36:56,ID: 253,ID2: 166, Timer: 43134, RSSI: -57
2026-08-10 21:36:56,ID: 253,ID2: 166, Timer: 43141, RSSI: -58
2026-08-10 21:36:56,ID: 253,ID2: 166, Timer: 43148, RSSI: -57
2026-08-10 21:36:56,ID: 253,ID2: 166, Timer: 43155, RSSI: -57
2026-08-10 21:36:56,ID: 253,ID2: 166, Timer: 43162, RSSI: -58
2026-08-10 21:36:56,ID: 253,ID2: 166, Timer: 43169, RSSI: -57
2026-08-10 21:36:56,ID: 253,ID2: 166, Timer: 43176, RSSI: -57
2026-08-10 21:36:56,ID: 253,ID2: 166, Timer: 43190, RSSI: -57
2026-08-10 21:36:56,ID: 253,ID2: 166, Timer: 43190, RSSI: -57
2026-08-10 21:36:56,ID: 253,ID2: 166, Timer: 43211, RSSI: -57
2026-08-10 21:36:56,ID: 253,ID2: 166, Timer: 43225, RSSI: -58
2026-08-10 21:36:56,ID: 253,ID2: 166, Timer: 43232, RSSI: -57
2026-08-10 21:36:56,ID: 253,ID2: 166, Timer: 43246, RSSI: -58
2026-08-10 21:36:56,ID: 253,ID2: 166, Timer: 43267, RSSI: -58
2026-08-10 21:36:56,ID: 253,ID2: 166, Timer: 43274, RSSI: -57
2026-08-10 21:36:56,ID: 253,ID2: 166, Timer: 43274, RSSI: -57
2026-08-10 21:36:56,ID: 253,ID2: 166, Timer: 43295, RSSI: -57
2026-08-10 21:36:56,ID: 253,ID2: 166, Timer: 43302, RSSI: -57
2026-08-10 21:36:56,ID: 253,ID2: 166, Timer: 43316, RSSI: -57
2026-08-10 21:36:56,ID: 253,ID2: 166, Timer: 43323, RSSI: -57
2026-08-10 21:36:56,ID: 253,ID2: 166, Timer: 43358, RSSI: -57
2026-08-10 21:36:56,ID: 253,ID2: 166, Timer: 43365, RSSI: -57
2026-08-10 21:36:56,ID: 253,ID2: 166, Timer: 43400, RSSI: -57
2026-08-10 21:36:56,ID: 253,ID2: 166, Timer: 43407, RSSI: -56
2026-08-10 21:36:56,ID: 253,ID2: 166, Timer: 43442, RSSI: -57
2026-08-10 21:36:56,ID: 253,ID2: 166, Timer: 43449, RSSI: -56
2026-08-10 21:36:56,ID: 253,ID2: 166, Timer: 43470, RSSI: -56
2026-08-10 21:36:56,ID: 253,ID2: 166, Timer: 43477, RSSI: -58
2026-08-10 21:36:56,ID: 253,ID2: 166, Timer: 43484, RSSI: -57
2026-08-10 21:36:56,ID: 253,ID2: 166, Timer: 43484, RSSI: -57
2026-08-10 21:36:56,ID: 253,ID2: 166, Timer: 43498, RSSI: -58
2026-08-10 21:36:56,ID: 253,ID2: 166, Timer: 43505, RSSI: -57
2026-08-10 21:36:56,ID: 253,ID2: 166, Timer: 43526, RSSI: -57
2026-08-10 21:36:56,ID: 253,ID2: 166, Timer: 43568, RSSI: -57
2026-08-10 21:36:56,ID: 253,ID2: 166, Timer: 43568, RSSI: -57
2026-08-10 21:36:56,ID: 253,ID2: 166, Timer: 43575, RSSI: -57
2026-08-10 21:36:56,ID: 253,ID2: 166, Timer: 43582, RSSI: -58
2026-08-10 21:36:56,ID: 253,ID2: 166, Timer: 43596, RSSI: -57
2026-08-10 21:36:56,ID: 253,ID2: 166, Timer: 43610, RSSI: -57
2026-08-10 21:36:56,ID: 253,ID2: 166, Timer: 43631, RSSI: -57
2026-08-10 21:36:56,ID: 253,ID2: 166, Timer: 43652, RSSI: -57
2026-08-10 21:36:56,ID: 253,ID2: 166, Timer: 43680, RSSI: -57
2026-08-10 21:36:56,ID: 253,ID2: 166, Timer: 43687, RSSI: -58
2026-08-10 21:36:56,ID: 253,ID2: 166, Timer: 43694, RSSI: -57
2026-08-10 21:36:56,ID: 253,ID2: 166, Timer: 43708, RSSI: -58
2026-08-10 21:36:56,ID: 253,ID2: 166, Timer: 43715, RSSI: -57
2026-08-10 21:36:56,ID: 253,ID2: 166, Timer: 43736, RSSI: -57
2026-08-10 21:36:56,ID: 253,ID2: 166, Timer: 43736, RSSI: -57
2026-08-10 21:36:56,ID: 253,ID2: 166, Timer: 43750, RSSI: -58
2026-08-10 21:36:56,ID: 253,ID2: 166, Timer: 43757, RSSI: -57
2026-08-10 21:36:56,ID: 253,ID2: 166, Timer: 43771, RSSI: -58
2026-08-10 21:36:56,ID: 253,ID2: 166, Timer: 43778, RSSI: -57
2026-08-10 21:36:56,ID: 253,ID2: 166, Timer: 43813, RSSI: -58
2026-08-10 21:36:56,ID: 253,ID2: 166, Timer: 43820, RSSI: -57
2026-08-10 21:36:56,ID: 253,ID2: 166, Timer: 43827, RSSI: -57
2026-08-10 21:36:56,ID: 253,ID2: 166, Timer: 43834, RSSI: -58
2026-08-10 21:36:56,ID: 253,ID2: 166, Timer: 43841, RSSI: -57
2026-08-10 21:36:56,ID: 253,ID2: 166, Timer: 43848, RSSI: -56
2026-08-10 21:36:56,ID: 253,ID2: 166, Timer: 43855, RSSI: -58
2026-08-10 21:36:56,ID: 253,ID2: 166, Timer: 43862, RSSI: -57
2026-08-10 21:36:56,ID: 253,ID2: 166, Timer: 43869, RSSI: -56
2026-08-10 21:36:56,ID: 253,ID2: 166, Timer: 43876, RSSI: -58
2026-08-10 21:36:56,ID: 253,ID2: 166, Timer: 43883, RSSI: -57
2026-08-10 21:36:56,ID: 253,ID2: 166, Timer: 43890, RSSI: -57
2026-08-10 21:36:56,ID: 253,ID2: 166, Timer: 43925, RSSI: -57
2026-08-10 21:36:56,ID: 253,ID2: 166, Timer: 43932, RSSI: -57
2026-08-10 21:36:56,ID: 253,ID2: 166, Timer: 43946, RSSI: -57
2026-08-10 21:36:56,ID: 253,ID2: 166, Timer: 43953, RSSI: -57
2026-08-10 21:36:56,ID: 253,ID2: 166, Timer: 43960, RSSI: -58
2026-08-10 21:36:56,ID: 253,ID2: 166, Timer: 43974, RSSI: -57
2026-08-10 21:36:56,ID: 253,ID2: 166, Timer: 43981, RSSI: -58
2026-08-10 21:36:56,ID: 253,ID2: 166, Timer: 43988, RSSI: -57
2026-08-10 21:36:56,ID: 253,ID2: 166, Timer: 43995, RSSI: -57
2026-08-10 21:36:56,ID: 253,ID2: 166, Timer: 44023, RSSI: -58
2026-08-10 21:36:56,ID: 253,ID2: 166, Timer: 44030, RSSI: -57
2026-08-10 21:36:56,ID: 253,ID2: 166, Timer: 44030, RSSI: -57
2026-08-10 21:36:56,ID: 253,ID2: 166, Timer: 44044, RSSI: -58
2026-08-10 21:36:56,ID: 253,ID2: 166, Timer: 44051, RSSI: -57
2026-08-10 21:36:56,ID: 253,ID2: 166, Timer: 44058, RSSI: -57
2026-08-10 21:36:56,ID: 253,ID2: 166, Timer: 44072, RSSI: -57
2026-08-10 21:36:56,ID: 253,ID2: 166, Timer: 44086, RSSI: -58
2026-08-10 21:36:56,ID: 253,ID2: 166, Timer: 44093, RSSI: -57
2026-08-10 21:36:56,ID: 253,ID2: 166, Timer: 44100, RSSI: -57
2026-08-10 21:36:56,ID: 253,ID2: 166, Timer: 44114, RSSI: -57
2026-08-10 21:36:56,ID: 253,ID2: 166, Timer: 44121, RSSI: -57
2026-08-10 21:36:56,ID: 253,ID2: 166, Timer: 44142, RSSI: -57
2026-08-10 21:36:56,ID: 253,ID2: 166, Timer: 44156, RSSI: -57
2026-08-10 21:36:56,ID: 253,ID2: 166, Timer: 44156, RSSI: -57
2026-08-10 21:36:56,ID: 253,ID2: 166, Timer: 44177, RSSI: -57
2026-08-10 21:36:56,ID: 253,ID2: 166, Timer: 44198, RSSI: -57
2026-08-10 21:36:56,ID: 253,ID2: 166, Timer: 44198, RSSI: -57
2026-08-10 21:36:56,ID: 253,ID2: 166, Timer: 44205, RSSI: -56
2026-08-10 21:36:56,ID: 253,ID2: 166, Timer: 44212, RSSI: -58
2026-08-10 21:36:56,ID: 253,ID2: 166, Timer: 44226, RSSI: -57
2026-08-10 21:36:56,ID: 253,ID2: 166, Timer: 44233, RSSI: -58
2026-08-10 21:36:56,ID: 253,ID2: 166, Timer: 44240, RSSI: -57
2026-08-10 21:36:56,ID: 253,ID2: 166, Timer: 44254, RSSI: -58
2026-08-10 21:36:56,ID: 253,ID2: 166, Timer: 44261, RSSI: -57
2026-08-10 21:36:56,ID: 253,ID2: 166, Timer: 44268, RSSI: -57
2026-08-10 21:36:56,ID: 253,ID2: 166, Timer: 44275, RSSI: -58
2026-08-10 21:36:56,ID: 253,ID2: 166, Timer: 44282, RSSI: -57
2026-08-10 21:36:56,ID: 253,ID2: 166, Timer: 44289, RSSI: -57
2026-08-10 21:36:56,ID: 253,ID2: 166, Timer: 44296, RSSI: -58
2026-08-10 21:36:56,ID: 253,ID2: 166, Timer: 44303, RSSI: -57
2026-08-10 21:36:56,ID: 253,ID2: 166, Timer: 44324, RSSI: -57
2026-08-10 21:36:56,ID: 253,ID2: 166, Timer: 44331, RSSI: -57
2026-08-10 21:36:56,ID: 253,ID2: 166, Timer: 44366, RSSI: -57
2026-08-10 21:36:56,ID: 253,ID2: 166, Timer: 44373, RSSI: -56
2026-08-10 21:36:56,ID: 253,ID2: 166, Timer: 44387, RSSI: -57
2026-08-10 21:36:56,ID: 253,ID2: 166, Timer: 44401, RSSI: -58
2026-08-10 21:36:56,ID: 253,ID2: 166, Timer: 44408, RSSI: -57
2026-08-10 21:36:56,ID: 253,ID2: 166, Timer: 44422, RSSI: -58
2026-08-10 21:36:56,ID: 253,ID2: 166, Timer: 44429, RSSI: -57
2026-08-10 21:36:56,ID: 253,ID2: 166, Timer: 44464, RSSI: -58
2026-08-10 21:36:56,ID: 253,ID2: 166, Timer: 44471, RSSI: -57
2026-08-10 21:36:56,ID: 253,ID2: 166, Timer: 44492, RSSI: -57
2026-08-10 21:36:56,ID: 253,ID2: 166, Timer: 44492, RSSI: -57
2026-08-10 21:36:56,ID: 253,ID2: 166, Timer: 44499, RSSI: -56
2026-08-10 21:36:56,ID: 253,ID2: 166, Timer: 44506, RSSI: -58
2026-08-10 21:36:56,ID: 253,ID2: 166, Timer: 44527, RSSI: -58
2026-08-10 21:36:56,ID: 253,ID2: 166, Timer: 44534, RSSI: -57
2026-08-10 21:36:56,ID: 253,ID2: 166, Timer: 44555, RSSI: -57
2026-08-10 21:36:56,ID: 253,ID2: 166, Timer: 44562, RSSI: -57
2026-08-10 21:36:56,ID: 253,ID2: 166, Timer: 44569, RSSI: -58
2026-08-10 21:36:56,ID: 253,ID2: 166, Timer: 44576, RSSI: -57
2026-08-10 21:36:56,ID: 253,ID2: 166, Timer: 44590, RSSI: -58
2026-08-10 21:36:56,ID: 253,ID2: 166, Timer: 44597, RSSI: -57
2026-08-10 21:36:56,ID: 253,ID2: 166, Timer: 44604, RSSI: -56
2026-08-10 21:36:56,ID: 253,ID2: 166, Timer: 44618, RSSI: -57
2026-08-10 21:36:56,ID: 253,ID2: 166, Timer: 44625, RSSI: -56
2026-08-10 21:36:56,ID: 253,ID2: 166, Timer: 44646, RSSI: -57
2026-08-10 21:36:56,ID: 253,ID2: 166, Timer: 44660, RSSI: -57
2026-08-10 21:36:56,ID: 253,ID2: 166, Timer: 44667, RSSI: -57
2026-08-10 21:36:56,ID: 253,ID2: 166, Timer: 44674, RSSI: -58
2026-08-10 21:36:56,ID: 253,ID2: 166, Timer: 44681, RSSI: -57
2026-08-10 21:36:56,ID: 253,ID2: 166, Timer: 44695, RSSI: -58
2026-08-10 21:36:56,ID: 253,ID2: 166, Timer: 44702, RSSI: -57
2026-08-10 21:36:56,ID: 253,ID2: 166, Timer: 44716, RSSI: -58
2026-08-10 21:36:56,ID: 253,ID2: 166, Timer: 44730, RSSI: -56
2026-08-10 21:36:56,ID: 253,ID2: 166, Timer: 44744, RSSI: -57
2026-08-10 21:36:56,ID: 253,ID2: 166, Timer: 44744, RSSI: -57
2026-08-10 21:36:56,ID: 253,ID2: 166, Timer: 44758, RSSI: -58
2026-08-10 21:36:56,ID: 253,ID2: 166, Timer: 44786, RSSI: -57
2026-08-10 21:36:56,ID: 253,ID2: 166, Timer: 44793, RSSI: -56
2026-08-10 21:36:56,ID: 253,ID2: 166, Timer: 44800, RSSI: -58
2026-08-10 21:36:56,ID: 253,ID2: 166, Timer: 44814, RSSI: -56
2026-08-10 21:36:56,ID: 253,ID2: 166, Timer: 44821, RSSI: -58
2026-08-10 21:36:56,ID: 253,ID2: 166, Timer: 44828, RSSI: -57
2026-08-10 21:36:56,ID: 253,ID2: 166, Timer: 44842, RSSI: -58
2026-08-10 21:36:56,ID: 253,ID2: 166, Timer: 44849, RSSI: -57
2026-08-10 21:36:56,ID: 253,ID2: 166, Timer: 44870, RSSI: -57
2026-08-10 21:36:56,ID: 253,ID2: 166, Timer: 44912, RSSI: -57
2026-08-10 21:36:56,ID: 253,ID2: 166, Timer: 44912, RSSI: -57
2026-08-10 21:36:56,ID: 253,ID2: 166, Timer: 44926, RSSI: -58
2026-08-10 21:36:56,ID: 253,ID2: 166, Timer: 44954, RSSI: -57
2026-08-10 21:36:56,ID: 253,ID2: 166, Timer: 44961, RSSI: -56
2026-08-10 21:36:56,ID: 253,ID2: 166, Timer: 44982, RSSI: -57
2026-08-10 21:36:56,ID: 253,ID2: 166, Timer: 44996, RSSI: -57
2026-08-10 21:36:56,ID: 253,ID2: 166, Timer: 45010, RSSI: -58
2026-08-10 21:36:56,ID: 253,ID2: 166, Timer: 45038, RSSI: -57
2026-08-10 21:36:56,ID: 253,ID2: 166, Timer: 45052, RSSI: -58
2026-08-10 21:36:56,ID: 253,ID2: 166, Timer: 45059, RSSI: -57
2026-08-10 21:36:56,ID: 253,ID2: 166, Timer: 45066, RSSI: -56
2026-08-10 21:36:56,ID: 253,ID2: 166, Timer: 45073, RSSI: -58
2026-08-10 21:36:56,ID: 253,ID2: 166, Timer: 45080, RSSI: -57
2026-08-10 21:36:56,ID: 253,ID2: 166, Timer: 45122, RSSI: -57
2026-08-10 21:36:56,ID: 253,ID2: 166, Timer: 45136, RSSI: -58
2026-08-10 21:36:56,ID: 253,ID2: 166, Timer: 45164, RSSI: -57
2026-08-10 21:36:56,ID: 253,ID2: 166, Timer: 45171, RSSI: -56
2026-08-10 21:36:56,ID: 253,ID2: 166, Timer: 45192, RSSI: -56
2026-08-10 21:36:56,ID: 253,ID2: 166, Timer: 45199, RSSI: -58
2026-08-10 21:36:56,ID: 253,ID2: 166, Timer: 45206, RSSI: -57
2026-08-10 21:36:56,ID: 253,ID2: 166, Timer: 45220, RSSI: -58
2026-08-10 21:36:56,ID: 253,ID2: 166, Timer: 45241, RSSI: -58
2026-08-10 21:36:56,ID: 253,ID2: 166, Timer: 45255, RSSI: -56
2026-08-10 21:36:56,ID: 253,ID2: 166, Timer: 45269, RSSI: -57
2026-08-10 21:36:56,ID: 253,ID2: 166, Timer: 45290, RSSI: -57
2026-08-10 21:36:56,ID: 253,ID2: 166, Timer: 45332, RSSI: -57
2026-08-10 21:36:56,ID: 253,ID2: 166, Timer: 45332, RSSI: -57
2026-08-10 21:36:56,ID: 253,ID2: 166, Timer: 45339, RSSI: -57
2026-08-10 21:36:56,ID: 253,ID2: 166, Timer: 45353, RSSI: -57
2026-08-10 21:36:56,ID: 253,ID2: 166, Timer: 45367, RSSI: -58
2026-08-10 21:36:56,ID: 253,ID2: 166, Timer: 45374, RSSI: -57
2026-08-10 21:36:56,ID: 253,ID2: 166, Timer: 45381, RSSI: -56
2026-08-10 21:36:56,ID: 253,ID2: 166, Timer: 45388, RSSI: -58
2026-08-10 21:36:56,ID: 253,ID2: 166, Timer: 45402, RSSI: -57
2026-08-10 21:36:56,ID: 253,ID2: 166, Timer: 45416, RSSI: -57
2026-08-10 21:36:56,ID: 253,ID2: 166, Timer: 45416, RSSI: -57
2026-08-10 21:36:56,ID: 253,ID2: 166, Timer: 45423, RSSI: -56
2026-08-10 21:36:56,ID: 253,ID2: 166, Timer: 45430, RSSI: -58
2026-08-10 21:36:56,ID: 253,ID2: 166, Timer: 45458, RSSI: -57
2026-08-10 21:36:56,ID: 253,ID2: 166, Timer: 45465, RSSI: -57
2026-08-10 21:36:56,ID: 253,ID2: 166, Timer: 45472, RSSI: -58
2026-08-10 21:36:56,ID: 253,ID2: 166, Timer: 45479, RSSI: -57
2026-08-10 21:36:56,ID: 253,ID2: 166, Timer: 45500, RSSI: -57
2026-08-10 21:36:56,ID: 253,ID2: 166, Timer: 45521, RSSI: -57
2026-08-10 21:36:56,ID: 253,ID2: 166, Timer: 45528, RSSI: -57
2026-08-10 21:36:56,ID: 253,ID2: 166, Timer: 45542, RSSI: -57
2026-08-10 21:36:56,ID: 253,ID2: 166, Timer: 45542, RSSI: -57
2026-08-10 21:36:56,ID: 253,ID2: 166, Timer: 45556, RSSI: -58
2026-08-10 21:36:56,ID: 253,ID2: 166, Timer: 45570, RSSI: -57
2026-08-10 21:36:56,ID: 253,ID2: 166, Timer: 45584, RSSI: -57
2026-08-10 21:36:56,ID: 253,ID2: 166, Timer: 45612, RSSI: -56
2026-08-10 21:36:56,ID: 253,ID2: 166, Timer: 45619, RSSI: -58
2026-08-10 21:36:56,ID: 253,ID2: 166, Timer: 45626, RSSI: -57
2026-08-10 21:36:56,ID: 253,ID2: 166, Timer: 45633, RSSI: -56
2026-08-10 21:36:56,ID: 253,ID2: 166, Timer: 45640, RSSI: -58
2026-08-10 21:36:56,ID: 253,ID2: 166, Timer: 45661, RSSI: -58
2026-08-10 21:36:56,ID: 253,ID2: 166, Timer: 45668, RSSI: -57
2026-08-10 21:36:56,ID: 253,ID2: 166, Timer: 45689, RSSI: -57
2026-08-10 21:36:56,ID: 253,ID2: 166, Timer: 45703, RSSI: -58
2026-08-10 21:36:56,ID: 253,ID2: 166, Timer: 45710, RSSI: -57
2026-08-10 21:36:56,ID: 253,ID2: 166, Timer: 45731, RSSI: -57
2026-08-10 21:36:56,ID: 253,ID2: 166, Timer: 45752, RSSI: -57
2026-08-10 21:36:56,ID: 253,ID2: 166, Timer: 45766, RSSI: -58
2026-08-10 21:36:56,ID: 253,ID2: 166, Timer: 45794, RSSI: -57
2026-08-10 21:36:56,ID: 253,ID2: 166, Timer: 45808, RSSI: -58
2026-08-10 21:36:56,ID: 253,ID2: 166, Timer: 45815, RSSI: -57
2026-08-10 21:36:56,ID: 253,ID2: 166, Timer: 45836, RSSI: -57
2026-08-10 21:36:56,ID: 253,ID2: 166, Timer: 45857, RSSI: -57
2026-08-10 21:36:56,ID: 253,ID2: 166, Timer: 45878, RSSI: -57
2026-08-10 21:36:56,ID: 253,ID2: 166, Timer: 45906, RSSI: -56
2026-08-10 21:36:56,ID: 253,ID2: 166, Timer: 45920, RSSI: -57
2026-08-10 21:36:56,ID: 253,ID2: 166, Timer: 45927, RSSI: -57
2026-08-10 21:36:56,ID: 253,ID2: 166, Timer: 45941, RSSI: -57
2026-08-10 21:36:56,ID: 253,ID2: 166, Timer: 45990, RSSI: -56
2026-08-10 21:36:56,ID: 253,ID2: 166, Timer: 45997, RSSI: -58
2026-08-10 21:36:56,ID: 253,ID2: 166, Timer: 46004, RSSI: -57
2026-08-10 21:36:56,ID: 253,ID2: 166, Timer: 46004, RSSI: -57
2026-08-10 21:36:56,ID: 253,ID2: 166, Timer: 46039, RSSI: -58
2026-08-10 21:36:56,ID: 253,ID2: 166, Timer: 46046, RSSI: -57
2026-08-10 21:36:56,ID: 253,ID2: 166, Timer: 46046, RSSI: -57
2026-08-10 21:36:56,ID: 253,ID2: 166, Timer: 46053, RSSI: -56
2026-08-10 21:36:56,ID: 253,ID2: 166, Timer: 46060, RSSI: -58
2026-08-10 21:36:56,ID: 253,ID2: 166, Timer: 46074, RSSI: -56
2026-08-10 21:36:56,ID: 253,ID2: 166, Timer: 46088, RSSI: -57
2026-08-10 21:36:56,ID: 253,ID2: 166, Timer: 46095, RSSI: -56
2026-08-10 21:36:57,ID: 253,ID2: 166, Timer: 46109, RSSI: -57
2026-08-10 21:36:57,ID: 253,ID2: 166, Timer: 46123, RSSI: -58
2026-08-10 21:36:57,ID: 253,ID2: 166, Timer: 46130, RSSI: -57
2026-08-10 21:36:57,ID: 253,ID2: 166, Timer: 46172, RSSI: -57
2026-08-10 21:36:57,ID: 253,ID2: 166, Timer: 46214, RSSI: -57
2026-08-10 21:36:57,ID: 253,ID2: 166, Timer: 46214, RSSI: -57
2026-08-10 21:36:57,ID: 253,ID2: 166, Timer: 46221, RSSI: -56
2026-08-10 21:36:57,ID: 253,ID2: 166, Timer: 46235, RSSI: -57
2026-08-10 21:36:57,ID: 253,ID2: 166, Timer: 46256, RSSI: -57
2026-08-10 21:36:57,ID: 253,ID2: 166, Timer: 46263, RSSI: -56
2026-08-10 21:36:57,ID: 253,ID2: 166, Timer: 46277, RSSI: -57
2026-08-10 21:36:57,ID: 253,ID2: 166, Timer: 46298, RSSI: -57
2026-08-10 21:36:57,ID: 253,ID2: 166, Timer: 46340, RSSI: -57
2026-08-10 21:36:57,ID: 253,ID2: 166, Timer: 46347, RSSI: -56
2026-08-10 21:36:57,ID: 253,ID2: 166, Timer: 46361, RSSI: -57
2026-08-10 21:36:57,ID: 253,ID2: 166, Timer: 46368, RSSI: -56
2026-08-10 21:36:57,ID: 253,ID2: 166, Timer: 46382, RSSI: -57
2026-08-10 21:36:57,ID: 253,ID2: 166, Timer: 46389, RSSI: -56
2026-08-10 21:36:57,ID: 253,ID2: 166, Timer: 46424, RSSI: -57
2026-08-10 21:36:57,ID: 253,ID2: 166, Timer: 46431, RSSI: -56
2026-08-10 21:36:57,ID: 253,ID2: 166, Timer: 46445, RSSI: -57
2026-08-10 21:36:57,ID: 253,ID2: 166, Timer: 46466, RSSI: -57
2026-08-10 21:36:57,ID: 253,ID2: 166, Timer: 46487, RSSI: -57
2026-08-10 21:36:57,ID: 253,ID2: 166, Timer: 46494, RSSI: -56
2026-08-10 21:36:57,ID: 253,ID2: 166, Timer: 46508, RSSI: -57
2026-08-10 21:36:57,ID: 253,ID2: 166, Timer: 46529, RSSI: -57
2026-08-10 21:36:57,ID: 253,ID2: 166, Timer: 46543, RSSI: -58
2026-08-10 21:36:57,ID: 253,ID2: 166, Timer: 46550, RSSI: -57
2026-08-10 21:36:57,ID: 253,ID2: 166, Timer: 46571, RSSI: -57
2026-08-10 21:36:57,ID: 253,ID2: 166, Timer: 46585, RSSI: -58
2026-08-10 21:36:57,ID: 253,ID2: 166, Timer: 46592, RSSI: -57
2026-08-10 21:36:57,ID: 253,ID2: 166, Timer: 46613, RSSI: -57
2026-08-10 21:36:57,ID: 253,ID2: 166, Timer: 46634, RSSI: -57
2026-08-10 21:36:57,ID: 253,ID2: 166, Timer: 46655, RSSI: -57
2026-08-10 21:36:57,ID: 253,ID2: 166, Timer: 46662, RSSI: -56
2026-08-10 21:36:57,ID: 253,ID2: 166, Timer: 46676, RSSI: -57
2026-08-10 21:36:57,ID: 253,ID2: 166, Timer: 46704, RSSI: -56
2026-08-10 21:36:57,ID: 253,ID2: 166, Timer: 46711, RSSI: -58
2026-08-10 21:36:57,ID: 253,ID2: 166, Timer: 46718, RSSI: -57
2026-08-10 21:36:57,ID: 253,ID2: 166, Timer: 46725, RSSI: -56
2026-08-10 21:36:57,ID: 253,ID2: 166, Timer: 46732, RSSI: -58
2026-08-10 21:36:57,ID: 253,ID2: 166, Timer: 46746, RSSI: -56
2026-08-10 21:36:57,ID: 253,ID2: 166, Timer: 46760, RSSI: -57
2026-08-10 21:36:57,ID: 253,ID2: 166, Timer: 46767, RSSI: -56
2026-08-10 21:36:57,ID: 253,ID2: 166, Timer: 46788, RSSI: -56
2026-08-10 21:36:57,ID: 253,ID2: 166, Timer: 46802, RSSI: -57
2026-08-10 21:36:57,ID: 253,ID2: 166, Timer: 46809, RSSI: -56
2026-08-10 21:36:57,ID: 253,ID2: 166, Timer: 46823, RSSI: -57
2026-08-10 21:36:57,ID: 253,ID2: 166, Timer: 46837, RSSI: -58
2026-08-10 21:36:57,ID: 253,ID2: 166, Timer: 46844, RSSI: -57
2026-08-10 21:36:57,ID: 253,ID2: 166, Timer: 46851, RSSI: -56
2026-08-10 21:36:57,ID: 253,ID2: 166, Timer: 46858, RSSI: -58
2026-08-10 21:36:57,ID: 253,ID2: 166, Timer: 46865, RSSI: -57
2026-08-10 21:36:57,ID: 253,ID2: 166, Timer: 46872, RSSI: -56
2026-08-10 21:36:57,ID: 253,ID2: 166, Timer: 46886, RSSI: -57
2026-08-10 21:36:57,ID: 253,ID2: 166, Timer: 46914, RSSI: -56
2026-08-10 21:36:57,ID: 253,ID2: 166, Timer: 46949, RSSI: -57
2026-08-10 21:36:57,ID: 253,ID2: 166, Timer: 46970, RSSI: -57
2026-08-10 21:36:57,ID: 253,ID2: 166, Timer: 46998, RSSI: -56
2026-08-10 21:36:57,ID: 253,ID2: 166, Timer: 47012, RSSI: -57
2026-08-10 21:36:57,ID: 253,ID2: 166, Timer: 47026, RSSI: -58
2026-08-10 21:36:57,ID: 253,ID2: 166, Timer: 47040, RSSI: -56
2026-08-10 21:36:57,ID: 253,ID2: 166, Timer: 47047, RSSI: -58
2026-08-10 21:36:57,ID: 253,ID2: 166, Timer: 47054, RSSI: -57
2026-08-10 21:36:57,ID: 253,ID2: 166, Timer: 47068, RSSI: -58
2026-08-10 21:36:57,ID: 253,ID2: 166, Timer: 47075, RSSI: -57
2026-08-10 21:36:57,ID: 253,ID2: 166, Timer: 47082, RSSI: -56
2026-08-10 21:36:57,ID: 253,ID2: 166, Timer: 47096, RSSI: -57
2026-08-10 21:36:57,ID: 253,ID2: 166, Timer: 47096, RSSI: -57
2026-08-10 21:36:57,ID: 253,ID2: 166, Timer: 47110, RSSI: -58
2026-08-10 21:36:57,ID: 253,ID2: 166, Timer: 47138, RSSI: -57
2026-08-10 21:36:57,ID: 253,ID2: 166, Timer: 47138, RSSI: -57
2026-08-10 21:36:57,ID: 253,ID2: 166, Timer: 47145, RSSI: -56
2026-08-10 21:36:57,ID: 253,ID2: 166, Timer: 47152, RSSI: -58
2026-08-10 21:36:57,ID: 253,ID2: 166, Timer: 47173, RSSI: -58
2026-08-10 21:36:57,ID: 253,ID2: 166, Timer: 47180, RSSI: -57
2026-08-10 21:36:57,ID: 253,ID2: 166, Timer: 47194, RSSI: -58
2026-08-10 21:36:57,ID: 253,ID2: 166, Timer: 47222, RSSI: -57
2026-08-10 21:36:57,ID: 253,ID2: 166, Timer: 47243, RSSI: -57
2026-08-10 21:36:57,ID: 253,ID2: 166, Timer: 47250, RSSI: -56
2026-08-10 21:36:57,ID: 253,ID2: 166, Timer: 47257, RSSI: -58
2026-08-10 21:36:57,ID: 253,ID2: 166, Timer: 47264, RSSI: -57
2026-08-10 21:36:57,ID: 253,ID2: 166, Timer: 47306, RSSI: -57
2026-08-10 21:36:57,ID: 253,ID2: 166, Timer: 47313, RSSI: -56
2026-08-10 21:36:57,ID: 253,ID2: 166, Timer: 47320, RSSI: -58
2026-08-10 21:36:57,ID: 253,ID2: 166, Timer: 47327, RSSI: -57
2026-08-10 21:36:57,ID: 253,ID2: 166, Timer: 47341, RSSI: -58
2026-08-10 21:36:57,ID: 253,ID2: 166, Timer: 47348, RSSI: -57
2026-08-10 21:36:57,ID: 253,ID2: 166, Timer: 47355, RSSI: -56
2026-08-10 21:36:57,ID: 253,ID2: 166, Timer: 47362, RSSI: -58
2026-08-10 21:36:57,ID: 253,ID2: 166, Timer: 47369, RSSI: -57
2026-08-10 21:36:57,ID: 253,ID2: 166, Timer: 47383, RSSI: -58
2026-08-10 21:36:57,ID: 253,ID2: 166, Timer: 47390, RSSI: -57
2026-08-10 21:36:57,ID: 253,ID2: 166, Timer: 47390, RSSI: -57
2026-08-10 21:36:57,ID: 253,ID2: 166, Timer: 47397, RSSI: -56
2026-08-10 21:36:57,ID: 253,ID2: 166, Timer: 47404, RSSI: -58
2026-08-10 21:36:57,ID: 253,ID2: 166, Timer: 47418, RSSI: -56
2026-08-10 21:36:57,ID: 253,ID2: 166, Timer: 47439, RSSI: -56
2026-08-10 21:36:57,ID: 253,ID2: 166, Timer: 47446, RSSI: -58
2026-08-10 21:36:57,ID: 253,ID2: 166, Timer: 47453, RSSI: -57
2026-08-10 21:36:57,ID: 253,ID2: 166, Timer: 47474, RSSI: -57
2026-08-10 21:36:57,ID: 253,ID2: 166, Timer: 47488, RSSI: -58
2026-08-10 21:36:57,ID: 253,ID2: 166, Timer: 47502, RSSI: -56
2026-08-10 21:36:57,ID: 253,ID2: 166, Timer: 47509, RSSI: -58
2026-08-10 21:36:57,ID: 253,ID2: 166, Timer: 47516, RSSI: -57
2026-08-10 21:36:57,ID: 253,ID2: 166, Timer: 47558, RSSI: -57
2026-08-10 21:36:57,ID: 253,ID2: 166, Timer: 47565, RSSI: -56
2026-08-10 21:36:57,ID: 253,ID2: 166, Timer: 47600, RSSI: -57
2026-08-10 21:36:57,ID: 253,ID2: 166, Timer: 47628, RSSI: -56
2026-08-10 21:36:57,ID: 253,ID2: 166, Timer: 47635, RSSI: -58
2026-08-10 21:36:57,ID: 253,ID2: 166, Timer: 47642, RSSI: -57
2026-08-10 21:36:57,ID: 253,ID2: 166, Timer: 47649, RSSI: -56
2026-08-10 21:36:57,ID: 253,ID2: 166, Timer: 47684, RSSI: -57
2026-08-10 21:36:57,ID: 253,ID2: 166, Timer: 47691, RSSI: -56
2026-08-10 21:36:57,ID: 253,ID2: 166, Timer: 47698, RSSI: -58
2026-08-10 21:36:57,ID: 253,ID2: 166, Timer: 47726, RSSI: -57
2026-08-10 21:36:57,ID: 253,ID2: 166, Timer: 47733, RSSI: -56
2026-08-10 21:36:57,ID: 253,ID2: 166, Timer: 47740, RSSI: -58
2026-08-10 21:36:57,ID: 253,ID2: 166, Timer: 47747, RSSI: -57
2026-08-10 21:36:57,ID: 253,ID2: 166, Timer: 47761, RSSI: -58
2026-08-10 21:36:57,ID: 253,ID2: 166, Timer: 47768, RSSI: -57
2026-08-10 21:36:57,ID: 253,ID2: 166, Timer: 47803, RSSI: -58
2026-08-10 21:36:57,ID: 253,ID2: 166, Timer: 47810, RSSI: -57
2026-08-10 21:36:57,ID: 253,ID2: 166, Timer: 47831, RSSI: -57
2026-08-10 21:36:57,ID: 253,ID2: 166, Timer: 47838, RSSI: -56
2026-08-10 21:36:57,ID: 253,ID2: 166, Timer: 47852, RSSI: -57
2026-08-10 21:36:57,ID: 253,ID2: 166, Timer: 47866, RSSI: -58
2026-08-10 21:36:57,ID: 253,ID2: 166, Timer: 47880, RSSI: -56
2026-08-10 21:36:57,ID: 253,ID2: 166, Timer: 47894, RSSI: -57
2026-08-10 21:36:57,ID: 253,ID2: 166, Timer: 47908, RSSI: -58
2026-08-10 21:36:57,ID: 253,ID2: 166, Timer: 47915, RSSI: -57
2026-08-10 21:36:57,ID: 253,ID2: 166, Timer: 47936, RSSI: -57
2026-08-10 21:36:57,ID: 253,ID2: 166, Timer: 47943, RSSI: -56
2026-08-10 21:36:57,ID: 253,ID2: 166, Timer: 47950, RSSI: -58
2026-08-10 21:36:57,ID: 253,ID2: 166, Timer: 47957, RSSI: -57
2026-08-10 21:36:57,ID: 253,ID2: 166, Timer: 47964, RSSI: -56
2026-08-10 21:36:57,ID: 253,ID2: 166, Timer: 47978, RSSI: -57
2026-08-10 21:36:57,ID: 253,ID2: 166, Timer: 47992, RSSI: -58
2026-08-10 21:36:57,ID: 253,ID2: 166, Timer: 48006, RSSI: -56
2026-08-10 21:36:57,ID: 253,ID2: 166, Timer: 48013, RSSI: -58
2026-08-10 21:36:57,ID: 253,ID2: 166, Timer: 48034, RSSI: -58
2026-08-10 21:36:57,ID: 253,ID2: 166, Timer: 48041, RSSI: -57
2026-08-10 21:36:57,ID: 253,ID2: 166, Timer: 48062, RSSI: -57
2026-08-10 21:36:57,ID: 253,ID2: 166, Timer: 48076, RSSI: -58
2026-08-10 21:36:57,ID: 253,ID2: 166, Timer: 48083, RSSI: -57
2026-08-10 21:36:57,ID: 253,ID2: 166, Timer: 48090, RSSI: -56
2026-08-10 21:36:57,ID: 253,ID2: 166, Timer: 48104, RSSI: -57
2026-08-10 21:36:57,ID: 253,ID2: 166, Timer: 48104, RSSI: -57
2026-08-10 21:36:57,ID: 253,ID2: 166, Timer: 48139, RSSI: -58
2026-08-10 21:36:57,ID: 253,ID2: 166, Timer: 48146, RSSI: -57
2026-08-10 21:36:57,ID: 253,ID2: 166, Timer: 48153, RSSI: -56
2026-08-10 21:36:57,ID: 253,ID2: 166, Timer: 48181, RSSI: -58
2026-08-10 21:36:57,ID: 253,ID2: 166, Timer: 48188, RSSI: -57
2026-08-10 21:36:57,ID: 253,ID2: 166, Timer: 48223, RSSI: -58
2026-08-10 21:36:57,ID: 253,ID2: 166, Timer: 48230, RSSI: -57
2026-08-10 21:36:57,ID: 253,ID2: 166, Timer: 48265, RSSI: -58
2026-08-10 21:36:57,ID: 253,ID2: 166, Timer: 48272, RSSI: -57
2026-08-10 21:36:57,ID: 253,ID2: 166, Timer: 48279, RSSI: -56
2026-08-10 21:36:57,ID: 253,ID2: 166, Timer: 48293, RSSI: -57
2026-08-10 21:36:57,ID: 253,ID2: 166, Timer: 48300, RSSI: -56
2026-08-10 21:36:57,ID: 253,ID2: 166, Timer: 48314, RSSI: -57
2026-08-10 21:36:57,ID: 253,ID2: 166, Timer: 48321, RSSI: -56
2026-08-10 21:36:57,ID: 253,ID2: 166, Timer: 48356, RSSI: -57
2026-08-10 21:36:57,ID: 253,ID2: 166, Timer: 48356, RSSI: -57
2026-08-10 21:36:57,ID: 253,ID2: 166, Timer: 48363, RSSI: -56
2026-08-10 21:36:57,ID: 253,ID2: 166, Timer: 48398, RSSI: -57
2026-08-10 21:36:57,ID: 253,ID2: 166, Timer: 48405, RSSI: -56
2026-08-10 21:36:57,ID: 253,ID2: 166, Timer: 48412, RSSI: -58
2026-08-10 21:36:57,ID: 253,ID2: 166, Timer: 48433, RSSI: -58
2026-08-10 21:36:57,ID: 253,ID2: 166, Timer: 48440, RSSI: -57
2026-08-10 21:36:57,ID: 253,ID2: 166, Timer: 48454, RSSI: -58
2026-08-10 21:36:57,ID: 253,ID2: 166, Timer: 48468, RSSI: -56
2026-08-10 21:36:57,ID: 253,ID2: 166, Timer: 48482, RSSI: -57
2026-08-10 21:36:57,ID: 253,ID2: 166, Timer: 48524, RSSI: -57
2026-08-10 21:36:57,ID: 253,ID2: 166, Timer: 48545, RSSI: -57
2026-08-10 21:36:57,ID: 253,ID2: 166, Timer: 48552, RSSI: -56
2026-08-10 21:36:57,ID: 253,ID2: 166, Timer: 48566, RSSI: -57
2026-08-10 21:36:57,ID: 253,ID2: 166, Timer: 48573, RSSI: -56
2026-08-10 21:36:57,ID: 253,ID2: 166, Timer: 48580, RSSI: -58
2026-08-10 21:36:57,ID: 253,ID2: 166, Timer: 48601, RSSI: -58
2026-08-10 21:36:57,ID: 253,ID2: 166, Timer: 48608, RSSI: -57
2026-08-10 21:36:57,ID: 253,ID2: 166, Timer: 48608, RSSI: -57
2026-08-10 21:36:57,ID: 253,ID2: 166, Timer: 48622, RSSI: -58
2026-08-10 21:36:57,ID: 253,ID2: 166, Timer: 48636, RSSI: -56
2026-08-10 21:36:57,ID: 253,ID2: 166, Timer: 48650, RSSI: -57
2026-08-10 21:36:57,ID: 253,ID2: 166, Timer: 48650, RSSI: -57
2026-08-10 21:36:57,ID: 253,ID2: 166, Timer: 48664, RSSI: -58
2026-08-10 21:36:57,ID: 253,ID2: 166, Timer: 48685, RSSI: -58
2026-08-10 21:36:57,ID: 253,ID2: 166, Timer: 48692, RSSI: -57
2026-08-10 21:36:57,ID: 253,ID2: 166, Timer: 48699, RSSI: -56
2026-08-10 21:36:57,ID: 253,ID2: 166, Timer: 48706, RSSI: -58
2026-08-10 21:36:57,ID: 253,ID2: 166, Timer: 48720, RSSI: -56
2026-08-10 21:36:57,ID: 253,ID2: 166, Timer: 48727, RSSI: -58
2026-08-10 21:36:57,ID: 253,ID2: 166, Timer: 48734, RSSI: -57
2026-08-10 21:36:57,ID: 253,ID2: 166, Timer: 48741, RSSI: -56
2026-08-10 21:36:57,ID: 253,ID2: 166, Timer: 48748, RSSI: -58
2026-08-10 21:36:57,ID: 253,ID2: 166, Timer: 48755, RSSI: -57
2026-08-10 21:36:57,ID: 253,ID2: 166, Timer: 48776, RSSI: -57
2026-08-10 21:36:57,ID: 253,ID2: 166, Timer: 48818, RSSI: -57
2026-08-10 21:36:57,ID: 253,ID2: 166, Timer: 48818, RSSI: -57
2026-08-10 21:36:57,ID: 253,ID2: 166, Timer: 48832, RSSI: -58
2026-08-10 21:36:57,ID: 253,ID2: 166, Timer: 48839, RSSI: -57
2026-08-10 21:36:57,ID: 253,ID2: 166, Timer: 48860, RSSI: -57
2026-08-10 21:36:57,ID: 253,ID2: 166, Timer: 48881, RSSI: -57
2026-08-10 21:36:57,ID: 253,ID2: 166, Timer: 48902, RSSI: -57
2026-08-10 21:36:57,ID: 253,ID2: 166, Timer: 48909, RSSI: -56
2026-08-10 21:36:57,ID: 253,ID2: 166, Timer: 48916, RSSI: -58
2026-08-10 21:36:57,ID: 253,ID2: 166, Timer: 48930, RSSI: -56
2026-08-10 21:36:57,ID: 253,ID2: 166, Timer: 48979, RSSI: -58
2026-08-10 21:36:57,ID: 253,ID2: 166, Timer: 48986, RSSI: -57
2026-08-10 21:36:57,ID: 253,ID2: 166, Timer: 48993, RSSI: -56
2026-08-10 21:36:57,ID: 253,ID2: 166, Timer: 49021, RSSI: -58
2026-08-10 21:36:57,ID: 253,ID2: 166, Timer: 49028, RSSI: -57
2026-08-10 21:36:57,ID: 253,ID2: 166, Timer: 49035, RSSI: -56
2026-08-10 21:36:57,ID: 253,ID2: 166, Timer: 49042, RSSI: -58
2026-08-10 21:36:57,ID: 253,ID2: 166, Timer: 49056, RSSI: -56
2026-08-10 21:36:57,ID: 253,ID2: 166, Timer: 49070, RSSI: -57
2026-08-10 21:36:57,ID: 253,ID2: 166, Timer: 49077, RSSI: -56
2026-08-10 21:36:57,ID: 253,ID2: 166, Timer: 49084, RSSI: -58
2026-08-10 21:36:57,ID: 253,ID2: 166, Timer: 49112, RSSI: -57
2026-08-10 21:36:57,ID: 253,ID2: 166, Timer: 49112, RSSI: -57
2026-08-10 21:36:57,ID: 253,ID2: 166, Timer: 49147, RSSI: -58
2026-08-10 21:36:57,ID: 253,ID2: 166, Timer: 49154, RSSI: -57
2026-08-10 21:36:57,ID: 253,ID2: 166, Timer: 49168, RSSI: -58
2026-08-10 21:36:57,ID: 253,ID2: 166, Timer: 49175, RSSI: -57
2026-08-10 21:36:57,ID: 253,ID2: 166, Timer: 49196, RSSI: -57
2026-08-10 21:36:57,ID: 253,ID2: 166, Timer: 49203, RSSI: -56
2026-08-10 21:36:57,ID: 253,ID2: 166, Timer: 49210, RSSI: -58
2026-08-10 21:36:57,ID: 253,ID2: 166, Timer: 49224, RSSI: -56
2026-08-10 21:36:57,ID: 253,ID2: 166, Timer: 49231, RSSI: -58
2026-08-10 21:36:57,ID: 253,ID2: 166, Timer: 49238, RSSI: -57
2026-08-10 21:36:57,ID: 253,ID2: 166, Timer: 49259, RSSI: -57
2026-08-10 21:36:57,ID: 253,ID2: 166, Timer: 49266, RSSI: -56
2026-08-10 21:36:57,ID: 253,ID2: 166, Timer: 49280, RSSI: -57
2026-08-10 21:36:57,ID: 253,ID2: 166, Timer: 49287, RSSI: -56
2026-08-10 21:36:57,ID: 253,ID2: 166, Timer: 49294, RSSI: -58
2026-08-10 21:36:57,ID: 253,ID2: 166, Timer: 49301, RSSI: -57
2026-08-10 21:36:57,ID: 253,ID2: 166, Timer: 49315, RSSI: -58
2026-08-10 21:36:57,ID: 253,ID2: 166, Timer: 49329, RSSI: -56
2026-08-10 21:36:57,ID: 253,ID2: 166, Timer: 49336, RSSI: -58
2026-08-10 21:36:57,ID: 253,ID2: 166, Timer: 49343, RSSI: -57
2026-08-10 21:36:57,ID: 253,ID2: 166, Timer: 49350, RSSI: -56
2026-08-10 21:36:57,ID: 253,ID2: 166, Timer: 49364, RSSI: -57
2026-08-10 21:36:57,ID: 253,ID2: 166, Timer: 49385, RSSI: -57
2026-08-10 21:36:57,ID: 253,ID2: 166, Timer: 49392, RSSI: -56
2026-08-10 21:36:57,ID: 253,ID2: 166, Timer: 49406, RSSI: -57
2026-08-10 21:36:57,ID: 253,ID2: 166, Timer: 49413, RSSI: -56
2026-08-10 21:36:57,ID: 253,ID2: 166, Timer: 49448, RSSI: -57
2026-08-10 21:36:57,ID: 253,ID2: 166, Timer: 49476, RSSI: -56
2026-08-10 21:36:57,ID: 253,ID2: 166, Timer: 49490, RSSI: -57
2026-08-10 21:36:57,ID: 253,ID2: 166, Timer: 49497, RSSI: -56
2026-08-10 21:36:57,ID: 253,ID2: 166, Timer: 49532, RSSI: -57
2026-08-10 21:36:57,ID: 253,ID2: 166, Timer: 49539, RSSI: -56
2026-08-10 21:36:57,ID: 253,ID2: 166, Timer: 49546, RSSI: -58
2026-08-10 21:36:57,ID: 253,ID2: 166, Timer: 49567, RSSI: -58
2026-08-10 21:36:57,ID: 253,ID2: 166, Timer: 49574, RSSI: -57
2026-08-10 21:36:57,ID: 253,ID2: 166, Timer: 49588, RSSI: -58
2026-08-10 21:36:57,ID: 253,ID2: 166, Timer: 49595, RSSI: -57
2026-08-10 21:36:57,ID: 253,ID2: 166, Timer: 49616, RSSI: -57
2026-08-10 21:36:57,ID: 253,ID2: 166, Timer: 49616, RSSI: -57
2026-08-10 21:36:57,ID: 253,ID2: 166, Timer: 49637, RSSI: -57
2026-08-10 21:36:57,ID: 253,ID2: 166, Timer: 49651, RSSI: -58
2026-08-10 21:36:57,ID: 253,ID2: 166, Timer: 49658, RSSI: -57
2026-08-10 21:36:57,ID: 253,ID2: 166, Timer: 49658, RSSI: -57
2026-08-10 21:36:57,ID: 253,ID2: 166, Timer: 49665, RSSI: -56
2026-08-10 21:36:57,ID: 253,ID2: 166, Timer: 49686, RSSI: -56
2026-08-10 21:36:57,ID: 253,ID2: 166, Timer: 49693, RSSI: -58
2026-08-10 21:36:57,ID: 253,ID2: 166, Timer: 49700, RSSI: -57
2026-08-10 21:36:57,ID: 253,ID2: 166, Timer: 49700, RSSI: -57
2026-08-10 21:36:57,ID: 253,ID2: 166, Timer: 49707, RSSI: -56
2026-08-10 21:36:57,ID: 253,ID2: 166, Timer: 49714, RSSI: -58
2026-08-10 21:36:57,ID: 253,ID2: 166, Timer: 49728, RSSI: -56
2026-08-10 21:36:57,ID: 253,ID2: 166, Timer: 49742, RSSI: -57
2026-08-10 21:36:57,ID: 253,ID2: 166, Timer: 49742, RSSI: -57
2026-08-10 21:36:57,ID: 253,ID2: 166, Timer: 49749, RSSI: -56
2026-08-10 21:36:57,ID: 253,ID2: 166, Timer: 49763, RSSI: -57
2026-08-10 21:36:57,ID: 253,ID2: 166, Timer: 49770, RSSI: -56
2026-08-10 21:36:57,ID: 253,ID2: 166, Timer: 49784, RSSI: -57
2026-08-10 21:36:57,ID: 253,ID2: 166, Timer: 49798, RSSI: -58
2026-08-10 21:36:57,ID: 253,ID2: 166, Timer: 49812, RSSI: -56
2026-08-10 21:36:57,ID: 253,ID2: 166, Timer: 49819, RSSI: -58
2026-08-10 21:36:57,ID: 253,ID2: 166, Timer: 49826, RSSI: -57
2026-08-10 21:36:57,ID: 253,ID2: 166, Timer: 49826, RSSI: -57
2026-08-10 21:36:57,ID: 253,ID2: 166, Timer: 49868, RSSI: -57
2026-08-10 21:36:57,ID: 253,ID2: 166, Timer: 49868, RSSI: -57
2026-08-10 21:36:57,ID: 253,ID2: 166, Timer: 49875, RSSI: -56
2026-08-10 21:36:57,ID: 253,ID2: 166, Timer: 49882, RSSI: -58
2026-08-10 21:36:57,ID: 253,ID2: 166, Timer: 49903, RSSI: -58
2026-08-10 21:36:57,ID: 253,ID2: 166, Timer: 49910, RSSI: -57
2026-08-10 21:36:57,ID: 253,ID2: 166, Timer: 49938, RSSI: -56
2026-08-10 21:36:57,ID: 253,ID2: 166, Timer: 49952, RSSI: -57
2026-08-10 21:36:57,ID: 253,ID2: 166, Timer: 49952, RSSI: -57
2026-08-10 21:36:57,ID: 253,ID2: 166, Timer: 49973, RSSI: -57
2026-08-10 21:36:57,ID: 253,ID2: 166, Timer: 49980, RSSI: -56
2026-08-10 21:36:57,ID: 253,ID2: 166, Timer: 49987, RSSI: -58
2026-08-10 21:36:57,ID: 253,ID2: 166, Timer: 49994, RSSI: -57
2026-08-10 21:36:57,ID: 253,ID2: 166, Timer: 50008, RSSI: -58
2026-08-10 21:36:57,ID: 253,ID2: 166, Timer: 50029, RSSI: -58
2026-08-10 21:36:57,ID: 253,ID2: 166, Timer: 50036, RSSI: -57
2026-08-10 21:36:57,ID: 253,ID2: 166, Timer: 50036, RSSI: -57
2026-08-10 21:36:57,ID: 253,ID2: 166, Timer: 50043, RSSI: -56
2026-08-10 21:36:57,ID: 253,ID2: 166, Timer: 50057, RSSI: -57
2026-08-10 21:36:57,ID: 253,ID2: 166, Timer: 50064, RSSI: -56
2026-08-10 21:36:57,ID: 253,ID2: 166, Timer: 50078, RSSI: -57
2026-08-10 21:36:57,ID: 253,ID2: 166, Timer: 50099, RSSI: -57
2026-08-10 21:36:57,ID: 253,ID2: 166, Timer: 50106, RSSI: -56
2026-08-10 21:36:57,ID: 253,ID2: 166, Timer: 50120, RSSI: -57
2026-08-10 21:36:57,ID: 253,ID2: 166, Timer: 50120, RSSI: -57
2026-08-10 21:36:57,ID: 253,ID2: 166, Timer: 50127, RSSI: -56
2026-08-10 21:36:57,ID: 253,ID2: 166, Timer: 50134, RSSI: -58
2026-08-10 21:36:57,ID: 253,ID2: 166, Timer: 50141, RSSI: -57
2026-08-10 21:36:57,ID: 253,ID2: 166, Timer: 50155, RSSI: -58
2026-08-10 21:36:57,ID: 253,ID2: 166, Timer: 50162, RSSI: -57
2026-08-10 21:36:57,ID: 253,ID2: 166, Timer: 50162, RSSI: -57
2026-08-10 21:36:57,ID: 253,ID2: 166, Timer: 50204, RSSI: -57
2026-08-10 21:36:57,ID: 253,ID2: 166, Timer: 50218, RSSI: -58
2026-08-10 21:36:57,ID: 253,ID2: 166, Timer: 50232, RSSI: -56
2026-08-10 21:36:57,ID: 253,ID2: 166, Timer: 50246, RSSI: -57
2026-08-10 21:36:57,ID: 253,ID2: 166, Timer: 50253, RSSI: -56
2026-08-10 21:36:57,ID: 253,ID2: 166, Timer: 50267, RSSI: -57
2026-08-10 21:36:57,ID: 253,ID2: 166, Timer: 50274, RSSI: -56
2026-08-10 21:36:57,ID: 253,ID2: 166, Timer: 50281, RSSI: -58
2026-08-10 21:36:57,ID: 253,ID2: 166, Timer: 50288, RSSI: -57
2026-08-10 21:36:57,ID: 253,ID2: 166, Timer: 50316, RSSI: -56
2026-08-10 21:36:57,ID: 253,ID2: 166, Timer: 50323, RSSI: -58
2026-08-10 21:36:57,ID: 253,ID2: 166, Timer: 50330, RSSI: -57
2026-08-10 21:36:57,ID: 253,ID2: 166, Timer: 50337, RSSI: -56
2026-08-10 21:36:57,ID: 253,ID2: 166, Timer: 50372, RSSI: -57
2026-08-10 21:36:57,ID: 253,ID2: 166, Timer: 50393, RSSI: -57
2026-08-10 21:36:57,ID: 253,ID2: 166, Timer: 50400, RSSI: -56
2026-08-10 21:36:57,ID: 253,ID2: 166, Timer: 50414, RSSI: -57
2026-08-10 21:36:57,ID: 253,ID2: 166, Timer: 50435, RSSI: -57
2026-08-10 21:36:57,ID: 253,ID2: 166, Timer: 50449, RSSI: -58
2026-08-10 21:36:57,ID: 253,ID2: 166, Timer: 50456, RSSI: -57
2026-08-10 21:36:57,ID: 253,ID2: 166, Timer: 50470, RSSI: -58
2026-08-10 21:36:57,ID: 253,ID2: 166, Timer: 50477, RSSI: -57
2026-08-10 21:36:57,ID: 253,ID2: 166, Timer: 50484, RSSI: -56
2026-08-10 21:36:57,ID: 253,ID2: 166, Timer: 50491, RSSI: -58
2026-08-10 21:36:57,ID: 253,ID2: 166, Timer: 50512, RSSI: -58
2026-08-10 21:36:57,ID: 253,ID2: 166, Timer: 50533, RSSI: -58
2026-08-10 21:36:57,ID: 253,ID2: 166, Timer: 50540, RSSI: -57
2026-08-10 21:36:57,ID: 253,ID2: 166, Timer: 50561, RSSI: -57
2026-08-10 21:36:57,ID: 253,ID2: 166, Timer: 50568, RSSI: -56
2026-08-10 21:36:57,ID: 253,ID2: 166, Timer: 50582, RSSI: -57
2026-08-10 21:36:57,ID: 253,ID2: 166, Timer: 50589, RSSI: -56
2026-08-10 21:36:57,ID: 253,ID2: 166, Timer: 50610, RSSI: -56
2026-08-10 21:36:57,ID: 253,ID2: 166, Timer: 50624, RSSI: -57
2026-08-10 21:36:57,ID: 253,ID2: 166, Timer: 50631, RSSI: -56
2026-08-10 21:36:57,ID: 253,ID2: 166, Timer: 50645, RSSI: -57
2026-08-10 21:36:57,ID: 253,ID2: 166, Timer: 50652, RSSI: -56
2026-08-10 21:36:57,ID: 253,ID2: 166, Timer: 50659, RSSI: -58
2026-08-10 21:36:57,ID: 253,ID2: 166, Timer: 50666, RSSI: -57
2026-08-10 21:36:57,ID: 253,ID2: 166, Timer: 50680, RSSI: -58
2026-08-10 21:36:57,ID: 253,ID2: 166, Timer: 50687, RSSI: -57
2026-08-10 21:36:57,ID: 253,ID2: 166, Timer: 50701, RSSI: -58
2026-08-10 21:36:57,ID: 253,ID2: 166, Timer: 50729, RSSI: -57
2026-08-10 21:36:57,ID: 253,ID2: 166, Timer: 50750, RSSI: -57
2026-08-10 21:36:57,ID: 253,ID2: 166, Timer: 50757, RSSI: -56
2026-08-10 21:36:57,ID: 253,ID2: 166, Timer: 50778, RSSI: -56
2026-08-10 21:36:57,ID: 253,ID2: 166, Timer: 50792, RSSI: -57
2026-08-10 21:36:57,ID: 253,ID2: 166, Timer: 50792, RSSI: -57
2026-08-10 21:36:57,ID: 253,ID2: 166, Timer: 50806, RSSI: -58
2026-08-10 21:36:57,ID: 253,ID2: 166, Timer: 50820, RSSI: -56
2026-08-10 21:36:57,ID: 253,ID2: 166, Timer: 50827, RSSI: -58
2026-08-10 21:36:57,ID: 253,ID2: 166, Timer: 50834, RSSI: -57
2026-08-10 21:36:57,ID: 253,ID2: 166, Timer: 50841, RSSI: -56
2026-08-10 21:36:57,ID: 253,ID2: 166, Timer: 50883, RSSI: -56
2026-08-10 21:36:57,ID: 253,ID2: 166, Timer: 50918, RSSI: -57
2026-08-10 21:36:57,ID: 253,ID2: 166, Timer: 50939, RSSI: -57
2026-08-10 21:36:57,ID: 253,ID2: 166, Timer: 50946, RSSI: -56
2026-08-10 21:36:57,ID: 253,ID2: 166, Timer: 50960, RSSI: -57
2026-08-10 21:36:57,ID: 253,ID2: 166, Timer: 50974, RSSI: -58
2026-08-10 21:36:57,ID: 253,ID2: 166, Timer: 50995, RSSI: -58
2026-08-10 21:36:57,ID: 253,ID2: 166, Timer: 51002, RSSI: -57
2026-08-10 21:36:57,ID: 253,ID2: 166, Timer: 51044, RSSI: -57
2026-08-10 21:36:57,ID: 253,ID2: 166, Timer: 51044, RSSI: -57
2026-08-10 21:36:57,ID: 253,ID2: 166, Timer: 51051, RSSI: -56
2026-08-10 21:36:57,ID: 253,ID2: 166, Timer: 51058, RSSI: -58
2026-08-10 21:36:57,ID: 253,ID2: 166, Timer: 51086, RSSI: -57
2026-08-10 21:36:57,ID: 253,ID2: 166, Timer: 51107, RSSI: -57
2026-08-10 21:36:57,ID: 253,ID2: 166, Timer: 51128, RSSI: -57
2026-08-10 21:36:57,ID: 253,ID2: 166, Timer: 51128, RSSI: -57
2026-08-10 21:36:57,ID: 253,ID2: 166, Timer: 51142, RSSI: -58
2026-08-10 21:36:57,ID: 253,ID2: 166, Timer: 51156, RSSI: -56
2026-08-10 21:36:57,ID: 253,ID2: 166, Timer: 51163, RSSI: -58
2026-08-10 21:36:57,ID: 253,ID2: 166, Timer: 51170, RSSI: -57
2026-08-10 21:36:57,ID: 253,ID2: 166, Timer: 51219, RSSI: -56
2026-08-10 21:36:57,ID: 253,ID2: 166, Timer: 51240, RSSI: -56
2026-08-10 21:36:57,ID: 253,ID2: 166, Timer: 51254, RSSI: -57
2026-08-10 21:36:57,ID: 253,ID2: 166, Timer: 51296, RSSI: -57
2026-08-10 21:36:57,ID: 253,ID2: 166, Timer: 51317, RSSI: -57
2026-08-10 21:36:57,ID: 253,ID2: 166, Timer: 51338, RSSI: -57
2026-08-10 21:36:57,ID: 253,ID2: 166, Timer: 51345, RSSI: -56
2026-08-10 21:36:57,ID: 253,ID2: 166, Timer: 51352, RSSI: -58
2026-08-10 21:36:57,ID: 253,ID2: 166, Timer: 51380, RSSI: -57
2026-08-10 21:36:57,ID: 253,ID2: 166, Timer: 51408, RSSI: -56
2026-08-10 21:36:57,ID: 253,ID2: 166, Timer: 51415, RSSI: -58
2026-08-10 21:36:57,ID: 253,ID2: 166, Timer: 51422, RSSI: -57
2026-08-10 21:36:57,ID: 253,ID2: 166, Timer: 51429, RSSI: -56
2026-08-10 21:36:57,ID: 253,ID2: 166, Timer: 51436, RSSI: -58
2026-08-10 21:36:57,ID: 253,ID2: 166, Timer: 51457, RSSI: -58
2026-08-10 21:36:57,ID: 253,ID2: 166, Timer: 51464, RSSI: -57
2026-08-10 21:36:57,ID: 253,ID2: 166, Timer: 51464, RSSI: -57
2026-08-10 21:36:57,ID: 253,ID2: 166, Timer: 51485, RSSI: -57
2026-08-10 21:36:57,ID: 253,ID2: 166, Timer: 51492, RSSI: -56
2026-08-10 21:36:57,ID: 253,ID2: 166, Timer: 51499, RSSI: -58
2026-08-10 21:36:57,ID: 253,ID2: 166, Timer: 51506, RSSI: -57
2026-08-10 21:36:57,ID: 253,ID2: 166, Timer: 51513, RSSI: -56
2026-08-10 21:36:57,ID: 253,ID2: 166, Timer: 51520, RSSI: -58
2026-08-10 21:36:57,ID: 253,ID2: 166, Timer: 51534, RSSI: -56
2026-08-10 21:36:57,ID: 253,ID2: 166, Timer: 51548, RSSI: -57
2026-08-10 21:36:57,ID: 253,ID2: 166, Timer: 51562, RSSI: -58
2026-08-10 21:36:57,ID: 253,ID2: 166, Timer: 51569, RSSI: -57
2026-08-10 21:36:57,ID: 253,ID2: 166, Timer: 51576, RSSI: -56
2026-08-10 21:36:57,ID: 253,ID2: 166, Timer: 51583, RSSI: -58
2026-08-10 21:36:57,ID: 253,ID2: 166, Timer: 51590, RSSI: -57
2026-08-10 21:36:57,ID: 253,ID2: 166, Timer: 51590, RSSI: -57
2026-08-10 21:36:57,ID: 253,ID2: 166, Timer: 51604, RSSI: -58
2026-08-10 21:36:57,ID: 253,ID2: 166, Timer: 51625, RSSI: -58
2026-08-10 21:36:57,ID: 253,ID2: 166, Timer: 51632, RSSI: -57
2026-08-10 21:36:57,ID: 253,ID2: 166, Timer: 51639, RSSI: -56
2026-08-10 21:36:57,ID: 253,ID2: 166, Timer: 51660, RSSI: -56
2026-08-10 21:36:57,ID: 253,ID2: 166, Timer: 51667, RSSI: -58
2026-08-10 21:36:57,ID: 253,ID2: 166, Timer: 51674, RSSI: -57
2026-08-10 21:36:57,ID: 253,ID2: 166, Timer: 51681, RSSI: -56
2026-08-10 21:36:57,ID: 253,ID2: 166, Timer: 51695, RSSI: -57
2026-08-10 21:36:57,ID: 253,ID2: 166, Timer: 51709, RSSI: -58
2026-08-10 21:36:57,ID: 253,ID2: 166, Timer: 51716, RSSI: -57
2026-08-10 21:36:57,ID: 253,ID2: 166, Timer: 51730, RSSI: -58
2026-08-10 21:36:57,ID: 253,ID2: 166, Timer: 51751, RSSI: -58
2026-08-10 21:36:57,ID: 253,ID2: 166, Timer: 51758, RSSI: -57
2026-08-10 21:36:57,ID: 253,ID2: 166, Timer: 51779, RSSI: -57
2026-08-10 21:36:57,ID: 253,ID2: 166, Timer: 51800, RSSI: -57
2026-08-10 21:36:57,ID: 253,ID2: 166, Timer: 51821, RSSI: -57
2026-08-10 21:36:57,ID: 253,ID2: 166, Timer: 51835, RSSI: -58
2026-08-10 21:36:57,ID: 253,ID2: 166, Timer: 51842, RSSI: -57
2026-08-10 21:36:57,ID: 253,ID2: 166, Timer: 51856, RSSI: -58
2026-08-10 21:36:57,ID: 253,ID2: 166, Timer: 51863, RSSI: -57
2026-08-10 21:36:57,ID: 253,ID2: 166, Timer: 51877, RSSI: -58
2026-08-10 21:36:57,ID: 253,ID2: 166, Timer: 51884, RSSI: -57
2026-08-10 21:36:57,ID: 253,ID2: 166, Timer: 51919, RSSI: -58
2026-08-10 21:36:57,ID: 253,ID2: 166, Timer: 51926, RSSI: -57
2026-08-10 21:36:57,ID: 253,ID2: 166, Timer: 51940, RSSI: -58
2026-08-10 21:36:57,ID: 253,ID2: 166, Timer: 51968, RSSI: -57
2026-08-10 21:36:57,ID: 253,ID2: 166, Timer: 51996, RSSI: -56
2026-08-10 21:36:57,ID: 253,ID2: 166, Timer: 52010, RSSI: -57
2026-08-10 21:36:57,ID: 253,ID2: 166, Timer: 52010, RSSI: -57
2026-08-10 21:36:57,ID: 253,ID2: 166, Timer: 52045, RSSI: -58
2026-08-10 21:36:57,ID: 253,ID2: 166, Timer: 52052, RSSI: -57
2026-08-10 21:36:57,ID: 253,ID2: 166, Timer: 52066, RSSI: -58
2026-08-10 21:36:57,ID: 253,ID2: 166, Timer: 52073, RSSI: -57
2026-08-10 21:36:57,ID: 253,ID2: 166, Timer: 52094, RSSI: -57
2026-08-10 21:36:57,ID: 253,ID2: 166, Timer: 52101, RSSI: -56
2026-08-10 21:36:57,ID: 253,ID2: 166, Timer: 52108, RSSI: -58
2026-08-10 21:36:57,ID: 253,ID2: 166, Timer: 52115, RSSI: -57
2026-08-10 21:36:57,ID: 253,ID2: 166, Timer: 52129, RSSI: -58
2026-08-10 21:36:57,ID: 253,ID2: 166, Timer: 52136, RSSI: -57
2026-08-10 21:36:57,ID: 253,ID2: 166, Timer: 52143, RSSI: -56
2026-08-10 21:36:57,ID: 253,ID2: 166, Timer: 52150, RSSI: -58
2026-08-10 21:36:57,ID: 253,ID2: 166, Timer: 52178, RSSI: -57
2026-08-10 21:36:57,ID: 253,ID2: 166, Timer: 52185, RSSI: -56
2026-08-10 21:36:57,ID: 253,ID2: 166, Timer: 52199, RSSI: -57
2026-08-10 21:36:57,ID: 253,ID2: 166, Timer: 52220, RSSI: -57
2026-08-10 21:36:57,ID: 253,ID2: 166, Timer: 52262, RSSI: -57
2026-08-10 21:36:57,ID: 253,ID2: 166, Timer: 52283, RSSI: -57
2026-08-10 21:36:57,ID: 253,ID2: 166, Timer: 52290, RSSI: -56
2026-08-10 21:36:57,ID: 253,ID2: 166, Timer: 52304, RSSI: -57
2026-08-10 21:36:57,ID: 253,ID2: 166, Timer: 52311, RSSI: -56
2026-08-10 21:36:57,ID: 253,ID2: 166, Timer: 52346, RSSI: -57
2026-08-10 21:36:57,ID: 253,ID2: 166, Timer: 52353, RSSI: -56
2026-08-10 21:36:57,ID: 253,ID2: 166, Timer: 52367, RSSI: -57
2026-08-10 21:36:57,ID: 253,ID2: 166, Timer: 52381, RSSI: -58
2026-08-10 21:36:57,ID: 253,ID2: 166, Timer: 52388, RSSI: -57
2026-08-10 21:36:57,ID: 253,ID2: 166, Timer: 52395, RSSI: -56
2026-08-10 21:36:57,ID: 253,ID2: 166, Timer: 52416, RSSI: -56
2026-08-10 21:36:57,ID: 253,ID2: 166, Timer: 52430, RSSI: -57
2026-08-10 21:36:57,ID: 253,ID2: 166, Timer: 52430, RSSI: -57
2026-08-10 21:36:57,ID: 253,ID2: 166, Timer: 52437, RSSI: -56
2026-08-10 21:36:57,ID: 253,ID2: 166, Timer: 52465, RSSI: -58
2026-08-10 21:36:57,ID: 253,ID2: 166, Timer: 52472, RSSI: -57
2026-08-10 21:36:57,ID: 253,ID2: 166, Timer: 52486, RSSI: -58
2026-08-10 21:36:57,ID: 253,ID2: 166, Timer: 52514, RSSI: -57
2026-08-10 21:36:57,ID: 253,ID2: 166, Timer: 52556, RSSI: -57
2026-08-10 21:36:57,ID: 253,ID2: 166, Timer: 52556, RSSI: -57
2026-08-10 21:36:57,ID: 253,ID2: 166, Timer: 52563, RSSI: -56
2026-08-10 21:36:57,ID: 253,ID2: 166, Timer: 52570, RSSI: -58
2026-08-10 21:36:57,ID: 253,ID2: 166, Timer: 52584, RSSI: -56
2026-08-10 21:36:57,ID: 253,ID2: 166, Timer: 52598, RSSI: -57
2026-08-10 21:36:57,ID: 253,ID2: 166, Timer: 52619, RSSI: -57
2026-08-10 21:36:57,ID: 253,ID2: 166, Timer: 52640, RSSI: -57
2026-08-10 21:36:57,ID: 253,ID2: 166, Timer: 52654, RSSI: -58
2026-08-10 21:36:57,ID: 253,ID2: 166, Timer: 52682, RSSI: -57
2026-08-10 21:36:57,ID: 253,ID2: 166, Timer: 52717, RSSI: -58
2026-08-10 21:36:57,ID: 253,ID2: 166, Timer: 52724, RSSI: -57
2026-08-10 21:36:57,ID: 253,ID2: 166, Timer: 52738, RSSI: -58
2026-08-10 21:36:57,ID: 253,ID2: 166, Timer: 52745, RSSI: -57
2026-08-10 21:36:57,ID: 253,ID2: 166, Timer: 52752, RSSI: -56
2026-08-10 21:36:57,ID: 253,ID2: 166, Timer: 52766, RSSI: -57
2026-08-10 21:36:57,ID: 253,ID2: 166, Timer: 52773, RSSI: -56
2026-08-10 21:36:57,ID: 253,ID2: 166, Timer: 52787, RSSI: -57
2026-08-10 21:36:57,ID: 253,ID2: 166, Timer: 52794, RSSI: -56
2026-08-10 21:36:57,ID: 253,ID2: 166, Timer: 52808, RSSI: -57
2026-08-10 21:36:57,ID: 253,ID2: 166, Timer: 52815, RSSI: -56
2026-08-10 21:36:57,ID: 253,ID2: 166, Timer: 52836, RSSI: -56
2026-08-10 21:36:57,ID: 253,ID2: 166, Timer: 52850, RSSI: -57
2026-08-10 21:36:57,ID: 253,ID2: 166, Timer: 52864, RSSI: -58
2026-08-10 21:36:57,ID: 253,ID2: 166, Timer: 52878, RSSI: -56
2026-08-10 21:36:57,ID: 253,ID2: 166, Timer: 52892, RSSI: -57
2026-08-10 21:36:57,ID: 253,ID2: 166, Timer: 52906, RSSI: -58
2026-08-10 21:36:57,ID: 253,ID2: 166, Timer: 52920, RSSI: -56
2026-08-10 21:36:57,ID: 253,ID2: 166, Timer: 52934, RSSI: -57
2026-08-10 21:36:57,ID: 253,ID2: 166, Timer: 52962, RSSI: -56
2026-08-10 21:36:57,ID: 253,ID2: 166, Timer: 52969, RSSI: -58
2026-08-10 21:36:57,ID: 253,ID2: 166, Timer: 52976, RSSI: -57
2026-08-10 21:36:57,ID: 253,ID2: 166, Timer: 52997, RSSI: -57
2026-08-10 21:36:57,ID: 253,ID2: 166, Timer: 53018, RSSI: -57
2026-08-10 21:36:57,ID: 253,ID2: 166, Timer: 53025, RSSI: -56
2026-08-10 21:36:57,ID: 253,ID2: 166, Timer: 53032, RSSI: -58
2026-08-10 21:36:57,ID: 253,ID2: 166, Timer: 53039, RSSI: -57
2026-08-10 21:36:57,ID: 253,ID2: 166, Timer: 53053, RSSI: -58
2026-08-10 21:36:57,ID: 253,ID2: 166, Timer: 53060, RSSI: -57
2026-08-10 21:36:57,ID: 253,ID2: 166, Timer: 53067, RSSI: -56
2026-08-10 21:36:57,ID: 253,ID2: 166, Timer: 53074, RSSI: -58
2026-08-10 21:36:57,ID: 253,ID2: 166, Timer: 53095, RSSI: -58
2026-08-10 21:36:57,ID: 253,ID2: 166, Timer: 53102, RSSI: -57
2026-08-10 21:36:57,ID: 253,ID2: 166, Timer: 53109, RSSI: -56
2026-08-10 21:36:57,ID: 253,ID2: 166, Timer: 53130, RSSI: -56
2026-08-10 21:36:57,ID: 253,ID2: 166, Timer: 53137, RSSI: -58
2026-08-10 21:36:57,ID: 253,ID2: 166, Timer: 53144, RSSI: -57
2026-08-10 21:36:57,ID: 253,ID2: 166, Timer: 53165, RSSI: -57
2026-08-10 21:36:57,ID: 253,ID2: 166, Timer: 53172, RSSI: -56
2026-08-10 21:36:57,ID: 253,ID2: 166, Timer: 53186, RSSI: -57
2026-08-10 21:36:57,ID: 253,ID2: 166, Timer: 53193, RSSI: -56
2026-08-10 21:36:57,ID: 253,ID2: 166, Timer: 53207, RSSI: -57
2026-08-10 21:36:57,ID: 253,ID2: 166, Timer: 53214, RSSI: -56
2026-08-10 21:36:57,ID: 253,ID2: 166, Timer: 53221, RSSI: -58
2026-08-10 21:36:57,ID: 253,ID2: 166, Timer: 53228, RSSI: -57
2026-08-10 21:36:57,ID: 253,ID2: 166, Timer: 53235, RSSI: -56
2026-08-10 21:36:57,ID: 253,ID2: 166, Timer: 53242, RSSI: -58
2026-08-10 21:36:57,ID: 253,ID2: 166, Timer: 53256, RSSI: -56
2026-08-10 21:36:57,ID: 253,ID2: 166, Timer: 53263, RSSI: -58
2026-08-10 21:36:57,ID: 253,ID2: 166, Timer: 53270, RSSI: -57
2026-08-10 21:36:57,ID: 253,ID2: 166, Timer: 53277, RSSI: -56
2026-08-10 21:36:57,ID: 253,ID2: 166, Timer: 53298, RSSI: -56
2026-08-10 21:36:57,ID: 253,ID2: 166, Timer: 53312, RSSI: -57
2026-08-10 21:36:57,ID: 253,ID2: 166, Timer: 53326, RSSI: -58
2026-08-10 21:36:57,ID: 253,ID2: 166, Timer: 53340, RSSI: -56
2026-08-10 21:36:57,ID: 253,ID2: 166, Timer: 53354, RSSI: -57
2026-08-10 21:36:57,ID: 253,ID2: 166, Timer: 53361, RSSI: -56
2026-08-10 21:36:57,ID: 253,ID2: 166, Timer: 53382, RSSI: -56
2026-08-10 21:36:57,ID: 253,ID2: 166, Timer: 53396, RSSI: -57
2026-08-10 21:36:57,ID: 253,ID2: 166, Timer: 53417, RSSI: -57
2026-08-10 21:36:57,ID: 253,ID2: 166, Timer: 53424, RSSI: -56
2026-08-10 21:36:57,ID: 253,ID2: 166, Timer: 53431, RSSI: -58
2026-08-10 21:36:57,ID: 253,ID2: 166, Timer: 53438, RSSI: -57
2026-08-10 21:36:57,ID: 253,ID2: 166, Timer: 53459, RSSI: -57
2026-08-10 21:36:57,ID: 253,ID2: 166, Timer: 53480, RSSI: -57
2026-08-10 21:36:57,ID: 253,ID2: 166, Timer: 53487, RSSI: -56
2026-08-10 21:36:57,ID: 253,ID2: 166, Timer: 53501, RSSI: -57
2026-08-10 21:36:57,ID: 253,ID2: 166, Timer: 53522, RSSI: -57
2026-08-10 21:36:57,ID: 253,ID2: 166, Timer: 53529, RSSI: -56
2026-08-10 21:36:57,ID: 253,ID2: 166, Timer: 53536, RSSI: -58
2026-08-10 21:36:57,ID: 253,ID2: 166, Timer: 53557, RSSI: -58
2026-08-10 21:36:57,ID: 253,ID2: 166, Timer: 53564, RSSI: -57
2026-08-10 21:36:57,ID: 253,ID2: 166, Timer: 53571, RSSI: -56
2026-08-10 21:36:57,ID: 253,ID2: 166, Timer: 53578, RSSI: -58
2026-08-10 21:36:57,ID: 253,ID2: 166, Timer: 53585, RSSI: -57
2026-08-10 21:36:57,ID: 253,ID2: 166, Timer: 53592, RSSI: -56
2026-08-10 21:36:57,ID: 253,ID2: 166, Timer: 53599, RSSI: -58
2026-08-10 21:36:57,ID: 253,ID2: 166, Timer: 53606, RSSI: -57
2026-08-10 21:36:57,ID: 253,ID2: 166, Timer: 53613, RSSI: -56
2026-08-10 21:36:57,ID: 253,ID2: 166, Timer: 53620, RSSI: -58
2026-08-10 21:36:57,ID: 253,ID2: 166, Timer: 53648, RSSI: -57
2026-08-10 21:36:57,ID: 253,ID2: 166, Timer: 53669, RSSI: -57
2026-08-10 21:36:57,ID: 253,ID2: 166, Timer: 53676, RSSI: -56
2026-08-10 21:36:57,ID: 253,ID2: 166, Timer: 53690, RSSI: -57
2026-08-10 21:36:57,ID: 253,ID2: 166, Timer: 53690, RSSI: -57
2026-08-10 21:36:57,ID: 253,ID2: 166, Timer: 53711, RSSI: -57
2026-08-10 21:36:57,ID: 253,ID2: 166, Timer: 53732, RSSI: -57
2026-08-10 21:36:57,ID: 253,ID2: 166, Timer: 53739, RSSI: -56
2026-08-10 21:36:57,ID: 253,ID2: 166, Timer: 53746, RSSI: -58
2026-08-10 21:36:57,ID: 253,ID2: 166, Timer: 53760, RSSI: -56
2026-08-10 21:36:57,ID: 253,ID2: 166, Timer: 53774, RSSI: -57
2026-08-10 21:36:57,ID: 253,ID2: 166, Timer: 53781, RSSI: -56
2026-08-10 21:36:57,ID: 253,ID2: 166, Timer: 53802, RSSI: -56
2026-08-10 21:36:57,ID: 253,ID2: 166, Timer: 53809, RSSI: -58
2026-08-10 21:36:57,ID: 253,ID2: 166, Timer: 53816, RSSI: -57
2026-08-10 21:36:57,ID: 253,ID2: 166, Timer: 53823, RSSI: -56
2026-08-10 21:36:57,ID: 253,ID2: 166, Timer: 53844, RSSI: -56
2026-08-10 21:36:57,ID: 253,ID2: 166, Timer: 53858, RSSI: -57
2026-08-10 21:36:57,ID: 253,ID2: 166, Timer: 53865, RSSI: -56
2026-08-10 21:36:57,ID: 253,ID2: 166, Timer: 53872, RSSI: -58
2026-08-10 21:36:57,ID: 253,ID2: 166, Timer: 53879, RSSI: -57
2026-08-10 21:36:57,ID: 253,ID2: 166, Timer: 53886, RSSI: -56
2026-08-10 21:36:57,ID: 253,ID2: 166, Timer: 53900, RSSI: -57
2026-08-10 21:36:57,ID: 253,ID2: 166, Timer: 53914, RSSI: -58
2026-08-10 21:36:57,ID: 253,ID2: 166, Timer: 53921, RSSI: -57
2026-08-10 21:36:57,ID: 253,ID2: 166, Timer: 53935, RSSI: -58
2026-08-10 21:36:57,ID: 253,ID2: 166, Timer: 53942, RSSI: -57
2026-08-10 21:36:57,ID: 253,ID2: 166, Timer: 53942, RSSI: -57
2026-08-10 21:36:57,ID: 253,ID2: 166, Timer: 53984, RSSI: -57
2026-08-10 21:36:57,ID: 253,ID2: 166, Timer: 53991, RSSI: -56
2026-08-10 21:36:57,ID: 253,ID2: 166, Timer: 54026, RSSI: -57
2026-08-10 21:36:57,ID: 253,ID2: 166, Timer: 54054, RSSI: -56
2026-08-10 21:36:57,ID: 253,ID2: 166, Timer: 54061, RSSI: -58
2026-08-10 21:36:57,ID: 253,ID2: 166, Timer: 54068, RSSI: -57
2026-08-10 21:36:57,ID: 253,ID2: 166, Timer: 54075, RSSI: -56
2026-08-10 21:36:57,ID: 253,ID2: 166, Timer: 54096, RSSI: -56
2026-08-10 21:36:57,ID: 253,ID2: 166, Timer: 54145, RSSI: -58
2026-08-10 21:36:57,ID: 253,ID2: 166, Timer: 54152, RSSI: -57
2026-08-10 21:36:57,ID: 253,ID2: 166, Timer: 54152, RSSI: -57
2026-08-10 21:36:57,ID: 253,ID2: 166, Timer: 54173, RSSI: -57
2026-08-10 21:36:57,ID: 253,ID2: 166, Timer: 54187, RSSI: -58
2026-08-10 21:36:57,ID: 253,ID2: 166, Timer: 54194, RSSI: -57
2026-08-10 21:36:57,ID: 253,ID2: 166, Timer: 54201, RSSI: -56
2026-08-10 21:36:57,ID: 253,ID2: 166, Timer: 54215, RSSI: -57
2026-08-10 21:36:57,ID: 253,ID2: 166, Timer: 54222, RSSI: -56
2026-08-10 21:36:57,ID: 253,ID2: 166, Timer: 54236, RSSI: -57
2026-08-10 21:36:57,ID: 253,ID2: 166, Timer: 54243, RSSI: -56
2026-08-10 21:36:57,ID: 253,ID2: 166, Timer: 54278, RSSI: -57
2026-08-10 21:36:57,ID: 253,ID2: 166, Timer: 54278, RSSI: -57
2026-08-10 21:36:57,ID: 253,ID2: 166, Timer: 54292, RSSI: -58
2026-08-10 21:36:57,ID: 253,ID2: 166, Timer: 54299, RSSI: -57
2026-08-10 21:36:57,ID: 253,ID2: 166, Timer: 54313, RSSI: -58
2026-08-10 21:36:57,ID: 253,ID2: 166, Timer: 54320, RSSI: -57
2026-08-10 21:36:57,ID: 253,ID2: 166, Timer: 54334, RSSI: -58
2026-08-10 21:36:57,ID: 253,ID2: 166, Timer: 54362, RSSI: -57
2026-08-10 21:36:57,ID: 253,ID2: 166, Timer: 54362, RSSI: -57
2026-08-10 21:36:57,ID: 253,ID2: 166, Timer: 54383, RSSI: -57
2026-08-10 21:36:57,ID: 253,ID2: 166, Timer: 54390, RSSI: -56
2026-08-10 21:36:57,ID: 253,ID2: 166, Timer: 54404, RSSI: -57
2026-08-10 21:36:57,ID: 253,ID2: 166, Timer: 54418, RSSI: -58
2026-08-10 21:36:57,ID: 253,ID2: 166, Timer: 54432, RSSI: -56
2026-08-10 21:36:57,ID: 253,ID2: 166, Timer: 54446, RSSI: -57
2026-08-10 21:36:57,ID: 253,ID2: 166, Timer: 54453, RSSI: -56
2026-08-10 21:36:57,ID: 253,ID2: 166, Timer: 54460, RSSI: -58
2026-08-10 21:36:57,ID: 253,ID2: 166, Timer: 54488, RSSI: -57
2026-08-10 21:36:57,ID: 253,ID2: 166, Timer: 54488, RSSI: -57
2026-08-10 21:36:57,ID: 253,ID2: 166, Timer: 54502, RSSI: -58
2026-08-10 21:36:57,ID: 253,ID2: 166, Timer: 54523, RSSI: -58
2026-08-10 21:36:57,ID: 253,ID2: 166, Timer: 54530, RSSI: -57
2026-08-10 21:36:57,ID: 253,ID2: 166, Timer: 54537, RSSI: -56
2026-08-10 21:36:57,ID: 253,ID2: 166, Timer: 54572, RSSI: -57
2026-08-10 21:36:57,ID: 253,ID2: 166, Timer: 54586, RSSI: -58
2026-08-10 21:36:57,ID: 253,ID2: 166, Timer: 54614, RSSI: -57
2026-08-10 21:36:57,ID: 253,ID2: 166, Timer: 54621, RSSI: -56
2026-08-10 21:36:57,ID: 253,ID2: 166, Timer: 54649, RSSI: -58
2026-08-10 21:36:57,ID: 253,ID2: 166, Timer: 54656, RSSI: -57
2026-08-10 21:36:57,ID: 253,ID2: 166, Timer: 54670, RSSI: -58
2026-08-10 21:36:57,ID: 253,ID2: 166, Timer: 54698, RSSI: -57
2026-08-10 21:36:57,ID: 253,ID2: 166, Timer: 54705, RSSI: -56
2026-08-10 21:36:57,ID: 253,ID2: 166, Timer: 54740, RSSI: -57
2026-08-10 21:36:57,ID: 253,ID2: 166, Timer: 54740, RSSI: -57
2026-08-10 21:36:57,ID: 253,ID2: 166, Timer: 54747, RSSI: -56
2026-08-10 21:36:57,ID: 253,ID2: 166, Timer: 54761, RSSI: -57
2026-08-10 21:36:57,ID: 253,ID2: 166, Timer: 54768, RSSI: -56
2026-08-10 21:36:57,ID: 253,ID2: 166, Timer: 54775, RSSI: -58
2026-08-10 21:36:57,ID: 253,ID2: 166, Timer: 54782, RSSI: -57
2026-08-10 21:36:57,ID: 253,ID2: 166, Timer: 54782, RSSI: -57
2026-08-10 21:36:57,ID: 253,ID2: 166, Timer: 54796, RSSI: -58
2026-08-10 21:36:57,ID: 253,ID2: 166, Timer: 54803, RSSI: -57
2026-08-10 21:36:57,ID: 253,ID2: 166, Timer: 54810, RSSI: -56
2026-08-10 21:36:57,ID: 253,ID2: 166, Timer: 54824, RSSI: -57
2026-08-10 21:36:57,ID: 253,ID2: 166, Timer: 54831, RSSI: -56
2026-08-10 21:36:57,ID: 253,ID2: 166, Timer: 54852, RSSI: -56
2026-08-10 21:36:57,ID: 253,ID2: 166, Timer: 54859, RSSI: -58
2026-08-10 21:36:57,ID: 253,ID2: 166, Timer: 54866, RSSI: -57
2026-08-10 21:36:57,ID: 253,ID2: 166, Timer: 54866, RSSI: -57
2026-08-10 21:36:57,ID: 253,ID2: 166, Timer: 54894, RSSI: -56
2026-08-10 21:36:57,ID: 253,ID2: 166, Timer: 54908, RSSI: -57
2026-08-10 21:36:57,ID: 253,ID2: 166, Timer: 54908, RSSI: -57
2026-08-10 21:36:57,ID: 253,ID2: 166, Timer: 54915, RSSI: -56
2026-08-10 21:36:57,ID: 253,ID2: 166, Timer: 54922, RSSI: -58
2026-08-10 21:36:57,ID: 253,ID2: 166, Timer: 54950, RSSI: -57
2026-08-10 21:36:57,ID: 253,ID2: 166, Timer: 54950, RSSI: -57
2026-08-10 21:36:57,ID: 253,ID2: 166, Timer: 54971, RSSI: -57
2026-08-10 21:36:57,ID: 253,ID2: 166, Timer: 54978, RSSI: -56
2026-08-10 21:36:57,ID: 253,ID2: 166, Timer: 54985, RSSI: -58
2026-08-10 21:36:57,ID: 253,ID2: 166, Timer: 54992, RSSI: -57
2026-08-10 21:36:57,ID: 253,ID2: 166, Timer: 55006, RSSI: -58
2026-08-10 21:36:57,ID: 253,ID2: 166, Timer: 55027, RSSI: -58
2026-08-10 21:36:57,ID: 253,ID2: 166, Timer: 55034, RSSI: -57
2026-08-10 21:36:57,ID: 253,ID2: 166, Timer: 55041, RSSI: -56
2026-08-10 21:36:57,ID: 253,ID2: 166, Timer: 55069, RSSI: -58
2026-08-10 21:36:57,ID: 253,ID2: 166, Timer: 55076, RSSI: -57
2026-08-10 21:36:57,ID: 253,ID2: 166, Timer: 55076, RSSI: -57
2026-08-10 21:36:57,ID: 253,ID2: 166, Timer: 55090, RSSI: -58
2026-08-10 21:36:57,ID: 253,ID2: 166, Timer: 55104, RSSI: -56
2026-08-10 21:36:57,ID: 253,ID2: 166, Timer: 55111, RSSI: -58
2026-08-10 21:36:57,ID: 253,ID2: 166, Timer: 55118, RSSI: -57
2026-08-10 21:36:57,ID: 253,ID2: 166, Timer: 55118, RSSI: -57
2026-08-10 21:36:57,ID: 253,ID2: 166, Timer: 55139, RSSI: -57
2026-08-10 21:36:57,ID: 253,ID2: 166, Timer: 55146, RSSI: -56
2026-08-10 21:36:57,ID: 253,ID2: 166, Timer: 55160, RSSI: -57
2026-08-10 21:36:57,ID: 253,ID2: 166, Timer: 55202, RSSI: -57
2026-08-10 21:36:57,ID: 253,ID2: 166, Timer: 55237, RSSI: -58
2026-08-10 21:36:57,ID: 253,ID2: 166, Timer: 55244, RSSI: -57
2026-08-10 21:36:57,ID: 253,ID2: 166, Timer: 55251, RSSI: -56
2026-08-10 21:36:57,ID: 253,ID2: 166, Timer: 55265, RSSI: -57
2026-08-10 21:36:57,ID: 253,ID2: 166, Timer: 55286, RSSI: -57
2026-08-10 21:36:57,ID: 253,ID2: 166, Timer: 55286, RSSI: -57
2026-08-10 21:36:57,ID: 253,ID2: 166, Timer: 55293, RSSI: -56
2026-08-10 21:36:57,ID: 253,ID2: 166, Timer: 55300, RSSI: -58
2026-08-10 21:36:57,ID: 253,ID2: 166, Timer: 55307, RSSI: -57
2026-08-10 21:36:57,ID: 253,ID2: 166, Timer: 55314, RSSI: -56
2026-08-10 21:36:57,ID: 253,ID2: 166, Timer: 55328, RSSI: -57
2026-08-10 21:36:57,ID: 253,ID2: 166, Timer: 55349, RSSI: -57
2026-08-10 21:36:57,ID: 253,ID2: 166, Timer: 55370, RSSI: -57
2026-08-10 21:36:57,ID: 253,ID2: 166, Timer: 55412, RSSI: -57
2026-08-10 21:36:57,ID: 253,ID2: 166, Timer: 55412, RSSI: -57
2026-08-10 21:36:57,ID: 253,ID2: 166, Timer: 55433, RSSI: -57
2026-08-10 21:36:57,ID: 253,ID2: 166, Timer: 55454, RSSI: -57
2026-08-10 21:36:57,ID: 253,ID2: 166, Timer: 55468, RSSI: -58
2026-08-10 21:36:57,ID: 253,ID2: 166, Timer: 55482, RSSI: -56
2026-08-10 21:36:57,ID: 253,ID2: 166, Timer: 55503, RSSI: -56
2026-08-10 21:36:57,ID: 253,ID2: 166, Timer: 55510, RSSI: -58
2026-08-10 21:36:57,ID: 253,ID2: 166, Timer: 55531, RSSI: -58
2026-08-10 21:36:57,ID: 253,ID2: 166, Timer: 55538, RSSI: -57
2026-08-10 21:36:57,ID: 253,ID2: 166, Timer: 55538, RSSI: -57
2026-08-10 21:36:57,ID: 253,ID2: 166, Timer: 55545, RSSI: -56
2026-08-10 21:36:57,ID: 253,ID2: 166, Timer: 55552, RSSI: -58
2026-08-10 21:36:57,ID: 253,ID2: 166, Timer: 55559, RSSI: -57
2026-08-10 21:36:57,ID: 253,ID2: 166, Timer: 55580, RSSI: -57
2026-08-10 21:36:57,ID: 253,ID2: 166, Timer: 55601, RSSI: -57
2026-08-10 21:36:57,ID: 253,ID2: 166, Timer: 55622, RSSI: -57
2026-08-10 21:36:57,ID: 253,ID2: 166, Timer: 55636, RSSI: -58
2026-08-10 21:36:57,ID: 253,ID2: 166, Timer: 55650, RSSI: -56
2026-08-10 21:36:57,ID: 253,ID2: 166, Timer: 55664, RSSI: -57
2026-08-10 21:36:57,ID: 253,ID2: 166, Timer: 55671, RSSI: -56
2026-08-10 21:36:57,ID: 253,ID2: 166, Timer: 55678, RSSI: -58
2026-08-10 21:36:57,ID: 253,ID2: 166, Timer: 55685, RSSI: -57
2026-08-10 21:36:57,ID: 253,ID2: 166, Timer: 55706, RSSI: -57
2026-08-10 21:36:57,ID: 253,ID2: 166, Timer: 55720, RSSI: -58
2026-08-10 21:36:57,ID: 253,ID2: 166, Timer: 55734, RSSI: -56
2026-08-10 21:36:57,ID: 253,ID2: 166, Timer: 55748, RSSI: -57
2026-08-10 21:36:57,ID: 253,ID2: 166, Timer: 55769, RSSI: -57
2026-08-10 21:36:57,ID: 253,ID2: 166, Timer: 55776, RSSI: -56
2026-08-10 21:36:57,ID: 253,ID2: 166, Timer: 55783, RSSI: -58
2026-08-10 21:36:57,ID: 253,ID2: 166, Timer: 55790, RSSI: -57
2026-08-10 21:36:57,ID: 253,ID2: 166, Timer: 55804, RSSI: -58
2026-08-10 21:36:57,ID: 253,ID2: 166, Timer: 55825, RSSI: -58
2026-08-10 21:36:57,ID: 253,ID2: 166, Timer: 55832, RSSI: -57
2026-08-10 21:36:57,ID: 253,ID2: 166, Timer: 55839, RSSI: -56
2026-08-10 21:36:57,ID: 253,ID2: 166, Timer: 55846, RSSI: -58
2026-08-10 21:36:57,ID: 253,ID2: 166, Timer: 55853, RSSI: -57
2026-08-10 21:36:57,ID: 253,ID2: 166, Timer: 55867, RSSI: -58
2026-08-10 21:36:57,ID: 253,ID2: 166, Timer: 55874, RSSI: -57
2026-08-10 21:36:57,ID: 253,ID2: 166, Timer: 55881, RSSI: -56
2026-08-10 21:36:57,ID: 253,ID2: 166, Timer: 55895, RSSI: -57
2026-08-10 21:36:57,ID: 253,ID2: 166, Timer: 55916, RSSI: -57
2026-08-10 21:36:57,ID: 253,ID2: 166, Timer: 55916, RSSI: -57
2026-08-10 21:36:57,ID: 253,ID2: 166, Timer: 55923, RSSI: -56
2026-08-10 21:36:57,ID: 253,ID2: 166, Timer: 55944, RSSI: -56
2026-08-10 21:36:57,ID: 253,ID2: 166, Timer: 55958, RSSI: -57
2026-08-10 21:36:57,ID: 253,ID2: 166, Timer: 55979, RSSI: -57
2026-08-10 21:36:57,ID: 253,ID2: 166, Timer: 55986, RSSI: -56
2026-08-10 21:36:57,ID: 253,ID2: 166, Timer: 56000, RSSI: -57
2026-08-10 21:36:57,ID: 253,ID2: 166, Timer: 56000, RSSI: -57
2026-08-10 21:36:57,ID: 253,ID2: 166, Timer: 56014, RSSI: -58
2026-08-10 21:36:57,ID: 253,ID2: 166, Timer: 56028, RSSI: -56
2026-08-10 21:36:57,ID: 253,ID2: 166, Timer: 56042, RSSI: -57
2026-08-10 21:36:57,ID: 253,ID2: 166, Timer: 56056, RSSI: -58
2026-08-10 21:36:57,ID: 253,ID2: 166, Timer: 56063, RSSI: -57
2026-08-10 21:36:57,ID: 253,ID2: 166, Timer: 56070, RSSI: -56
2026-08-10 21:36:57,ID: 253,ID2: 166, Timer: 56084, RSSI: -57
2026-08-10 21:36:57,ID: 253,ID2: 166, Timer: 56084, RSSI: -57
2026-08-10 21:36:57,ID: 253,ID2: 166, Timer: 56091, RSSI: -56
2026-08-10 21:36:57,ID: 253,ID2: 166, Timer: 56098, RSSI: -58
2026-08-10 21:36:57,ID: 253,ID2: 166, Timer: 56105, RSSI: -57
2026-08-10 21:36:57,ID: 253,ID2: 166, Timer: 56112, RSSI: -56
2026-08-10 21:36:57,ID: 253,ID2: 166, Timer: 56126, RSSI: -57
2026-08-10 21:36:57,ID: 253,ID2: 166, Timer: 56133, RSSI: -56
2026-08-10 21:36:57,ID: 253,ID2: 166, Timer: 56140, RSSI: -58
2026-08-10 21:36:57,ID: 253,ID2: 166, Timer: 56161, RSSI: -58
2026-08-10 21:36:57,ID: 253,ID2: 166, Timer: 56168, RSSI: -57
2026-08-10 21:36:57,ID: 253,ID2: 166, Timer: 56175, RSSI: -56
2026-08-10 21:36:57,ID: 253,ID2: 166, Timer: 56182, RSSI: -58
2026-08-10 21:36:57,ID: 253,ID2: 166, Timer: 56210, RSSI: -57
2026-08-10 21:36:57,ID: 253,ID2: 166, Timer: 56224, RSSI: -58
2026-08-10 21:36:57,ID: 253,ID2: 166, Timer: 56252, RSSI: -57
2026-08-10 21:36:57,ID: 253,ID2: 166, Timer: 56259, RSSI: -56
2026-08-10 21:36:57,ID: 253,ID2: 166, Timer: 56266, RSSI: -58
2026-08-10 21:36:57,ID: 253,ID2: 166, Timer: 56294, RSSI: -57
2026-08-10 21:36:57,ID: 253,ID2: 166, Timer: 56294, RSSI: -57
2026-08-10 21:36:57,ID: 253,ID2: 166, Timer: 56308, RSSI: -58
2026-08-10 21:36:57,ID: 253,ID2: 166, Timer: 56322, RSSI: -56
2026-08-10 21:36:57,ID: 253,ID2: 166, Timer: 56329, RSSI: -58
2026-08-10 21:36:57,ID: 253,ID2: 166, Timer: 56336, RSSI: -57
2026-08-10 21:36:57,ID: 253,ID2: 166, Timer: 56336, RSSI: -57
2026-08-10 21:36:57,ID: 253,ID2: 166, Timer: 56378, RSSI: -57
2026-08-10 21:36:57,ID: 253,ID2: 166, Timer: 56378, RSSI: -57
2026-08-10 21:36:57,ID: 253,ID2: 166, Timer: 56385, RSSI: -56
2026-08-10 21:36:57,ID: 253,ID2: 166, Timer: 56392, RSSI: -58
2026-08-10 21:36:57,ID: 253,ID2: 166, Timer: 56420, RSSI: -57
2026-08-10 21:36:57,ID: 253,ID2: 166, Timer: 56427, RSSI: -56
2026-08-10 21:36:57,ID: 253,ID2: 166, Timer: 56434, RSSI: -58
2026-08-10 21:36:57,ID: 253,ID2: 166, Timer: 56441, RSSI: -57
2026-08-10 21:36:57,ID: 253,ID2: 166, Timer: 56469, RSSI: -56
2026-08-10 21:36:57,ID: 253,ID2: 166, Timer: 56497, RSSI: -58
2026-08-10 21:36:57,ID: 253,ID2: 166, Timer: 56504, RSSI: -57
2026-08-10 21:36:57,ID: 253,ID2: 166, Timer: 56511, RSSI: -56
2026-08-10 21:36:57,ID: 253,ID2: 166, Timer: 56518, RSSI: -58
2026-08-10 21:36:57,ID: 253,ID2: 166, Timer: 56525, RSSI: -57
2026-08-10 21:36:57,ID: 253,ID2: 166, Timer: 56546, RSSI: -57
2026-08-10 21:36:57,ID: 253,ID2: 166, Timer: 56560, RSSI: -58
2026-08-10 21:36:57,ID: 253,ID2: 166, Timer: 56581, RSSI: -58
2026-08-10 21:36:57,ID: 253,ID2: 166, Timer: 56588, RSSI: -57
2026-08-10 21:36:57,ID: 253,ID2: 166, Timer: 56588, RSSI: -57
2026-08-10 21:36:57,ID: 253,ID2: 166, Timer: 56602, RSSI: -58
2026-08-10 21:36:57,ID: 253,ID2: 166, Timer: 56630, RSSI: -57
2026-08-10 21:36:57,ID: 253,ID2: 166, Timer: 56651, RSSI: -57
2026-08-10 21:36:57,ID: 253,ID2: 166, Timer: 56658, RSSI: -56
2026-08-10 21:36:57,ID: 253,ID2: 166, Timer: 56672, RSSI: -57
2026-08-10 21:36:57,ID: 253,ID2: 166, Timer: 56672, RSSI: -57
2026-08-10 21:36:57,ID: 253,ID2: 166, Timer: 56700, RSSI: -56
2026-08-10 21:36:57,ID: 253,ID2: 166, Timer: 56714, RSSI: -57
2026-08-10 21:36:57,ID: 253,ID2: 166, Timer: 56714, RSSI: -57
2026-08-10 21:36:57,ID: 253,ID2: 166, Timer: 56721, RSSI: -56
2026-08-10 21:36:57,ID: 253,ID2: 166, Timer: 56728, RSSI: -58
2026-08-10 21:36:57,ID: 253,ID2: 166, Timer: 56735, RSSI: -57
2026-08-10 21:36:57,ID: 253,ID2: 166, Timer: 56742, RSSI: -56
2026-08-10 21:36:57,ID: 253,ID2: 166, Timer: 56756, RSSI: -57
2026-08-10 21:36:57,ID: 253,ID2: 166, Timer: 56770, RSSI: -58
2026-08-10 21:36:57,ID: 253,ID2: 166, Timer: 56798, RSSI: -57
2026-08-10 21:36:57,ID: 253,ID2: 166, Timer: 56798, RSSI: -57
2026-08-10 21:36:57,ID: 253,ID2: 166, Timer: 56805, RSSI: -56
2026-08-10 21:36:57,ID: 253,ID2: 166, Timer: 56812, RSSI: -58
2026-08-10 21:36:57,ID: 253,ID2: 166, Timer: 56840, RSSI: -57
2026-08-10 21:36:57,ID: 253,ID2: 166, Timer: 56861, RSSI: -57
2026-08-10 21:36:57,ID: 253,ID2: 166, Timer: 56868, RSSI: -56
2026-08-10 21:36:57,ID: 253,ID2: 166, Timer: 56882, RSSI: -57
2026-08-10 21:36:57,ID: 253,ID2: 166, Timer: 56889, RSSI: -56
2026-08-10 21:36:57,ID: 253,ID2: 166, Timer: 56896, RSSI: -58
2026-08-10 21:36:57,ID: 253,ID2: 166, Timer: 56910, RSSI: -56
2026-08-10 21:36:57,ID: 253,ID2: 166, Timer: 56924, RSSI: -57
2026-08-10 21:36:57,ID: 253,ID2: 166, Timer: 56931, RSSI: -56
2026-08-10 21:36:57,ID: 253,ID2: 166, Timer: 56952, RSSI: -56
2026-08-10 21:36:57,ID: 253,ID2: 166, Timer: 56959, RSSI: -58
2026-08-10 21:36:57,ID: 253,ID2: 166, Timer: 56966, RSSI: -57
2026-08-10 21:36:57,ID: 253,ID2: 166, Timer: 56980, RSSI: -58
2026-08-10 21:36:57,ID: 253,ID2: 166, Timer: 57008, RSSI: -57
2026-08-10 21:36:57,ID: 253,ID2: 166, Timer: 57015, RSSI: -56
2026-08-10 21:36:57,ID: 253,ID2: 166, Timer: 57022, RSSI: -58
2026-08-10 21:36:57,ID: 253,ID2: 166, Timer: 57043, RSSI: -58
2026-08-10 21:36:57,ID: 253,ID2: 166, Timer: 57050, RSSI: -57
2026-08-10 21:36:57,ID: 253,ID2: 166, Timer: 57057, RSSI: -56
2026-08-10 21:36:57,ID: 253,ID2: 166, Timer: 57071, RSSI: -57
2026-08-10 21:36:57,ID: 253,ID2: 166, Timer: 57078, RSSI: -56
2026-08-10 21:36:57,ID: 253,ID2: 166, Timer: 57092, RSSI: -57
2026-08-10 21:36:57,ID: 253,ID2: 166, Timer: 57099, RSSI: -56
2026-08-10 21:36:57,ID: 253,ID2: 166, Timer: 57120, RSSI: -56
2026-08-10 21:36:57,ID: 253,ID2: 166, Timer: 57127, RSSI: -58
2026-08-10 21:36:57,ID: 253,ID2: 166, Timer: 57134, RSSI: -57
2026-08-10 21:36:57,ID: 253,ID2: 166, Timer: 57134, RSSI: -57
2026-08-10 21:36:57,ID: 253,ID2: 166, Timer: 57155, RSSI: -57
2026-08-10 21:36:57,ID: 253,ID2: 166, Timer: 57176, RSSI: -57
2026-08-10 21:36:57,ID: 253,ID2: 166, Timer: 57176, RSSI: -57
2026-08-10 21:36:57,ID: 253,ID2: 166, Timer: 57190, RSSI: -58
2026-08-10 21:36:57,ID: 253,ID2: 166, Timer: 57204, RSSI: -56
2026-08-10 21:36:57,ID: 253,ID2: 166, Timer: 57218, RSSI: -57
2026-08-10 21:36:57,ID: 253,ID2: 166, Timer: 57225, RSSI: -56
2026-08-10 21:36:57,ID: 253,ID2: 166, Timer: 57239, RSSI: -57
2026-08-10 21:36:57,ID: 253,ID2: 166, Timer: 57246, RSSI: -56
2026-08-10 21:36:57,ID: 253,ID2: 166, Timer: 57260, RSSI: -56
2026-08-10 21:36:57,ID: 253,ID2: 166, Timer: 57267, RSSI: -56
2026-08-10 21:36:57,ID: 253,ID2: 166, Timer: 57281, RSSI: -57
2026-08-10 21:36:57,ID: 253,ID2: 166, Timer: 57302, RSSI: -57
2026-08-10 21:36:57,ID: 253,ID2: 166, Timer: 57302, RSSI: -57
2026-08-10 21:36:57,ID: 253,ID2: 166, Timer: 57316, RSSI: -58
2026-08-10 21:36:57,ID: 253,ID2: 166, Timer: 57330, RSSI: -56
2026-08-10 21:36:57,ID: 253,ID2: 166, Timer: 57344, RSSI: -57
2026-08-10 21:36:57,ID: 253,ID2: 166, Timer: 57351, RSSI: -56
2026-08-10 21:36:57,ID: 253,ID2: 166, Timer: 57379, RSSI: -58
2026-08-10 21:36:57,ID: 253,ID2: 166, Timer: 57386, RSSI: -57
2026-08-10 21:36:57,ID: 253,ID2: 166, Timer: 57393, RSSI: -56
2026-08-10 21:36:57,ID: 253,ID2: 166, Timer: 57414, RSSI: -56
2026-08-10 21:36:57,ID: 253,ID2: 166, Timer: 57428, RSSI: -57
2026-08-10 21:36:57,ID: 253,ID2: 166, Timer: 57435, RSSI: -56
2026-08-10 21:36:57,ID: 253,ID2: 166, Timer: 57470, RSSI: -57
2026-08-10 21:36:57,ID: 253,ID2: 166, Timer: 57470, RSSI: -57
2026-08-10 21:36:57,ID: 253,ID2: 166, Timer: 57484, RSSI: -58
2026-08-10 21:36:57,ID: 253,ID2: 166, Timer: 57491, RSSI: -57
2026-08-10 21:36:57,ID: 253,ID2: 166, Timer: 57498, RSSI: -56
2026-08-10 21:36:57,ID: 253,ID2: 166, Timer: 57512, RSSI: -57
2026-08-10 21:36:57,ID: 253,ID2: 166, Timer: 57519, RSSI: -56
2026-08-10 21:36:57,ID: 253,ID2: 166, Timer: 57540, RSSI: -56
2026-08-10 21:36:57,ID: 253,ID2: 166, Timer: 57554, RSSI: -57
2026-08-10 21:36:57,ID: 253,ID2: 166, Timer: 57554, RSSI: -57
2026-08-10 21:36:57,ID: 253,ID2: 166, Timer: 57561, RSSI: -56
2026-08-10 21:36:57,ID: 253,ID2: 166, Timer: 57582, RSSI: -56
2026-08-10 21:36:57,ID: 253,ID2: 166, Timer: 57596, RSSI: -57
2026-08-10 21:36:57,ID: 253,ID2: 166, Timer: 57596, RSSI: -57
2026-08-10 21:36:57,ID: 253,ID2: 166, Timer: 57603, RSSI: -56
2026-08-10 21:36:57,ID: 253,ID2: 166, Timer: 57638, RSSI: -57
2026-08-10 21:36:57,ID: 253,ID2: 166, Timer: 57652, RSSI: -58
2026-08-10 21:36:57,ID: 253,ID2: 166, Timer: 57680, RSSI: -57
2026-08-10 21:36:57,ID: 253,ID2: 166, Timer: 57701, RSSI: -57
2026-08-10 21:36:57,ID: 253,ID2: 166, Timer: 57708, RSSI: -56
2026-08-10 21:36:57,ID: 253,ID2: 166, Timer: 57715, RSSI: -58
2026-08-10 21:36:57,ID: 253,ID2: 166, Timer: 57722, RSSI: -57
2026-08-10 21:36:57,ID: 253,ID2: 166, Timer: 57729, RSSI: -56
2026-08-10 21:36:57,ID: 253,ID2: 166, Timer: 57764, RSSI: -57
2026-08-10 21:36:57,ID: 253,ID2: 166, Timer: 57771, RSSI: -55
2026-08-10 21:36:57,ID: 253,ID2: 166, Timer: 57792, RSSI: -56
2026-08-10 21:36:57,ID: 253,ID2: 166, Timer: 57806, RSSI: -57
2026-08-10 21:36:57,ID: 253,ID2: 166, Timer: 57806, RSSI: -57
2026-08-10 21:36:57,ID: 253,ID2: 166, Timer: 57820, RSSI: -58
2026-08-10 21:36:57,ID: 253,ID2: 166, Timer: 57848, RSSI: -57
2026-08-10 21:36:57,ID: 253,ID2: 166, Timer: 57848, RSSI: -57
2026-08-10 21:36:57,ID: 253,ID2: 166, Timer: 57855, RSSI: -56
2026-08-10 21:36:57,ID: 253,ID2: 166, Timer: 57876, RSSI: -56
2026-08-10 21:36:57,ID: 253,ID2: 166, Timer: 57890, RSSI: -57
2026-08-10 21:36:57,ID: 253,ID2: 166, Timer: 57918, RSSI: -56
2026-08-10 21:36:57,ID: 253,ID2: 166, Timer: 57932, RSSI: -57
2026-08-10 21:36:57,ID: 253,ID2: 166, Timer: 57939, RSSI: -56
2026-08-10 21:36:57,ID: 253,ID2: 166, Timer: 57974, RSSI: -57
2026-08-10 21:36:57,ID: 253,ID2: 166, Timer: 58009, RSSI: -58
2026-08-10 21:36:57,ID: 253,ID2: 166, Timer: 58016, RSSI: -57
2026-08-10 21:36:57,ID: 253,ID2: 166, Timer: 58023, RSSI: -56
2026-08-10 21:36:57,ID: 253,ID2: 166, Timer: 58030, RSSI: -58
2026-08-10 21:36:57,ID: 253,ID2: 166, Timer: 58037, RSSI: -57
2026-08-10 21:36:57,ID: 253,ID2: 166, Timer: 58044, RSSI: -56
2026-08-10 21:36:57,ID: 253,ID2: 166, Timer: 58058, RSSI: -57
2026-08-10 21:36:57,ID: 253,ID2: 166, Timer: 58079, RSSI: -57
2026-08-10 21:36:57,ID: 253,ID2: 166, Timer: 58093, RSSI: -58
2026-08-10 21:36:57,ID: 253,ID2: 166, Timer: 58100, RSSI: -57
2026-08-10 21:36:57,ID: 253,ID2: 166, Timer: 58107, RSSI: -56
2026-08-10 21:36:57,ID: 253,ID2: 166, Timer: 58114, RSSI: -58
2026-08-10 21:36:57,ID: 253,ID2: 166, Timer: 58128, RSSI: -56
2026-08-10 21:36:57,ID: 253,ID2: 166, Timer: 58142, RSSI: -57
2026-08-10 21:36:57,ID: 253,ID2: 166, Timer: 58142, RSSI: -57
2026-08-10 21:36:57,ID: 253,ID2: 166, Timer: 58156, RSSI: -58
2026-08-10 21:36:57,ID: 253,ID2: 166, Timer: 58170, RSSI: -56
2026-08-10 21:36:57,ID: 253,ID2: 166, Timer: 58184, RSSI: -57
2026-08-10 21:36:57,ID: 253,ID2: 166, Timer: 58184, RSSI: -57
2026-08-10 21:36:57,ID: 253,ID2: 166, Timer: 58191, RSSI: -56
2026-08-10 21:36:57,ID: 253,ID2: 166, Timer: 58198, RSSI: -58
2026-08-10 21:36:57,ID: 253,ID2: 166, Timer: 58226, RSSI: -57
2026-08-10 21:36:57,ID: 253,ID2: 166, Timer: 58233, RSSI: -56
2026-08-10 21:36:57,ID: 253,ID2: 166, Timer: 58247, RSSI: -57
2026-08-10 21:36:57,ID: 253,ID2: 166, Timer: 58254, RSSI: -56
2026-08-10 21:36:57,ID: 253,ID2: 166, Timer: 58268, RSSI: -57
2026-08-10 21:36:57,ID: 253,ID2: 166, Timer: 58275, RSSI: -56
2026-08-10 21:36:57,ID: 253,ID2: 166, Timer: 58303, RSSI: -58
2026-08-10 21:36:57,ID: 253,ID2: 166, Timer: 58310, RSSI: -57
2026-08-10 21:36:57,ID: 253,ID2: 166, Timer: 58310, RSSI: -57
2026-08-10 21:36:57,ID: 253,ID2: 166, Timer: 58324, RSSI: -58
2026-08-10 21:36:57,ID: 253,ID2: 166, Timer: 58352, RSSI: -57
2026-08-10 21:36:57,ID: 253,ID2: 166, Timer: 58359, RSSI: -56
2026-08-10 21:36:57,ID: 253,ID2: 166, Timer: 58380, RSSI: -56
2026-08-10 21:36:57,ID: 253,ID2: 166, Timer: 58394, RSSI: -57
2026-08-10 21:36:57,ID: 253,ID2: 166, Timer: 58408, RSSI: -58
2026-08-10 21:36:57,ID: 253,ID2: 166, Timer: 58422, RSSI: -56
2026-08-10 21:36:57,ID: 253,ID2: 166, Timer: 58436, RSSI: -57
2026-08-10 21:36:57,ID: 253,ID2: 166, Timer: 58471, RSSI: -58
2026-08-10 21:36:57,ID: 253,ID2: 166, Timer: 58478, RSSI: -57
2026-08-10 21:36:57,ID: 253,ID2: 166, Timer: 58478, RSSI: -57
2026-08-10 21:36:57,ID: 253,ID2: 166, Timer: 58485, RSSI: -56
2026-08-10 21:36:57,ID: 253,ID2: 166, Timer: 58492, RSSI: -58
2026-08-10 21:36:57,ID: 253,ID2: 166, Timer: 58506, RSSI: -56
2026-08-10 21:36:57,ID: 253,ID2: 166, Timer: 58520, RSSI: -57
2026-08-10 21:36:57,ID: 253,ID2: 166, Timer: 58527, RSSI: -56
2026-08-10 21:36:57,ID: 253,ID2: 166, Timer: 58562, RSSI: -57
2026-08-10 21:36:57,ID: 253,ID2: 166, Timer: 58576, RSSI: -58
2026-08-10 21:36:57,ID: 253,ID2: 166, Timer: 58604, RSSI: -57
2026-08-10 21:36:57,ID: 253,ID2: 166, Timer: 58618, RSSI: -58
2026-08-10 21:36:57,ID: 253,ID2: 166, Timer: 58625, RSSI: -57
2026-08-10 21:36:57,ID: 253,ID2: 166, Timer: 58646, RSSI: -57
2026-08-10 21:36:57,ID: 253,ID2: 166, Timer: 58660, RSSI: -58
2026-08-10 21:36:57,ID: 253,ID2: 166, Timer: 58674, RSSI: -56
2026-08-10 21:36:57,ID: 253,ID2: 166, Timer: 58688, RSSI: -57
2026-08-10 21:36:57,ID: 253,ID2: 166, Timer: 58730, RSSI: -57
2026-08-10 21:36:57,ID: 253,ID2: 166, Timer: 58737, RSSI: -56
2026-08-10 21:36:57,ID: 253,ID2: 166, Timer: 58751, RSSI: -57
2026-08-10 21:36:57,ID: 253,ID2: 166, Timer: 58765, RSSI: -58
2026-08-10 21:36:57,ID: 253,ID2: 166, Timer: 58772, RSSI: -57
2026-08-10 21:36:57,ID: 253,ID2: 166, Timer: 58779, RSSI: -56
2026-08-10 21:36:57,ID: 253,ID2: 166, Timer: 58814, RSSI: -57
2026-08-10 21:36:57,ID: 253,ID2: 166, Timer: 58828, RSSI: -58
2026-08-10 21:36:57,ID: 253,ID2: 166, Timer: 58856, RSSI: -57
2026-08-10 21:36:57,ID: 253,ID2: 166, Timer: 58870, RSSI: -58
2026-08-10 21:36:57,ID: 253,ID2: 166, Timer: 58884, RSSI: -56
2026-08-10 21:36:57,ID: 253,ID2: 166, Timer: 58898, RSSI: -57
2026-08-10 21:36:57,ID: 253,ID2: 166, Timer: 58919, RSSI: -57
2026-08-10 21:36:57,ID: 253,ID2: 166, Timer: 58940, RSSI: -57
2026-08-10 21:36:57,ID: 253,ID2: 166, Timer: 58961, RSSI: -57
2026-08-10 21:36:57,ID: 253,ID2: 166, Timer: 58982, RSSI: -57
2026-08-10 21:36:57,ID: 253,ID2: 166, Timer: 58989, RSSI: -56
2026-08-10 21:36:57,ID: 253,ID2: 166, Timer: 58996, RSSI: -58
2026-08-10 21:36:57,ID: 253,ID2: 166, Timer: 59003, RSSI: -57
2026-08-10 21:36:57,ID: 253,ID2: 166, Timer: 59017, RSSI: -58
2026-08-10 21:36:57,ID: 253,ID2: 166, Timer: 59024, RSSI: -57
2026-08-10 21:36:57,ID: 253,ID2: 166, Timer: 59038, RSSI: -58
2026-08-10 21:36:57,ID: 253,ID2: 166, Timer: 59052, RSSI: -56
2026-08-10 21:36:57,ID: 253,ID2: 166, Timer: 59066, RSSI: -57
2026-08-10 21:36:57,ID: 253,ID2: 166, Timer: 59080, RSSI: -58
2026-08-10 21:36:57,ID: 253,ID2: 166, Timer: 59101, RSSI: -58
2026-08-10 21:36:57,ID: 253,ID2: 166, Timer: 59108, RSSI: -57
2026-08-10 21:36:57,ID: 253,ID2: 166, Timer: 59108, RSSI: -57
2026-08-10 21:36:57,ID: 253,ID2: 166, Timer: 59115, RSSI: -56
2026-08-10 21:36:57,ID: 253,ID2: 166, Timer: 59143, RSSI: -58
2026-08-10 21:36:57,ID: 253,ID2: 166, Timer: 59150, RSSI: -57
2026-08-10 21:36:57,ID: 253,ID2: 166, Timer: 59150, RSSI: -57
2026-08-10 21:36:57,ID: 253,ID2: 166, Timer: 59157, RSSI: -56
2026-08-10 21:36:57,ID: 253,ID2: 166, Timer: 59164, RSSI: -58
2026-08-10 21:36:57,ID: 253,ID2: 166, Timer: 59178, RSSI: -56
2026-08-10 21:36:57,ID: 253,ID2: 166, Timer: 59192, RSSI: -57
2026-08-10 21:36:57,ID: 253,ID2: 166, Timer: 59192, RSSI: -57
2026-08-10 21:36:57,ID: 253,ID2: 166, Timer: 59220, RSSI: -56
2026-08-10 21:36:57,ID: 253,ID2: 166, Timer: 59234, RSSI: -57
2026-08-10 21:36:57,ID: 253,ID2: 166, Timer: 59269, RSSI: -58
2026-08-10 21:36:57,ID: 253,ID2: 166, Timer: 59276, RSSI: -57
2026-08-10 21:36:57,ID: 253,ID2: 166, Timer: 59290, RSSI: -58
2026-08-10 21:36:57,ID: 253,ID2: 166, Timer: 59297, RSSI: -57
2026-08-10 21:36:57,ID: 253,ID2: 166, Timer: 59304, RSSI: -56
2026-08-10 21:36:57,ID: 253,ID2: 166, Timer: 59311, RSSI: -58
2026-08-10 21:36:57,ID: 253,ID2: 166, Timer: 59318, RSSI: -57
2026-08-10 21:36:57,ID: 253,ID2: 166, Timer: 59332, RSSI: -58
2026-08-10 21:36:57,ID: 253,ID2: 166, Timer: 59339, RSSI: -57
2026-08-10 21:36:57,ID: 253,ID2: 166, Timer: 59353, RSSI: -58
2026-08-10 21:36:57,ID: 253,ID2: 166, Timer: 59367, RSSI: -56
2026-08-10 21:36:57,ID: 253,ID2: 166, Timer: 59381, RSSI: -57
2026-08-10 21:36:57,ID: 253,ID2: 166, Timer: 59395, RSSI: -58
2026-08-10 21:36:57,ID: 253,ID2: 166, Timer: 59402, RSSI: -57
2026-08-10 21:36:57,ID: 253,ID2: 166, Timer: 59402, RSSI: -57
2026-08-10 21:36:57,ID: 253,ID2: 166, Timer: 59409, RSSI: -56
2026-08-10 21:36:57,ID: 253,ID2: 166, Timer: 59444, RSSI: -57
2026-08-10 21:36:57,ID: 253,ID2: 166, Timer: 59444, RSSI: -57
2026-08-10 21:36:57,ID: 253,ID2: 166, Timer: 59465, RSSI: -57
2026-08-10 21:36:57,ID: 253,ID2: 166, Timer: 59479, RSSI: -58
2026-08-10 21:36:57,ID: 253,ID2: 166, Timer: 59486, RSSI: -57
2026-08-10 21:36:57,ID: 253,ID2: 166, Timer: 59507, RSSI: -57
2026-08-10 21:36:57,ID: 253,ID2: 166, Timer: 59528, RSSI: -57
2026-08-10 21:36:57,ID: 253,ID2: 166, Timer: 59542, RSSI: -58
2026-08-10 21:36:57,ID: 253,ID2: 166, Timer: 59556, RSSI: -56
2026-08-10 21:36:57,ID: 253,ID2: 166, Timer: 59563, RSSI: -58
2026-08-10 21:36:57,ID: 253,ID2: 166, Timer: 59570, RSSI: -57
2026-08-10 21:36:57,ID: 253,ID2: 166, Timer: 59584, RSSI: -58
2026-08-10 21:36:57,ID: 253,ID2: 166, Timer: 59591, RSSI: -57
2026-08-10 21:36:57,ID: 253,ID2: 166, Timer: 59598, RSSI: -56
2026-08-10 21:36:57,ID: 253,ID2: 166, Timer: 59605, RSSI: -58
2026-08-10 21:36:57,ID: 253,ID2: 166, Timer: 59612, RSSI: -57
2026-08-10 21:36:57,ID: 253,ID2: 166, Timer: 59626, RSSI: -58
2026-08-10 21:36:57,ID: 253,ID2: 166, Timer: 59647, RSSI: -58
2026-08-10 21:36:57,ID: 253,ID2: 166, Timer: 59654, RSSI: -57
2026-08-10 21:36:57,ID: 253,ID2: 166, Timer: 59668, RSSI: -58
2026-08-10 21:36:57,ID: 253,ID2: 166, Timer: 59675, RSSI: -57
2026-08-10 21:36:57,ID: 253,ID2: 166, Timer: 59682, RSSI: -56
2026-08-10 21:36:57,ID: 253,ID2: 166, Timer: 59689, RSSI: -58
2026-08-10 21:36:57,ID: 253,ID2: 166, Timer: 59696, RSSI: -57
2026-08-10 21:36:57,ID: 253,ID2: 166, Timer: 59703, RSSI: -56
2026-08-10 21:36:57,ID: 253,ID2: 166, Timer: 59717, RSSI: -57
2026-08-10 21:36:57,ID: 253,ID2: 166, Timer: 59738, RSSI: -57
2026-08-10 21:36:57,ID: 253,ID2: 166, Timer: 59738, RSSI: -57
2026-08-10 21:36:57,ID: 253,ID2: 166, Timer: 59745, RSSI: -56
2026-08-10 21:36:57,ID: 253,ID2: 166, Timer: 59752, RSSI: -58
2026-08-10 21:36:57,ID: 253,ID2: 166, Timer: 59759, RSSI: -57
2026-08-10 21:36:57,ID: 253,ID2: 166, Timer: 59773, RSSI: -58
2026-08-10 21:36:57,ID: 253,ID2: 166, Timer: 59780, RSSI: -57
2026-08-10 21:36:57,ID: 253,ID2: 166, Timer: 59801, RSSI: -57
2026-08-10 21:36:57,ID: 253,ID2: 166, Timer: 59815, RSSI: -58
2026-08-10 21:36:57,ID: 253,ID2: 166, Timer: 59822, RSSI: -57
2026-08-10 21:36:57,ID: 253,ID2: 166, Timer: 59843, RSSI: -57
2026-08-10 21:36:57,ID: 253,ID2: 166, Timer: 59850, RSSI: -56
2026-08-10 21:36:57,ID: 253,ID2: 166, Timer: 59864, RSSI: -57
2026-08-10 21:36:57,ID: 253,ID2: 166, Timer: 59864, RSSI: -57
2026-08-10 21:36:57,ID: 253,ID2: 166, Timer: 59878, RSSI: -58
2026-08-10 21:36:57,ID: 253,ID2: 166, Timer: 59885, RSSI: -57
2026-08-10 21:36:57,ID: 253,ID2: 166, Timer: 59892, RSSI: -56
2026-08-10 21:36:57,ID: 253,ID2: 166, Timer: 59906, RSSI: -57
2026-08-10 21:36:57,ID: 253,ID2: 166, Timer: 59913, RSSI: -56
2026-08-10 21:36:57,ID: 253,ID2: 166, Timer: 59927, RSSI: -57
2026-08-10 21:36:57,ID: 253,ID2: 166, Timer: 59934, RSSI: -56
2026-08-10 21:36:57,ID: 253,ID2: 166, Timer: 59948, RSSI: -57
2026-08-10 21:36:57,ID: 253,ID2: 166, Timer: 59962, RSSI: -58
2026-08-10 21:36:57,ID: 253,ID2: 166, Timer: 59976, RSSI: -56
2026-08-10 21:36:57,ID: 253,ID2: 166, Timer: 59983, RSSI: -58
2026-08-10 21:36:57,ID: 253,ID2: 166, Timer: 59990, RSSI: -57
2026-08-10 21:36:57,ID: 253,ID2: 166, Timer: 59990, RSSI: -57
2026-08-10 21:36:57,ID: 253,ID2: 166, Timer: 59997, RSSI: -56
2026-08-10 21:36:57,ID: 253,ID2: 166, Timer: 60025, RSSI: -58
2026-08-10 21:36:57,ID: 253,ID2: 166, Timer: 60032, RSSI: -57
2026-08-10 21:36:57,ID: 253,ID2: 166, Timer: 60032, RSSI: -57
2026-08-10 21:36:57,ID: 253,ID2: 166, Timer: 60046, RSSI: -58
2026-08-10 21:36:57,ID: 253,ID2: 166, Timer: 60074, RSSI: -57
2026-08-10 21:36:57,ID: 253,ID2: 166, Timer: 60074, RSSI: -57
2026-08-10 21:36:57,ID: 253,ID2: 166, Timer: 60088, RSSI: -58
2026-08-10 21:36:57,ID: 253,ID2: 166, Timer: 60095, RSSI: -57
2026-08-10 21:36:57,ID: 253,ID2: 166, Timer: 60109, RSSI: -58
2026-08-10 21:36:57,ID: 253,ID2: 166, Timer: 60116, RSSI: -57
2026-08-10 21:36:57,ID: 253,ID2: 166, Timer: 60123, RSSI: -56
2026-08-10 21:36:57,ID: 253,ID2: 166, Timer: 60144, RSSI: -56
2026-08-10 21:36:57,ID: 253,ID2: 166, Timer: 60158, RSSI: -57
2026-08-10 21:36:57,ID: 253,ID2: 166, Timer: 60172, RSSI: -58
2026-08-10 21:36:57,ID: 253,ID2: 166, Timer: 60179, RSSI: -57
2026-08-10 21:36:57,ID: 253,ID2: 166, Timer: 60186, RSSI: -56
2026-08-10 21:36:57,ID: 253,ID2: 166, Timer: 60200, RSSI: -57
2026-08-10 21:36:57,ID: 253,ID2: 166, Timer: 60228, RSSI: -56
2026-08-10 21:36:57,ID: 253,ID2: 166, Timer: 60242, RSSI: -57
2026-08-10 21:36:57,ID: 253,ID2: 166, Timer: 60249, RSSI: -56
2026-08-10 21:36:57,ID: 253,ID2: 166, Timer: 60256, RSSI: -58
2026-08-10 21:36:57,ID: 253,ID2: 166, Timer: 60284, RSSI: -57
2026-08-10 21:36:57,ID: 253,ID2: 166, Timer: 60291, RSSI: -56
2026-08-10 21:36:57,ID: 253,ID2: 166, Timer: 60305, RSSI: -57
2026-08-10 21:36:57,ID: 253,ID2: 166, Timer: 60312, RSSI: -56
2026-08-10 21:36:57,ID: 253,ID2: 166, Timer: 60319, RSSI: -58
2026-08-10 21:36:57,ID: 253,ID2: 166, Timer: 60326, RSSI: -57
2026-08-10 21:36:57,ID: 253,ID2: 166, Timer: 60333, RSSI: -56
2026-08-10 21:36:57,ID: 253,ID2: 166, Timer: 60340, RSSI: -58
2026-08-10 21:36:57,ID: 253,ID2: 166, Timer: 60354, RSSI: -56
2026-08-10 21:36:57,ID: 253,ID2: 166, Timer: 60368, RSSI: -57
2026-08-10 21:36:57,ID: 253,ID2: 166, Timer: 60382, RSSI: -58
2026-08-10 21:36:57,ID: 253,ID2: 166, Timer: 60396, RSSI: -56
2026-08-10 21:36:57,ID: 253,ID2: 166, Timer: 60410, RSSI: -57
2026-08-10 21:36:57,ID: 253,ID2: 166, Timer: 60410, RSSI: -57
2026-08-10 21:36:57,ID: 253,ID2: 166, Timer: 60417, RSSI: -56
2026-08-10 21:36:57,ID: 253,ID2: 166, Timer: 60424, RSSI: -58
2026-08-10 21:36:57,ID: 253,ID2: 166, Timer: 60452, RSSI: -57
2026-08-10 21:36:57,ID: 253,ID2: 166, Timer: 60459, RSSI: -56
2026-08-10 21:36:57,ID: 253,ID2: 166, Timer: 60466, RSSI: -58
2026-08-10 21:36:57,ID: 253,ID2: 166, Timer: 60473, RSSI: -57
2026-08-10 21:36:57,ID: 253,ID2: 166, Timer: 60494, RSSI: -57
2026-08-10 21:36:57,ID: 253,ID2: 166, Timer: 60494, RSSI: -57
2026-08-10 21:36:57,ID: 253,ID2: 166, Timer: 60508, RSSI: -58
2026-08-10 21:36:57,ID: 253,ID2: 166, Timer: 60515, RSSI: -57
2026-08-10 21:36:57,ID: 253,ID2: 166, Timer: 60522, RSSI: -56
2026-08-10 21:36:57,ID: 253,ID2: 166, Timer: 60536, RSSI: -57
2026-08-10 21:36:57,ID: 253,ID2: 166, Timer: 60536, RSSI: -57
2026-08-10 21:36:57,ID: 253,ID2: 166, Timer: 60557, RSSI: -57
2026-08-10 21:36:57,ID: 253,ID2: 166, Timer: 60578, RSSI: -57
2026-08-10 21:36:57,ID: 253,ID2: 166, Timer: 60599, RSSI: -57
2026-08-10 21:36:57,ID: 253,ID2: 166, Timer: 60620, RSSI: -57
2026-08-10 21:36:57,ID: 253,ID2: 166, Timer: 60620, RSSI: -57
2026-08-10 21:36:57,ID: 253,ID2: 166, Timer: 60662, RSSI: -57
2026-08-10 21:36:57,ID: 253,ID2: 166, Timer: 60676, RSSI: -58
2026-08-10 21:36:57,ID: 253,ID2: 166, Timer: 60697, RSSI: -58
2026-08-10 21:36:57,ID: 253,ID2: 166, Timer: 60704, RSSI: -57
2026-08-10 21:36:57,ID: 253,ID2: 166, Timer: 60704, RSSI: -57
2026-08-10 21:36:57,ID: 253,ID2: 166, Timer: 60711, RSSI: -56
2026-08-10 21:36:57,ID: 253,ID2: 166, Timer: 60725, RSSI: -57
2026-08-10 21:36:57,ID: 253,ID2: 166, Timer: 60746, RSSI: -57
2026-08-10 21:36:57,ID: 253,ID2: 166, Timer: 60753, RSSI: -56
2026-08-10 21:36:57,ID: 253,ID2: 166, Timer: 60767, RSSI: -57
2026-08-10 21:36:57,ID: 253,ID2: 166, Timer: 60788, RSSI: -57
2026-08-10 21:36:57,ID: 253,ID2: 166, Timer: 60802, RSSI: -58
2026-08-10 21:36:57,ID: 253,ID2: 166, Timer: 60809, RSSI: -57
2026-08-10 21:36:57,ID: 253,ID2: 166, Timer: 60816, RSSI: -56
2026-08-10 21:36:57,ID: 253,ID2: 166, Timer: 60837, RSSI: -56
2026-08-10 21:36:57,ID: 253,ID2: 166, Timer: 60851, RSSI: -57
2026-08-10 21:36:57,ID: 253,ID2: 166, Timer: 60872, RSSI: -57
2026-08-10 21:36:57,ID: 253,ID2: 166, Timer: 60886, RSSI: -58
2026-08-10 21:36:57,ID: 253,ID2: 166, Timer: 60893, RSSI: -57
2026-08-10 21:36:57,ID: 253,ID2: 166, Timer: 60900, RSSI: -56
2026-08-10 21:36:57,ID: 253,ID2: 166, Timer: 60914, RSSI: -57
2026-08-10 21:36:57,ID: 253,ID2: 166, Timer: 60928, RSSI: -58
2026-08-10 21:36:57,ID: 253,ID2: 166, Timer: 60935, RSSI: -57
2026-08-10 21:36:57,ID: 253,ID2: 166, Timer: 60942, RSSI: -56
2026-08-10 21:36:57,ID: 253,ID2: 166, Timer: 60956, RSSI: -57
2026-08-10 21:36:57,ID: 253,ID2: 166, Timer: 60991, RSSI: -58
2026-08-10 21:36:57,ID: 253,ID2: 166, Timer: 60998, RSSI: -57
2026-08-10 21:36:57,ID: 253,ID2: 166, Timer: 61019, RSSI: -57
2026-08-10 21:36:57,ID: 253,ID2: 166, Timer: 61026, RSSI: -56
2026-08-10 21:36:57,ID: 253,ID2: 166, Timer: 61033, RSSI: -58
2026-08-10 21:36:57,ID: 253,ID2: 166, Timer: 61054, RSSI: -58
2026-08-10 21:36:57,ID: 253,ID2: 166, Timer: 61082, RSSI: -57
2026-08-10 21:36:57,ID: 253,ID2: 166, Timer: 61103, RSSI: -57
2026-08-10 21:36:57,ID: 253,ID2: 166, Timer: 61124, RSSI: -57
2026-08-10 21:36:57,ID: 253,ID2: 166, Timer: 61145, RSSI: -57
2026-08-10 21:36:57,ID: 253,ID2: 166, Timer: 61166, RSSI: -57
2026-08-10 21:36:57,ID: 253,ID2: 166, Timer: 61173, RSSI: -56
2026-08-10 21:36:57,ID: 253,ID2: 166, Timer: 61180, RSSI: -58
2026-08-10 21:36:57,ID: 253,ID2: 166, Timer: 61187, RSSI: -57
2026-08-10 21:36:57,ID: 253,ID2: 166, Timer: 61201, RSSI: -58
2026-08-10 21:36:57,ID: 253,ID2: 166, Timer: 61208, RSSI: -57
2026-08-10 21:36:57,ID: 253,ID2: 166, Timer: 61208, RSSI: -57
2026-08-10 21:36:57,ID: 253,ID2: 166, Timer: 61222, RSSI: -58
2026-08-10 21:36:57,ID: 253,ID2: 166, Timer: 61236, RSSI: -56
2026-08-10 21:36:57,ID: 253,ID2: 166, Timer: 61250, RSSI: -57
2026-08-10 21:36:57,ID: 253,ID2: 166, Timer: 61257, RSSI: -56
2026-08-10 21:36:57,ID: 253,ID2: 166, Timer: 61271, RSSI: -57
2026-08-10 21:36:57,ID: 253,ID2: 166, Timer: 61278, RSSI: -56
2026-08-10 21:36:57,ID: 253,ID2: 166, Timer: 61292, RSSI: -57
2026-08-10 21:36:57,ID: 253,ID2: 166, Timer: 61306, RSSI: -58
2026-08-10 21:36:57,ID: 253,ID2: 166, Timer: 61313, RSSI: -57
2026-08-10 21:36:57,ID: 253,ID2: 166, Timer: 61327, RSSI: -58
2026-08-10 21:36:57,ID: 253,ID2: 166, Timer: 61341, RSSI: -56
2026-08-10 21:36:57,ID: 253,ID2: 166, Timer: 61348, RSSI: -58
2026-08-10 21:36:57,ID: 253,ID2: 166, Timer: 61369, RSSI: -58
2026-08-10 21:36:57,ID: 253,ID2: 166, Timer: 61376, RSSI: -57
2026-08-10 21:36:57,ID: 253,ID2: 166, Timer: 61376, RSSI: -57
2026-08-10 21:36:57,ID: 253,ID2: 166, Timer: 61390, RSSI: -58
2026-08-10 21:36:57,ID: 253,ID2: 166, Timer: 61404, RSSI: -56
2026-08-10 21:36:57,ID: 253,ID2: 166, Timer: 61411, RSSI: -58
2026-08-10 21:36:57,ID: 253,ID2: 166, Timer: 61418, RSSI: -57
2026-08-10 21:36:57,ID: 253,ID2: 166, Timer: 61432, RSSI: -58
2026-08-10 21:36:57,ID: 253,ID2: 166, Timer: 61446, RSSI: -56
2026-08-10 21:36:57,ID: 253,ID2: 166, Timer: 61460, RSSI: -57
2026-08-10 21:36:57,ID: 253,ID2: 166, Timer: 61460, RSSI: -57
2026-08-10 21:36:57,ID: 253,ID2: 166, Timer: 61502, RSSI: -57
2026-08-10 21:36:57,ID: 253,ID2: 166, Timer: 61509, RSSI: -56
2026-08-10 21:36:57,ID: 253,ID2: 166, Timer: 61516, RSSI: -58
2026-08-10 21:36:57,ID: 253,ID2: 166, Timer: 61544, RSSI: -57
2026-08-10 21:36:57,ID: 253,ID2: 166, Timer: 61551, RSSI: -56
2026-08-10 21:36:57,ID: 253,ID2: 166, Timer: 61558, RSSI: -58
2026-08-10 21:36:57,ID: 253,ID2: 166, Timer: 61572, RSSI: -56
2026-08-10 21:36:57,ID: 253,ID2: 166, Timer: 61586, RSSI: -57
2026-08-10 21:36:57,ID: 253,ID2: 166, Timer: 61586, RSSI: -57
2026-08-10 21:36:57,ID: 253,ID2: 166, Timer: 61607, RSSI: -57
2026-08-10 21:36:57,ID: 253,ID2: 166, Timer: 61670, RSSI: -57
2026-08-10 21:36:57,ID: 253,ID2: 166, Timer: 61670, RSSI: -57
2026-08-10 21:36:57,ID: 253,ID2: 166, Timer: 61684, RSSI: -58
2026-08-10 21:36:57,ID: 253,ID2: 166, Timer: 61698, RSSI: -56
2026-08-10 21:36:57,ID: 253,ID2: 166, Timer: 61712, RSSI: -57
2026-08-10 21:36:57,ID: 253,ID2: 166, Timer: 61719, RSSI: -56
2026-08-10 21:36:57,ID: 253,ID2: 166, Timer: 61733, RSSI: -57
2026-08-10 21:36:57,ID: 253,ID2: 166, Timer: 61754, RSSI: -57
2026-08-10 21:36:57,ID: 253,ID2: 166, Timer: 61782, RSSI: -56
2026-08-10 21:36:57,ID: 253,ID2: 166, Timer: 61789, RSSI: -58
2026-08-10 21:36:57,ID: 253,ID2: 166, Timer: 61796, RSSI: -57
2026-08-10 21:36:57,ID: 253,ID2: 166, Timer: 61796, RSSI: -57
2026-08-10 21:36:57,ID: 253,ID2: 166, Timer: 61803, RSSI: -56
2026-08-10 21:36:57,ID: 253,ID2: 166, Timer: 61810, RSSI: -58
2026-08-10 21:36:57,ID: 253,ID2: 166, Timer: 61831, RSSI: -58
2026-08-10 21:36:57,ID: 253,ID2: 166, Timer: 61838, RSSI: -57
2026-08-10 21:36:57,ID: 253,ID2: 166, Timer: 61845, RSSI: -56
2026-08-10 21:36:57,ID: 253,ID2: 166, Timer: 61852, RSSI: -58
2026-08-10 21:36:57,ID: 253,ID2: 166, Timer: 61859, RSSI: -57
2026-08-10 21:36:57,ID: 253,ID2: 166, Timer: 61866, RSSI: -56
2026-08-10 21:36:57,ID: 253,ID2: 166, Timer: 61880, RSSI: -57
2026-08-10 21:36:57,ID: 253,ID2: 166, Timer: 61887, RSSI: -56
2026-08-10 21:36:57,ID: 253,ID2: 166, Timer: 61908, RSSI: -56
2026-08-10 21:36:57,ID: 253,ID2: 166, Timer: 61922, RSSI: -57
2026-08-10 21:36:57,ID: 253,ID2: 166, Timer: 61950, RSSI: -56
2026-08-10 21:36:57,ID: 253,ID2: 166, Timer: 61957, RSSI: -58
2026-08-10 21:36:57,ID: 253,ID2: 166, Timer: 61964, RSSI: -57
2026-08-10 21:36:57,ID: 253,ID2: 166, Timer: 61985, RSSI: -57
2026-08-10 21:36:57,ID: 253,ID2: 166, Timer: 61992, RSSI: -56
2026-08-10 21:36:57,ID: 253,ID2: 166, Timer: 62006, RSSI: -57
2026-08-10 21:36:57,ID: 253,ID2: 166, Timer: 62006, RSSI: -57
2026-08-10 21:36:57,ID: 253,ID2: 166, Timer: 62027, RSSI: -57
2026-08-10 21:36:57,ID: 253,ID2: 166, Timer: 62034, RSSI: -56
2026-08-10 21:36:57,ID: 253,ID2: 166, Timer: 62048, RSSI: -57
2026-08-10 21:36:57,ID: 253,ID2: 166, Timer: 62055, RSSI: -56
2026-08-10 21:36:57,ID: 253,ID2: 166, Timer: 62069, RSSI: -57
2026-08-10 21:36:57,ID: 253,ID2: 166, Timer: 62090, RSSI: -57
2026-08-10 21:36:57,ID: 253,ID2: 166, Timer: 62097, RSSI: -56
2026-08-10 21:36:57,ID: 253,ID2: 166, Timer: 62125, RSSI: -58
2026-08-10 21:36:57,ID: 253,ID2: 166, Timer: 62146, RSSI: -58
2026-08-10 21:36:57,ID: 253,ID2: 166, Timer: 62160, RSSI: -56
2026-08-10 21:36:57,ID: 253,ID2: 166, Timer: 62167, RSSI: -58
2026-08-10 21:36:57,ID: 253,ID2: 166, Timer: 62174, RSSI: -57
2026-08-10 21:36:57,ID: 253,ID2: 166, Timer: 62195, RSSI: -57
2026-08-10 21:36:57,ID: 253,ID2: 166, Timer: 62209, RSSI: -58
2026-08-10 21:36:57,ID: 253,ID2: 166, Timer: 62216, RSSI: -57
2026-08-10 21:36:57,ID: 253,ID2: 166, Timer: 62251, RSSI: -58
2026-08-10 21:36:57,ID: 253,ID2: 166, Timer: 62258, RSSI: -57
2026-08-10 21:36:57,ID: 253,ID2: 166, Timer: 62300, RSSI: -57
2026-08-10 21:36:57,ID: 253,ID2: 166, Timer: 62328, RSSI: -56
2026-08-10 21:36:57,ID: 253,ID2: 166, Timer: 62335, RSSI: -58
2026-08-10 21:36:57,ID: 253,ID2: 166, Timer: 62342, RSSI: -57
2026-08-10 21:36:57,ID: 253,ID2: 166, Timer: 62349, RSSI: -56
2026-08-10 21:36:57,ID: 253,ID2: 166, Timer: 62356, RSSI: -58
2026-08-10 21:36:57,ID: 253,ID2: 166, Timer: 62370, RSSI: -56
2026-08-10 21:36:57,ID: 253,ID2: 166, Timer: 62377, RSSI: -58
2026-08-10 21:36:57,ID: 253,ID2: 166, Timer: 62384, RSSI: -57
2026-08-10 21:36:57,ID: 253,ID2: 166, Timer: 62391, RSSI: -56
2026-08-10 21:36:57,ID: 253,ID2: 166, Timer: 62419, RSSI: -58
2026-08-10 21:36:57,ID: 253,ID2: 166, Timer: 62426, RSSI: -57
2026-08-10 21:36:57,ID: 253,ID2: 166, Timer: 62433, RSSI: -56
2026-08-10 21:36:57,ID: 253,ID2: 166, Timer: 62461, RSSI: -58
2026-08-10 21:36:57,ID: 253,ID2: 166, Timer: 62468, RSSI: -57
2026-08-10 21:36:57,ID: 253,ID2: 166, Timer: 62468, RSSI: -57
2026-08-10 21:36:57,ID: 253,ID2: 166, Timer: 62496, RSSI: -56
2026-08-10 21:36:57,ID: 253,ID2: 166, Timer: 62503, RSSI: -58
2026-08-10 21:36:57,ID: 253,ID2: 166, Timer: 62510, RSSI: -57
2026-08-10 21:36:57,ID: 253,ID2: 166, Timer: 62517, RSSI: -56
2026-08-10 21:36:57,ID: 253,ID2: 166, Timer: 62538, RSSI: -56
2026-08-10 21:36:57,ID: 253,ID2: 166, Timer: 62545, RSSI: -58
2026-08-10 21:36:57,ID: 253,ID2: 166, Timer: 62552, RSSI: -57
2026-08-10 21:36:57,ID: 253,ID2: 166, Timer: 62559, RSSI: -56
2026-08-10 21:36:57,ID: 253,ID2: 166, Timer: 62573, RSSI: -57
2026-08-10 21:36:57,ID: 253,ID2: 166, Timer: 62580, RSSI: -56
2026-08-10 21:36:57,ID: 253,ID2: 166, Timer: 62594, RSSI: -57
2026-08-10 21:36:57,ID: 253,ID2: 166, Timer: 62601, RSSI: -56
2026-08-10 21:36:57,ID: 253,ID2: 166, Timer: 62615, RSSI: -57
2026-08-10 21:36:57,ID: 253,ID2: 166, Timer: 62636, RSSI: -57
2026-08-10 21:36:57,ID: 253,ID2: 166, Timer: 62650, RSSI: -58
2026-08-10 21:36:57,ID: 253,ID2: 166, Timer: 62657, RSSI: -57
2026-08-10 21:36:57,ID: 253,ID2: 166, Timer: 62671, RSSI: -58
2026-08-10 21:36:57,ID: 253,ID2: 166, Timer: 62678, RSSI: -57
2026-08-10 21:36:57,ID: 253,ID2: 166, Timer: 62678, RSSI: -57
2026-08-10 21:36:57,ID: 253,ID2: 166, Timer: 62685, RSSI: -56
2026-08-10 21:36:57,ID: 253,ID2: 166, Timer: 62699, RSSI: -57
2026-08-10 21:36:57,ID: 253,ID2: 166, Timer: 62713, RSSI: -58
2026-08-10 21:36:57,ID: 253,ID2: 166, Timer: 62720, RSSI: -57
2026-08-10 21:36:57,ID: 253,ID2: 166, Timer: 62727, RSSI: -56
2026-08-10 21:36:57,ID: 253,ID2: 166, Timer: 62741, RSSI: -57
2026-08-10 21:36:57,ID: 253,ID2: 166, Timer: 62762, RSSI: -57
2026-08-10 21:36:57,ID: 253,ID2: 166, Timer: 62762, RSSI: -57
2026-08-10 21:36:57,ID: 253,ID2: 166, Timer: 62769, RSSI: -56
2026-08-10 21:36:57,ID: 253,ID2: 166, Timer: 62776, RSSI: -58
2026-08-10 21:36:57,ID: 253,ID2: 166, Timer: 62783, RSSI: -57
2026-08-10 21:36:57,ID: 253,ID2: 166, Timer: 62797, RSSI: -58
2026-08-10 21:36:57,ID: 253,ID2: 166, Timer: 62804, RSSI: -57
2026-08-10 21:36:57,ID: 253,ID2: 166, Timer: 62818, RSSI: -58
2026-08-10 21:36:57,ID: 253,ID2: 166, Timer: 62825, RSSI: -57
2026-08-10 21:36:57,ID: 253,ID2: 166, Timer: 62846, RSSI: -57
2026-08-10 21:36:57,ID: 253,ID2: 166, Timer: 62846, RSSI: -57
2026-08-10 21:36:57,ID: 253,ID2: 166, Timer: 62853, RSSI: -56
2026-08-10 21:36:57,ID: 253,ID2: 166, Timer: 62888, RSSI: -57
2026-08-10 21:36:57,ID: 253,ID2: 166, Timer: 62902, RSSI: -58
2026-08-10 21:36:57,ID: 253,ID2: 166, Timer: 62909, RSSI: -57
2026-08-10 21:36:57,ID: 253,ID2: 166, Timer: 62930, RSSI: -57
2026-08-10 21:36:57,ID: 253,ID2: 166, Timer: 62937, RSSI: -56
2026-08-10 21:36:57,ID: 253,ID2: 166, Timer: 62951, RSSI: -57
2026-08-10 21:36:57,ID: 253,ID2: 166, Timer: 62958, RSSI: -56
2026-08-10 21:36:57,ID: 253,ID2: 166, Timer: 62965, RSSI: -58
2026-08-10 21:36:57,ID: 253,ID2: 166, Timer: 62972, RSSI: -57
2026-08-10 21:36:57,ID: 253,ID2: 166, Timer: 62986, RSSI: -58
2026-08-10 21:36:57,ID: 253,ID2: 166, Timer: 63014, RSSI: -57
2026-08-10 21:36:57,ID: 253,ID2: 166, Timer: 63014, RSSI: -57
2026-08-10 21:36:57,ID: 253,ID2: 166, Timer: 63028, RSSI: -58
2026-08-10 21:36:57,ID: 253,ID2: 166, Timer: 63035, RSSI: -57
2026-08-10 21:36:57,ID: 253,ID2: 166, Timer: 63042, RSSI: -56
2026-08-10 21:36:57,ID: 253,ID2: 166, Timer: 63056, RSSI: -57
2026-08-10 21:36:57,ID: 253,ID2: 166, Timer: 63056, RSSI: -57
2026-08-10 21:36:57,ID: 253,ID2: 166, Timer: 63070, RSSI: -58
2026-08-10 21:36:57,ID: 253,ID2: 166, Timer: 63077, RSSI: -57
2026-08-10 21:36:57,ID: 253,ID2: 166, Timer: 63091, RSSI: -58
2026-08-10 21:36:57,ID: 253,ID2: 166, Timer: 63105, RSSI: -56
2026-08-10 21:36:57,ID: 253,ID2: 166, Timer: 63119, RSSI: -57
2026-08-10 21:36:57,ID: 253,ID2: 166, Timer: 63126, RSSI: -56
2026-08-10 21:36:57,ID: 253,ID2: 166, Timer: 63140, RSSI: -57
2026-08-10 21:36:57,ID: 253,ID2: 166, Timer: 63147, RSSI: -56
2026-08-10 21:36:57,ID: 253,ID2: 166, Timer: 63154, RSSI: -58
2026-08-10 21:36:57,ID: 253,ID2: 166, Timer: 63161, RSSI: -57
2026-08-10 21:36:57,ID: 253,ID2: 166, Timer: 63182, RSSI: -57
2026-08-10 21:36:57,ID: 253,ID2: 166, Timer: 63203, RSSI: -57
2026-08-10 21:36:57,ID: 253,ID2: 166, Timer: 63217, RSSI: -58
2026-08-10 21:36:57,ID: 253,ID2: 166, Timer: 63224, RSSI: -57
2026-08-10 21:36:57,ID: 253,ID2: 166, Timer: 63252, RSSI: -56
2026-08-10 21:36:57,ID: 253,ID2: 166, Timer: 63266, RSSI: -57
2026-08-10 21:36:57,ID: 253,ID2: 166, Timer: 63308, RSSI: -57
2026-08-10 21:36:57,ID: 253,ID2: 166, Timer: 63308, RSSI: -57
2026-08-10 21:36:57,ID: 253,ID2: 166, Timer: 63322, RSSI: -58
2026-08-10 21:36:57,ID: 253,ID2: 166, Timer: 63336, RSSI: -56
2026-08-10 21:36:57,ID: 253,ID2: 166, Timer: 63350, RSSI: -57
2026-08-10 21:36:57,ID: 253,ID2: 166, Timer: 63364, RSSI: -58
2026-08-10 21:36:57,ID: 253,ID2: 166, Timer: 63392, RSSI: -57
2026-08-10 21:36:57,ID: 253,ID2: 166, Timer: 63392, RSSI: -57
2026-08-10 21:36:57,ID: 253,ID2: 166, Timer: 63399, RSSI: -56
2026-08-10 21:36:57,ID: 253,ID2: 166, Timer: 63406, RSSI: -58
2026-08-10 21:36:57,ID: 253,ID2: 166, Timer: 63427, RSSI: -58
2026-08-10 21:36:57,ID: 253,ID2: 166, Timer: 63434, RSSI: -57
2026-08-10 21:36:57,ID: 253,ID2: 166, Timer: 63441, RSSI: -56
2026-08-10 21:36:57,ID: 253,ID2: 166, Timer: 63462, RSSI: -56
2026-08-10 21:36:57,ID: 253,ID2: 166, Timer: 63469, RSSI: -58
2026-08-10 21:36:57,ID: 253,ID2: 166, Timer: 63476, RSSI: -57
2026-08-10 21:36:57,ID: 253,ID2: 166, Timer: 63490, RSSI: -58
2026-08-10 21:36:57,ID: 253,ID2: 166, Timer: 63504, RSSI: -56
2026-08-10 21:36:57,ID: 253,ID2: 166, Timer: 63518, RSSI: -57
2026-08-10 21:36:57,ID: 253,ID2: 166, Timer: 63546, RSSI: -56
2026-08-10 21:36:57,ID: 253,ID2: 166, Timer: 63560, RSSI: -57
2026-08-10 21:36:57,ID: 253,ID2: 166, Timer: 63567, RSSI: -56
2026-08-10 21:36:57,ID: 253,ID2: 166, Timer: 63574, RSSI: -58
2026-08-10 21:36:57,ID: 253,ID2: 166, Timer: 63581, RSSI: -57
2026-08-10 21:36:57,ID: 253,ID2: 166, Timer: 63602, RSSI: -57
2026-08-10 21:36:57,ID: 253,ID2: 166, Timer: 63602, RSSI: -57
2026-08-10 21:36:57,ID: 253,ID2: 166, Timer: 63609, RSSI: -56
2026-08-10 21:36:57,ID: 253,ID2: 166, Timer: 63623, RSSI: -57
2026-08-10 21:36:57,ID: 253,ID2: 166, Timer: 63630, RSSI: -56
2026-08-10 21:36:57,ID: 253,ID2: 166, Timer: 63644, RSSI: -57
2026-08-10 21:36:57,ID: 253,ID2: 166, Timer: 63679, RSSI: -58
2026-08-10 21:36:57,ID: 253,ID2: 166, Timer: 63686, RSSI: -57
2026-08-10 21:36:57,ID: 253,ID2: 166, Timer: 63686, RSSI: -57
2026-08-10 21:36:57,ID: 253,ID2: 166, Timer: 63700, RSSI: -58
2026-08-10 21:36:57,ID: 253,ID2: 166, Timer: 63714, RSSI: -56
2026-08-10 21:36:57,ID: 253,ID2: 166, Timer: 63721, RSSI: -58
2026-08-10 21:36:57,ID: 253,ID2: 166, Timer: 63728, RSSI: -57
2026-08-10 21:36:57,ID: 253,ID2: 166, Timer: 63742, RSSI: -58
2026-08-10 21:36:57,ID: 253,ID2: 166, Timer: 63749, RSSI: -57
2026-08-10 21:36:57,ID: 253,ID2: 166, Timer: 63770, RSSI: -57
2026-08-10 21:36:57,ID: 253,ID2: 166, Timer: 63777, RSSI: -56
2026-08-10 21:36:57,ID: 253,ID2: 166, Timer: 63812, RSSI: -57
2026-08-10 21:36:57,ID: 253,ID2: 166, Timer: 63826, RSSI: -58
2026-08-10 21:36:57,ID: 253,ID2: 166, Timer: 63840, RSSI: -56
2026-08-10 21:36:57,ID: 253,ID2: 166, Timer: 63854, RSSI: -57
2026-08-10 21:36:57,ID: 253,ID2: 166, Timer: 63868, RSSI: -58
2026-08-10 21:36:57,ID: 253,ID2: 166, Timer: 63896, RSSI: -57
2026-08-10 21:36:57,ID: 253,ID2: 166, Timer: 63896, RSSI: -57
2026-08-10 21:36:57,ID: 253,ID2: 166, Timer: 63910, RSSI: -58
2026-08-10 21:36:57,ID: 253,ID2: 166, Timer: 63938, RSSI: -57
2026-08-10 21:36:57,ID: 253,ID2: 166, Timer: 63966, RSSI: -56
2026-08-10 21:36:57,ID: 253,ID2: 166, Timer: 63973, RSSI: -58
2026-08-10 21:36:57,ID: 253,ID2: 166, Timer: 63980, RSSI: -57
2026-08-10 21:36:57,ID: 253,ID2: 166, Timer: 64001, RSSI: -57
2026-08-10 21:36:57,ID: 253,ID2: 166, Timer: 64008, RSSI: -56
2026-08-10 21:36:57,ID: 253,ID2: 166, Timer: 64022, RSSI: -57
2026-08-10 21:36:57,ID: 253,ID2: 166, Timer: 64022, RSSI: -57
2026-08-10 21:36:57,ID: 253,ID2: 166, Timer: 64050, RSSI: -56
2026-08-10 21:36:57,ID: 253,ID2: 166, Timer: 64064, RSSI: -57
2026-08-10 21:36:57,ID: 253,ID2: 166, Timer: 64071, RSSI: -56
2026-08-10 21:36:57,ID: 253,ID2: 166, Timer: 64078, RSSI: -58
2026-08-10 21:36:57,ID: 253,ID2: 166, Timer: 64085, RSSI: -57
2026-08-10 21:36:57,ID: 253,ID2: 166, Timer: 64106, RSSI: -57
2026-08-10 21:36:57,ID: 253,ID2: 166, Timer: 64106, RSSI: -57
2026-08-10 21:36:57,ID: 253,ID2: 166, Timer: 64113, RSSI: -56
2026-08-10 21:36:57,ID: 253,ID2: 166, Timer: 64134, RSSI: -56
2026-08-10 21:36:57,ID: 253,ID2: 166, Timer: 64148, RSSI: -57
2026-08-10 21:36:57,ID: 253,ID2: 166, Timer: 64148, RSSI: -57
2026-08-10 21:36:57,ID: 253,ID2: 166, Timer: 64162, RSSI: -58
2026-08-10 21:36:57,ID: 253,ID2: 166, Timer: 64190, RSSI: -57
2026-08-10 21:36:57,ID: 253,ID2: 166, Timer: 64204, RSSI: -58
2026-08-10 21:36:57,ID: 253,ID2: 166, Timer: 64211, RSSI: -57
2026-08-10 21:36:57,ID: 253,ID2: 166, Timer: 64218, RSSI: -56
2026-08-10 21:36:57,ID: 253,ID2: 166, Timer: 64225, RSSI: -58
2026-08-10 21:36:57,ID: 253,ID2: 166, Timer: 64232, RSSI: -57
2026-08-10 21:36:57,ID: 253,ID2: 166, Timer: 64232, RSSI: -57
2026-08-10 21:36:57,ID: 253,ID2: 166, Timer: 64246, RSSI: -58
2026-08-10 21:36:57,ID: 253,ID2: 166, Timer: 64253, RSSI: -57
2026-08-10 21:36:57,ID: 253,ID2: 166, Timer: 64274, RSSI: -57
2026-08-10 21:36:57,ID: 253,ID2: 166, Timer: 64274, RSSI: -57
2026-08-10 21:36:57,ID: 253,ID2: 166, Timer: 64302, RSSI: -56
2026-08-10 21:36:57,ID: 253,ID2: 166, Timer: 64309, RSSI: -58
2026-08-10 21:36:57,ID: 253,ID2: 166, Timer: 64316, RSSI: -57
2026-08-10 21:36:57,ID: 253,ID2: 166, Timer: 64323, RSSI: -56
2026-08-10 21:36:57,ID: 253,ID2: 166, Timer: 64330, RSSI: -58
2026-08-10 21:36:57,ID: 253,ID2: 166, Timer: 64358, RSSI: -57
2026-08-10 21:36:57,ID: 253,ID2: 166, Timer: 64372, RSSI: -58
2026-08-10 21:36:57,ID: 253,ID2: 166, Timer: 64393, RSSI: -58
2026-08-10 21:36:57,ID: 253,ID2: 166, Timer: 64400, RSSI: -57
2026-08-10 21:36:57,ID: 253,ID2: 166, Timer: 64414, RSSI: -58
2026-08-10 21:36:57,ID: 253,ID2: 166, Timer: 64421, RSSI: -57
2026-08-10 21:36:57,ID: 253,ID2: 166, Timer: 64428, RSSI: -56
2026-08-10 21:36:57,ID: 253,ID2: 166, Timer: 64442, RSSI: -57
2026-08-10 21:36:57,ID: 253,ID2: 166, Timer: 64470, RSSI: -56
2026-08-10 21:36:57,ID: 253,ID2: 166, Timer: 64484, RSSI: -57
2026-08-10 21:36:57,ID: 253,ID2: 166, Timer: 64498, RSSI: -58
2026-08-10 21:36:57,ID: 253,ID2: 166, Timer: 64512, RSSI: -56
2026-08-10 21:36:57,ID: 253,ID2: 166, Timer: 64519, RSSI: -58
2026-08-10 21:36:57,ID: 253,ID2: 166, Timer: 64526, RSSI: -57
2026-08-10 21:36:57,ID: 253,ID2: 166, Timer: 64533, RSSI: -56
2026-08-10 21:36:57,ID: 253,ID2: 166, Timer: 64547, RSSI: -57
2026-08-10 21:36:57,ID: 253,ID2: 166, Timer: 64554, RSSI: -56
2026-08-10 21:36:57,ID: 253,ID2: 166, Timer: 64561, RSSI: -58
2026-08-10 21:36:57,ID: 253,ID2: 166, Timer: 64568, RSSI: -57
2026-08-10 21:36:57,ID: 253,ID2: 166, Timer: 64582, RSSI: -58
2026-08-10 21:36:57,ID: 253,ID2: 166, Timer: 64603, RSSI: -58
2026-08-10 21:36:57,ID: 253,ID2: 166, Timer: 64610, RSSI: -57
2026-08-10 21:36:57,ID: 253,ID2: 166, Timer: 64617, RSSI: -56
2026-08-10 21:36:57,ID: 253,ID2: 166, Timer: 64624, RSSI: -58
2026-08-10 21:36:57,ID: 253,ID2: 166, Timer: 64659, RSSI: -56
2026-08-10 21:36:57,ID: 253,ID2: 166, Timer: 64666, RSSI: -58
2026-08-10 21:36:57,ID: 253,ID2: 166, Timer: 64673, RSSI: -57
2026-08-10 21:36:57,ID: 253,ID2: 166, Timer: 64694, RSSI: -57
2026-08-10 21:36:57,ID: 253,ID2: 166, Timer: 64729, RSSI: -58
2026-08-10 21:36:57,ID: 253,ID2: 166, Timer: 64736, RSSI: -57
2026-08-10 21:36:57,ID: 253,ID2: 166, Timer: 64743, RSSI: -56
2026-08-10 21:36:57,ID: 253,ID2: 166, Timer: 64757, RSSI: -57
2026-08-10 21:36:57,ID: 253,ID2: 166, Timer: 64764, RSSI: -56
2026-08-10 21:36:57,ID: 253,ID2: 166, Timer: 64771, RSSI: -58
2026-08-10 21:36:57,ID: 253,ID2: 166, Timer: 64778, RSSI: -57
2026-08-10 21:36:57,ID: 253,ID2: 166, Timer: 64792, RSSI: -58
2026-08-10 21:36:57,ID: 253,ID2: 166, Timer: 64799, RSSI: -57
2026-08-10 21:36:57,ID: 253,ID2: 166, Timer: 64813, RSSI: -58
2026-08-10 21:36:57,ID: 253,ID2: 166, Timer: 64820, RSSI: -57
2026-08-10 21:36:57,ID: 253,ID2: 166, Timer: 64841, RSSI: -57
2026-08-10 21:36:57,ID: 253,ID2: 166, Timer: 64862, RSSI: -57
2026-08-10 21:36:57,ID: 253,ID2: 166, Timer: 64869, RSSI: -56
2026-08-10 21:36:57,ID: 253,ID2: 166, Timer: 64876, RSSI: -58
2026-08-10 21:36:57,ID: 253,ID2: 166, Timer: 64890, RSSI: -56
2026-08-10 21:36:57,ID: 253,ID2: 166, Timer: 64904, RSSI: -57
2026-08-10 21:36:57,ID: 253,ID2: 166, Timer: 64904, RSSI: -57
2026-08-10 21:36:57,ID: 253,ID2: 166, Timer: 64911, RSSI: -56
2026-08-10 21:36:57,ID: 253,ID2: 166, Timer: 64932, RSSI: -56
2026-08-10 21:36:57,ID: 253,ID2: 166, Timer: 64939, RSSI: -58
2026-08-10 21:36:57,ID: 253,ID2: 166, Timer: 64946, RSSI: -57
2026-08-10 21:36:57,ID: 253,ID2: 166, Timer: 64960, RSSI: -58
2026-08-10 21:36:57,ID: 253,ID2: 166, Timer: 64974, RSSI: -56
2026-08-10 21:36:57,ID: 253,ID2: 166, Timer: 64981, RSSI: -58
2026-08-10 21:36:57,ID: 253,ID2: 166, Timer: 64988, RSSI: -57
2026-08-10 21:36:57,ID: 253,ID2: 166, Timer: 64995, RSSI: -56
2026-08-10 21:36:57,ID: 253,ID2: 166, Timer: 65009, RSSI: -57
2026-08-10 21:36:57,ID: 253,ID2: 166, Timer: 65023, RSSI: -58
2026-08-10 21:36:57,ID: 253,ID2: 166, Timer: 65030, RSSI: -57
2026-08-10 21:36:57,ID: 253,ID2: 166, Timer: 65065, RSSI: -58
2026-08-10 21:36:57,ID: 253,ID2: 166, Timer: 65072, RSSI: -57
2026-08-10 21:36:57,ID: 253,ID2: 166, Timer: 65072, RSSI: -57
2026-08-10 21:36:57,ID: 253,ID2: 166, Timer: 65079, RSSI: -56
2026-08-10 21:36:57,ID: 253,ID2: 166, Timer: 65100, RSSI: -56
2026-08-10 21:36:57,ID: 253,ID2: 166, Timer: 65107, RSSI: -58
2026-08-10 21:36:57,ID: 253,ID2: 166, Timer: 65114, RSSI: -57
2026-08-10 21:36:57,ID: 253,ID2: 166, Timer: 65149, RSSI: -58
2026-08-10 21:36:57,ID: 253,ID2: 166, Timer: 65156, RSSI: -57
2026-08-10 21:36:57,ID: 253,ID2: 166, Timer: 65184, RSSI: -56
2026-08-10 21:36:57,ID: 253,ID2: 166, Timer: 65191, RSSI: -58
2026-08-10 21:36:57,ID: 253,ID2: 166, Timer: 65198, RSSI: -57
2026-08-10 21:36:57,ID: 253,ID2: 166, Timer: 65219, RSSI: -57
2026-08-10 21:36:57,ID: 253,ID2: 166, Timer: 65226, RSSI: -56
2026-08-10 21:36:57,ID: 253,ID2: 166, Timer: 65233, RSSI: -58
2026-08-10 21:36:57,ID: 253,ID2: 166, Timer: 65247, RSSI: -56
2026-08-10 21:36:57,ID: 253,ID2: 166, Timer: 65261, RSSI: -57
2026-08-10 21:36:57,ID: 253,ID2: 166, Timer: 65282, RSSI: -57
2026-08-10 21:36:57,ID: 253,ID2: 166, Timer: 65296, RSSI: -58
2026-08-10 21:36:57,ID: 253,ID2: 166, Timer: 65310, RSSI: -56
2026-08-10 21:36:57,ID: 253,ID2: 166, Timer: 65324, RSSI: -57
2026-08-10 21:36:57,ID: 253,ID2: 166, Timer: 65324, RSSI: -57
2026-08-10 21:36:57,ID: 253,ID2: 166, Timer: 65359, RSSI: -58
2026-08-10 21:36:57,ID: 253,ID2: 166, Timer: 65366, RSSI: -57
2026-08-10 21:36:57,ID: 253,ID2: 166, Timer: 65387, RSSI: -57
2026-08-10 21:36:57,ID: 253,ID2: 166, Timer: 65394, RSSI: -56
2026-08-10 21:36:57,ID: 253,ID2: 166, Timer: 65408, RSSI: -57
2026-08-10 21:36:57,ID: 253,ID2: 166, Timer: 65415, RSSI: -56
2026-08-10 21:36:57,ID: 253,ID2: 166, Timer: 65436, RSSI: -56
2026-08-10 21:36:57,ID: 253,ID2: 166, Timer: 65450, RSSI: -57
2026-08-10 21:36:57,ID: 253,ID2: 166, Timer: 65464, RSSI: -58
2026-08-10 21:36:57,ID: 253,ID2: 166, Timer: 65478, RSSI: -56
2026-08-10 21:36:57,ID: 253,ID2: 166, Timer: 65492, RSSI: -57
2026-08-10 21:36:57,ID: 253,ID2: 166, Timer: 65513, RSSI: -57
2026-08-10 21:36:57,ID: 253,ID2: 166, Timer: 65569, RSSI: -58
2026-08-10 21:36:57,ID: 253,ID2: 166, Timer: 65604, RSSI: -56
2026-08-10 21:36:57,ID: 253,ID2: 166, Timer: 65632, RSSI: -58
2026-08-10 21:36:57,ID: 253,ID2: 166, Timer: 65660, RSSI: -57
2026-08-10 21:36:57,ID: 253,ID2: 166, Timer: 65667, RSSI: -56
2026-08-10 21:36:57,ID: 253,ID2: 166, Timer: 65674, RSSI: -58
2026-08-10 21:36:57,ID: 253,ID2: 166, Timer: 65688, RSSI: -56
2026-08-10 21:36:57,ID: 253,ID2: 166, Timer: 65702, RSSI: -57
2026-08-10 21:36:57,ID: 253,ID2: 166, Timer: 65709, RSSI: -56
2026-08-10 21:36:57,ID: 253,ID2: 166, Timer: 65730, RSSI: -56
2026-08-10 21:36:57,ID: 253,ID2: 166, Timer: 65737, RSSI: -58
2026-08-10 21:36:57,ID: 253,ID2: 166, Timer: 65744, RSSI: -57
2026-08-10 21:36:57,ID: 253,ID2: 166, Timer: 65758, RSSI: -58
2026-08-10 21:36:57,ID: 253,ID2: 166, Timer: 65772, RSSI: -56
2026-08-10 21:36:57,ID: 253,ID2: 166, Timer: 65786, RSSI: -57
2026-08-10 21:36:57,ID: 253,ID2: 166, Timer: 65800, RSSI: -58
2026-08-10 21:36:57,ID: 253,ID2: 166, Timer: 65807, RSSI: -57
2026-08-10 21:36:57,ID: 253,ID2: 166, Timer: 65828, RSSI: -57
2026-08-10 21:36:57,ID: 253,ID2: 166, Timer: 65842, RSSI: -58
2026-08-10 21:36:57,ID: 253,ID2: 166, Timer: 65849, RSSI: -57
2026-08-10 21:36:57,ID: 253,ID2: 166, Timer: 65856, RSSI: -56
2026-08-10 21:36:57,ID: 253,ID2: 166, Timer: 65870, RSSI: -57
2026-08-10 21:36:57,ID: 253,ID2: 166, Timer: 65870, RSSI: -57
2026-08-10 21:36:57,ID: 253,ID2: 166, Timer: 65891, RSSI: -57
2026-08-10 21:36:57,ID: 253,ID2: 166, Timer: 65905, RSSI: -58
2026-08-10 21:36:57,ID: 253,ID2: 166, Timer: 65912, RSSI: -57
2026-08-10 21:36:57,ID: 253,ID2: 166, Timer: 65926, RSSI: -58
2026-08-10 21:36:57,ID: 253,ID2: 166, Timer: 65933, RSSI: -57
2026-08-10 21:36:57,ID: 253,ID2: 166, Timer: 65954, RSSI: -57
2026-08-10 21:36:57,ID: 253,ID2: 166, Timer: 65961, RSSI: -56
2026-08-10 21:36:57,ID: 253,ID2: 166, Timer: 65975, RSSI: -57
2026-08-10 21:36:57,ID: 253,ID2: 166, Timer: 65996, RSSI: -57
2026-08-10 21:36:57,ID: 253,ID2: 166, Timer: 66003, RSSI: -56
2026-08-10 21:36:57,ID: 253,ID2: 166, Timer: 66010, RSSI: -58
2026-08-10 21:36:57,ID: 253,ID2: 166, Timer: 66017, RSSI: -57
2026-08-10 21:36:57,ID: 253,ID2: 166, Timer: 66024, RSSI: -56
2026-08-10 21:36:57,ID: 253,ID2: 166, Timer: 66038, RSSI: -57
2026-08-10 21:36:57,ID: 253,ID2: 166, Timer: 66045, RSSI: -56
2026-08-10 21:36:57,ID: 253,ID2: 166, Timer: 66080, RSSI: -57
2026-08-10 21:36:57,ID: 253,ID2: 166, Timer: 66101, RSSI: -57
2026-08-10 21:36:57,ID: 253,ID2: 166, Timer: 66115, RSSI: -58
2026-08-10 21:36:57,ID: 253,ID2: 166, Timer: 66122, RSSI: -57
2026-08-10 21:36:57,ID: 253,ID2: 166, Timer: 66136, RSSI: -58
2026-08-10 21:36:57,ID: 253,ID2: 166, Timer: 66164, RSSI: -57
2026-08-10 21:36:57,ID: 253,ID2: 166, Timer: 66164, RSSI: -57
2026-08-10 21:36:57,ID: 253,ID2: 166, Timer: 66206, RSSI: -57
2026-08-10 21:36:57,ID: 253,ID2: 166, Timer: 66206, RSSI: -57
2026-08-10 21:36:57,ID: 253,ID2: 166, Timer: 66220, RSSI: -58
2026-08-10 21:36:57,ID: 253,ID2: 166, Timer: 66241, RSSI: -58
2026-08-10 21:36:57,ID: 253,ID2: 166, Timer: 66248, RSSI: -57
2026-08-10 21:36:57,ID: 253,ID2: 166, Timer: 66248, RSSI: -57
2026-08-10 21:36:57,ID: 253,ID2: 166, Timer: 66269, RSSI: -57
2026-08-10 21:36:57,ID: 253,ID2: 166, Timer: 66290, RSSI: -57
2026-08-10 21:36:57,ID: 253,ID2: 166, Timer: 66297, RSSI: -56
2026-08-10 21:36:57,ID: 253,ID2: 166, Timer: 66304, RSSI: -58
2026-08-10 21:36:57,ID: 253,ID2: 166, Timer: 66318, RSSI: -56
2026-08-10 21:36:57,ID: 253,ID2: 166, Timer: 66325, RSSI: -58
2026-08-10 21:36:57,ID: 253,ID2: 166, Timer: 66332, RSSI: -57
2026-08-10 21:36:57,ID: 253,ID2: 166, Timer: 66360, RSSI: -56
2026-08-10 21:36:57,ID: 253,ID2: 166, Timer: 66367, RSSI: -58
2026-08-10 21:36:57,ID: 253,ID2: 166, Timer: 66374, RSSI: -57
2026-08-10 21:36:57,ID: 253,ID2: 166, Timer: 66388, RSSI: -58
2026-08-10 21:36:57,ID: 253,ID2: 166, Timer: 66395, RSSI: -57
2026-08-10 21:36:57,ID: 253,ID2: 166, Timer: 66402, RSSI: -56
2026-08-10 21:36:57,ID: 253,ID2: 166, Timer: 66409, RSSI: -58
2026-08-10 21:36:57,ID: 253,ID2: 166, Timer: 66416, RSSI: -57
2026-08-10 21:36:57,ID: 253,ID2: 166, Timer: 66416, RSSI: -57
2026-08-10 21:36:57,ID: 253,ID2: 166, Timer: 66423, RSSI: -56
2026-08-10 21:36:57,ID: 253,ID2: 166, Timer: 66444, RSSI: -56
2026-08-10 21:36:57,ID: 253,ID2: 166, Timer: 66458, RSSI: -57
2026-08-10 21:36:57,ID: 253,ID2: 166, Timer: 66458, RSSI: -57
2026-08-10 21:36:57,ID: 253,ID2: 166, Timer: 66472, RSSI: -58
2026-08-10 21:36:57,ID: 253,ID2: 166, Timer: 66479, RSSI: -57
2026-08-10 21:36:57,ID: 253,ID2: 166, Timer: 66500, RSSI: -57
2026-08-10 21:36:57,ID: 253,ID2: 166, Timer: 66507, RSSI: -56
2026-08-10 21:36:57,ID: 253,ID2: 166, Timer: 66514, RSSI: -58
2026-08-10 21:36:57,ID: 253,ID2: 166, Timer: 66528, RSSI: -56
2026-08-10 21:36:57,ID: 253,ID2: 166, Timer: 66542, RSSI: -57
2026-08-10 21:36:57,ID: 253,ID2: 166, Timer: 66556, RSSI: -58
2026-08-10 21:36:57,ID: 253,ID2: 166, Timer: 66584, RSSI: -57
2026-08-10 21:36:57,ID: 253,ID2: 166, Timer: 66626, RSSI: -57
2026-08-10 21:36:57,ID: 253,ID2: 166, Timer: 66640, RSSI: -58
2026-08-10 21:36:57,ID: 253,ID2: 166, Timer: 66647, RSSI: -57
2026-08-10 21:36:57,ID: 253,ID2: 166, Timer: 66654, RSSI: -56
2026-08-10 21:36:57,ID: 253,ID2: 166, Timer: 66661, RSSI: -58
2026-08-10 21:36:57,ID: 253,ID2: 166, Timer: 66668, RSSI: -57
2026-08-10 21:36:57,ID: 253,ID2: 166, Timer: 66668, RSSI: -57
2026-08-10 21:36:57,ID: 253,ID2: 166, Timer: 66675, RSSI: -56
2026-08-10 21:36:57,ID: 253,ID2: 166, Timer: 66682, RSSI: -58
2026-08-10 21:36:57,ID: 253,ID2: 166, Timer: 66696, RSSI: -56
2026-08-10 21:36:57,ID: 253,ID2: 166, Timer: 66710, RSSI: -57
2026-08-10 21:36:57,ID: 253,ID2: 166, Timer: 66745, RSSI: -58
2026-08-10 21:36:57,ID: 253,ID2: 166, Timer: 66752, RSSI: -57
2026-08-10 21:36:57,ID: 253,ID2: 166, Timer: 66801, RSSI: -56
2026-08-10 21:36:57,ID: 253,ID2: 166, Timer: 66822, RSSI: -56
2026-08-10 21:36:57,ID: 253,ID2: 166, Timer: 66829, RSSI: -58
2026-08-10 21:36:57,ID: 253,ID2: 166, Timer: 66836, RSSI: -57
2026-08-10 21:36:57,ID: 253,ID2: 166, Timer: 66864, RSSI: -56
2026-08-10 21:36:57,ID: 253,ID2: 166, Timer: 66878, RSSI: -57
2026-08-10 21:36:57,ID: 253,ID2: 166, Timer: 66885, RSSI: -56
2026-08-10 21:36:57,ID: 253,ID2: 166, Timer: 66899, RSSI: -57
2026-08-10 21:36:57,ID: 253,ID2: 166, Timer: 66913, RSSI: -58
2026-08-10 21:36:57,ID: 253,ID2: 166, Timer: 66920, RSSI: -57
2026-08-10 21:36:57,ID: 253,ID2: 166, Timer: 66920, RSSI: -57
2026-08-10 21:36:57,ID: 253,ID2: 166, Timer: 66927, RSSI: -56
2026-08-10 21:36:57,ID: 253,ID2: 166, Timer: 66934, RSSI: -58
2026-08-10 21:36:57,ID: 253,ID2: 166, Timer: 66941, RSSI: -57
2026-08-10 21:36:57,ID: 253,ID2: 166, Timer: 66955, RSSI: -58
2026-08-10 21:36:57,ID: 253,ID2: 166, Timer: 66962, RSSI: -57
2026-08-10 21:36:57,ID: 253,ID2: 166, Timer: 66997, RSSI: -58
2026-08-10 21:36:57,ID: 253,ID2: 166, Timer: 67004, RSSI: -57
2026-08-10 21:36:57,ID: 253,ID2: 166, Timer: 67018, RSSI: -58
2026-08-10 21:36:57,ID: 253,ID2: 166, Timer: 67032, RSSI: -56
2026-08-10 21:36:57,ID: 253,ID2: 166, Timer: 67046, RSSI: -57
2026-08-10 21:36:57,ID: 253,ID2: 166, Timer: 67053, RSSI: -56
2026-08-10 21:36:57,ID: 253,ID2: 166, Timer: 67081, RSSI: -58
2026-08-10 21:36:57,ID: 253,ID2: 166, Timer: 67088, RSSI: -57
2026-08-10 21:36:57,ID: 253,ID2: 166, Timer: 67095, RSSI: -56
2026-08-10 21:36:57,ID: 253,ID2: 166, Timer: 67116, RSSI: -56
2026-08-10 21:36:57,ID: 253,ID2: 166, Timer: 67123, RSSI: -58
2026-08-10 21:36:57,ID: 253,ID2: 166, Timer: 67130, RSSI: -57
2026-08-10 21:36:57,ID: 253,ID2: 166, Timer: 67144, RSSI: -58
2026-08-10 21:36:57,ID: 253,ID2: 166, Timer: 67158, RSSI: -56
2026-08-10 21:36:57,ID: 253,ID2: 166, Timer: 67165, RSSI: -58
2026-08-10 21:36:57,ID: 253,ID2: 166, Timer: 67172, RSSI: -57
2026-08-10 21:36:57,ID: 253,ID2: 166, Timer: 67172, RSSI: -57
2026-08-10 21:36:57,ID: 253,ID2: 166, Timer: 67179, RSSI: -56
2026-08-10 21:36:57,ID: 253,ID2: 166, Timer: 67200, RSSI: -56
2026-08-10 21:36:57,ID: 253,ID2: 166, Timer: 67214, RSSI: -57
2026-08-10 21:36:57,ID: 253,ID2: 166, Timer: 67235, RSSI: -57
2026-08-10 21:36:57,ID: 253,ID2: 166, Timer: 67242, RSSI: -56
2026-08-10 21:36:57,ID: 253,ID2: 166, Timer: 67256, RSSI: -57
2026-08-10 21:36:57,ID: 253,ID2: 166, Timer: 67256, RSSI: -57
2026-08-10 21:36:57,ID: 253,ID2: 166, Timer: 67263, RSSI: -56
2026-08-10 21:36:57,ID: 253,ID2: 166, Timer: 67284, RSSI: -56
2026-08-10 21:36:57,ID: 253,ID2: 166, Timer: 67291, RSSI: -58
2026-08-10 21:36:57,ID: 253,ID2: 166, Timer: 67298, RSSI: -57
2026-08-10 21:36:57,ID: 253,ID2: 166, Timer: 67305, RSSI: -56
2026-08-10 21:36:57,ID: 253,ID2: 166, Timer: 67312, RSSI: -58
2026-08-10 21:36:57,ID: 253,ID2: 166, Timer: 67319, RSSI: -57
2026-08-10 21:36:57,ID: 253,ID2: 166, Timer: 67326, RSSI: -56
2026-08-10 21:36:57,ID: 253,ID2: 166, Timer: 67340, RSSI: -57
2026-08-10 21:36:57,ID: 253,ID2: 166, Timer: 67361, RSSI: -57
2026-08-10 21:36:57,ID: 253,ID2: 166, Timer: 67375, RSSI: -58
2026-08-10 21:36:57,ID: 253,ID2: 166, Timer: 67382, RSSI: -57
2026-08-10 21:36:57,ID: 253,ID2: 166, Timer: 67389, RSSI: -56
2026-08-10 21:36:57,ID: 253,ID2: 166, Timer: 67396, RSSI: -58
2026-08-10 21:36:57,ID: 253,ID2: 166, Timer: 67410, RSSI: -56
2026-08-10 21:36:57,ID: 253,ID2: 166, Timer: 67417, RSSI: -58
2026-08-10 21:36:57,ID: 253,ID2: 166, Timer: 67424, RSSI: -57
2026-08-10 21:36:57,ID: 253,ID2: 166, Timer: 67431, RSSI: -56
2026-08-10 21:36:57,ID: 253,ID2: 166, Timer: 67438, RSSI: -58
2026-08-10 21:36:57,ID: 253,ID2: 166, Timer: 67466, RSSI: -57
2026-08-10 21:36:57,ID: 253,ID2: 166, Timer: 67473, RSSI: -56
2026-08-10 21:36:57,ID: 253,ID2: 166, Timer: 67480, RSSI: -58
2026-08-10 21:36:57,ID: 253,ID2: 166, Timer: 67487, RSSI: -57
2026-08-10 21:36:57,ID: 253,ID2: 166, Timer: 67501, RSSI: -58
2026-08-10 21:36:57,ID: 253,ID2: 166, Timer: 67508, RSSI: -57
2026-08-10 21:36:57,ID: 253,ID2: 166, Timer: 67508, RSSI: -57
2026-08-10 21:36:57,ID: 253,ID2: 166, Timer: 67550, RSSI: -57
2026-08-10 21:36:57,ID: 253,ID2: 166, Timer: 67550, RSSI: -57
2026-08-10 21:36:57,ID: 253,ID2: 166, Timer: 67571, RSSI: -57
2026-08-10 21:36:57,ID: 253,ID2: 166, Timer: 67578, RSSI: -56
2026-08-10 21:36:57,ID: 253,ID2: 166, Timer: 67585, RSSI: -58
2026-08-10 21:36:57,ID: 253,ID2: 166, Timer: 67592, RSSI: -57
2026-08-10 21:36:57,ID: 253,ID2: 166, Timer: 67613, RSSI: -57
2026-08-10 21:36:57,ID: 253,ID2: 166, Timer: 67634, RSSI: -57
2026-08-10 21:36:57,ID: 253,ID2: 166, Timer: 67634, RSSI: -57
2026-08-10 21:36:57,ID: 253,ID2: 166, Timer: 67641, RSSI: -56
2026-08-10 21:36:57,ID: 253,ID2: 166, Timer: 67648, RSSI: -58
2026-08-10 21:36:57,ID: 253,ID2: 166, Timer: 67655, RSSI: -57
2026-08-10 21:36:57,ID: 253,ID2: 166, Timer: 67669, RSSI: -58
2026-08-10 21:36:57,ID: 253,ID2: 166, Timer: 67676, RSSI: -57
2026-08-10 21:36:57,ID: 253,ID2: 166, Timer: 67676, RSSI: -57
2026-08-10 21:36:57,ID: 253,ID2: 166, Timer: 67683, RSSI: -56
2026-08-10 21:36:57,ID: 253,ID2: 166, Timer: 67690, RSSI: -58
2026-08-10 21:36:57,ID: 253,ID2: 166, Timer: 67704, RSSI: -56
2026-08-10 21:36:57,ID: 253,ID2: 166, Timer: 67711, RSSI: -58
2026-08-10 21:36:57,ID: 253,ID2: 166, Timer: 67718, RSSI: -57
2026-08-10 21:36:57,ID: 253,ID2: 166, Timer: 67732, RSSI: -58
2026-08-10 21:36:57,ID: 253,ID2: 166, Timer: 67739, RSSI: -57
2026-08-10 21:36:57,ID: 253,ID2: 166, Timer: 67760, RSSI: -57
2026-08-10 21:36:57,ID: 253,ID2: 166, Timer: 67781, RSSI: -57
2026-08-10 21:36:57,ID: 253,ID2: 166, Timer: 67795, RSSI: -58
2026-08-10 21:36:57,ID: 253,ID2: 166, Timer: 67802, RSSI: -57
2026-08-10 21:36:57,ID: 253,ID2: 166, Timer: 67837, RSSI: -58
2026-08-10 21:36:57,ID: 253,ID2: 166, Timer: 67844, RSSI: -57
2026-08-10 21:36:57,ID: 253,ID2: 166, Timer: 67851, RSSI: -56
2026-08-10 21:36:57,ID: 253,ID2: 166, Timer: 67858, RSSI: -58
2026-08-10 21:36:57,ID: 253,ID2: 166, Timer: 67865, RSSI: -57
2026-08-10 21:36:57,ID: 253,ID2: 166, Timer: 67879, RSSI: -58
2026-08-10 21:36:57,ID: 253,ID2: 166, Timer: 67886, RSSI: -57
2026-08-10 21:36:57,ID: 253,ID2: 166, Timer: 67914, RSSI: -56
2026-08-10 21:36:57,ID: 253,ID2: 166, Timer: 67928, RSSI: -57
2026-08-10 21:36:57,ID: 253,ID2: 166, Timer: 67942, RSSI: -58
2026-08-10 21:36:57,ID: 253,ID2: 166, Timer: 67956, RSSI: -56
2026-08-10 21:36:57,ID: 253,ID2: 166, Timer: 67970, RSSI: -57
2026-08-10 21:36:57,ID: 253,ID2: 166, Timer: 67970, RSSI: -57
2026-08-10 21:36:57,ID: 253,ID2: 166, Timer: 67984, RSSI: -58
2026-08-10 21:36:57,ID: 253,ID2: 166, Timer: 67991, RSSI: -57
2026-08-10 21:36:57,ID: 253,ID2: 166, Timer: 68012, RSSI: -57
2026-08-10 21:36:57,ID: 253,ID2: 166, Timer: 68026, RSSI: -58
2026-08-10 21:36:57,ID: 253,ID2: 166, Timer: 68033, RSSI: -57
2026-08-10 21:36:57,ID: 253,ID2: 166, Timer: 68040, RSSI: -56
2026-08-10 21:36:57,ID: 253,ID2: 166, Timer: 68047, RSSI: -58
2026-08-10 21:36:57,ID: 253,ID2: 166, Timer: 68054, RSSI: -57
2026-08-10 21:36:57,ID: 253,ID2: 166, Timer: 68075, RSSI: -57
2026-08-10 21:36:57,ID: 253,ID2: 166, Timer: 68089, RSSI: -58
2026-08-10 21:36:57,ID: 253,ID2: 166, Timer: 68096, RSSI: -57
2026-08-10 21:36:57,ID: 253,ID2: 166, Timer: 68096, RSSI: -57
2026-08-10 21:36:57,ID: 253,ID2: 166, Timer: 68131, RSSI: -58
2026-08-10 21:36:57,ID: 253,ID2: 166, Timer: 68138, RSSI: -57
2026-08-10 21:36:57,ID: 253,ID2: 166, Timer: 68145, RSSI: -56
2026-08-10 21:36:57,ID: 253,ID2: 166, Timer: 68159, RSSI: -57
2026-08-10 21:36:57,ID: 253,ID2: 166, Timer: 68180, RSSI: -57
2026-08-10 21:36:57,ID: 253,ID2: 166, Timer: 68180, RSSI: -57
2026-08-10 21:36:57,ID: 253,ID2: 166, Timer: 68194, RSSI: -58
2026-08-10 21:36:57,ID: 253,ID2: 166, Timer: 68201, RSSI: -57
2026-08-10 21:36:57,ID: 253,ID2: 166, Timer: 68222, RSSI: -57
2026-08-10 21:36:57,ID: 253,ID2: 166, Timer: 68236, RSSI: -58
2026-08-10 21:36:57,ID: 253,ID2: 166, Timer: 68250, RSSI: -56
2026-08-10 21:36:57,ID: 253,ID2: 166, Timer: 68264, RSSI: -57
2026-08-10 21:36:57,ID: 253,ID2: 166, Timer: 68271, RSSI: -56
2026-08-10 21:36:57,ID: 253,ID2: 166, Timer: 68278, RSSI: -58
2026-08-10 21:36:57,ID: 253,ID2: 166, Timer: 68285, RSSI: -57
2026-08-10 21:36:57,ID: 253,ID2: 166, Timer: 68299, RSSI: -58
2026-08-10 21:36:57,ID: 253,ID2: 166, Timer: 68313, RSSI: -56
2026-08-10 21:36:57,ID: 253,ID2: 166, Timer: 68334, RSSI: -56
2026-08-10 21:36:57,ID: 253,ID2: 166, Timer: 68341, RSSI: -58
2026-08-10 21:36:57,ID: 253,ID2: 166, Timer: 68348, RSSI: -57
2026-08-10 21:36:57,ID: 253,ID2: 166, Timer: 68355, RSSI: -56
2026-08-10 21:36:57,ID: 253,ID2: 166, Timer: 68362, RSSI: -58
2026-08-10 21:36:57,ID: 253,ID2: 166, Timer: 68390, RSSI: -57
2026-08-10 21:36:57,ID: 253,ID2: 166, Timer: 68411, RSSI: -57
2026-08-10 21:36:57,ID: 253,ID2: 166, Timer: 68425, RSSI: -58
2026-08-10 21:36:57,ID: 253,ID2: 166, Timer: 68432, RSSI: -57
2026-08-10 21:36:57,ID: 253,ID2: 166, Timer: 68439, RSSI: -56
2026-08-10 21:36:57,ID: 253,ID2: 166, Timer: 68474, RSSI: -57
2026-08-10 21:36:57,ID: 253,ID2: 166, Timer: 68488, RSSI: -58
2026-08-10 21:36:57,ID: 253,ID2: 166, Timer: 68495, RSSI: -57
2026-08-10 21:36:57,ID: 253,ID2: 166, Timer: 68516, RSSI: -57
2026-08-10 21:36:57,ID: 253,ID2: 166, Timer: 68544, RSSI: -56
2026-08-10 21:36:57,ID: 253,ID2: 166, Timer: 68551, RSSI: -58
2026-08-10 21:36:57,ID: 253,ID2: 166, Timer: 68558, RSSI: -57
2026-08-10 21:36:57,ID: 253,ID2: 166, Timer: 68586, RSSI: -56
2026-08-10 21:36:57,ID: 253,ID2: 166, Timer: 68600, RSSI: -57
2026-08-10 21:36:57,ID: 253,ID2: 166, Timer: 68600, RSSI: -57
2026-08-10 21:36:57,ID: 253,ID2: 166, Timer: 68628, RSSI: -56
2026-08-10 21:36:57,ID: 253,ID2: 166, Timer: 68677, RSSI: -58
2026-08-10 21:36:57,ID: 253,ID2: 166, Timer: 68684, RSSI: -57
2026-08-10 21:36:57,ID: 253,ID2: 166, Timer: 68691, RSSI: -56
2026-08-10 21:36:57,ID: 253,ID2: 166, Timer: 68705, RSSI: -57
2026-08-10 21:36:57,ID: 253,ID2: 166, Timer: 68726, RSSI: -57
2026-08-10 21:36:57,ID: 253,ID2: 166, Timer: 68733, RSSI: -56
2026-08-10 21:36:57,ID: 253,ID2: 166, Timer: 68740, RSSI: -58
2026-08-10 21:36:57,ID: 253,ID2: 166, Timer: 68747, RSSI: -57
2026-08-10 21:36:57,ID: 253,ID2: 166, Timer: 68768, RSSI: -57
2026-08-10 21:36:58,ID: 253,ID2: 166, Timer: 68768, RSSI: -57
2026-08-10 21:36:58,ID: 253,ID2: 166, Timer: 68782, RSSI: -58
2026-08-10 21:36:58,ID: 253,ID2: 166, Timer: 68810, RSSI: -57
2026-08-10 21:36:58,ID: 253,ID2: 166, Timer: 68817, RSSI: -56
2026-08-10 21:36:58,ID: 253,ID2: 166, Timer: 68831, RSSI: -57
2026-08-10 21:36:58,ID: 253,ID2: 166, Timer: 68838, RSSI: -56
2026-08-10 21:36:58,ID: 253,ID2: 166, Timer: 68852, RSSI: -57
2026-08-10 21:36:58,ID: 253,ID2: 166, Timer: 68866, RSSI: -58
2026-08-10 21:36:58,ID: 253,ID2: 166, Timer: 68887, RSSI: -58
2026-08-10 21:36:58,ID: 253,ID2: 166, Timer: 68894, RSSI: -57
2026-08-10 21:36:58,ID: 253,ID2: 166, Timer: 68894, RSSI: -57
2026-08-10 21:36:58,ID: 253,ID2: 166, Timer: 68901, RSSI: -56
2026-08-10 21:36:58,ID: 253,ID2: 166, Timer: 68908, RSSI: -58
2026-08-10 21:36:58,ID: 253,ID2: 166, Timer: 68915, RSSI: -57
2026-08-10 21:36:58,ID: 253,ID2: 166, Timer: 68922, RSSI: -56
2026-08-10 21:36:58,ID: 253,ID2: 166, Timer: 68929, RSSI: -58
2026-08-10 21:36:58,ID: 253,ID2: 166, Timer: 68936, RSSI: -57
2026-08-10 21:36:58,ID: 253,ID2: 166, Timer: 68943, RSSI: -56
2026-08-10 21:36:58,ID: 253,ID2: 166, Timer: 68964, RSSI: -56
2026-08-10 21:36:58,ID: 253,ID2: 166, Timer: 68978, RSSI: -58
2026-08-10 21:36:58,ID: 253,ID2: 166, Timer: 68978, RSSI: -57
2026-08-10 21:36:58,ID: 253,ID2: 166, Timer: 68992, RSSI: -58
2026-08-10 21:36:58,ID: 253,ID2: 166, Timer: 69006, RSSI: -56
2026-08-10 21:36:58,ID: 253,ID2: 166, Timer: 69013, RSSI: -58
2026-08-10 21:36:58,ID: 253,ID2: 166, Timer: 69020, RSSI: -57
2026-08-10 21:36:58,ID: 253,ID2: 166, Timer: 69027, RSSI: -56
2026-08-10 21:36:58,ID: 253,ID2: 166, Timer: 69041, RSSI: -57
2026-08-10 21:36:58,ID: 253,ID2: 166, Timer: 69062, RSSI: -57
2026-08-10 21:36:58,ID: 253,ID2: 166, Timer: 69062, RSSI: -57
2026-08-10 21:36:58,ID: 253,ID2: 166, Timer: 69083, RSSI: -57
2026-08-10 21:36:58,ID: 253,ID2: 166, Timer: 69104, RSSI: -57
2026-08-10 21:36:58,ID: 253,ID2: 166, Timer: 69104, RSSI: -57
2026-08-10 21:36:58,ID: 253,ID2: 166, Timer: 69139, RSSI: -58
2026-08-10 21:36:58,ID: 253,ID2: 166, Timer: 69146, RSSI: -57
2026-08-10 21:36:58,ID: 253,ID2: 166, Timer: 69160, RSSI: -58
2026-08-10 21:36:58,ID: 253,ID2: 166, Timer: 69167, RSSI: -57
2026-08-10 21:36:58,ID: 253,ID2: 166, Timer: 69188, RSSI: -57
2026-08-10 21:36:58,ID: 253,ID2: 166, Timer: 69216, RSSI: -56
2026-08-10 21:36:58,ID: 253,ID2: 166, Timer: 69223, RSSI: -58
2026-08-10 21:36:58,ID: 253,ID2: 166, Timer: 69230, RSSI: -57
2026-08-10 21:36:58,ID: 253,ID2: 166, Timer: 69237, RSSI: -56
2026-08-10 21:36:58,ID: 253,ID2: 166, Timer: 69244, RSSI: -58
2026-08-10 21:36:58,ID: 253,ID2: 166, Timer: 69251, RSSI: -57
2026-08-10 21:36:58,ID: 253,ID2: 166, Timer: 69272, RSSI: -57
2026-08-10 21:36:58,ID: 253,ID2: 166, Timer: 69272, RSSI: -57
2026-08-10 21:36:58,ID: 253,ID2: 166, Timer: 69279, RSSI: -56
2026-08-10 21:36:58,ID: 253,ID2: 166, Timer: 69293, RSSI: -57
2026-08-10 21:36:58,ID: 253,ID2: 166, Timer: 69300, RSSI: -56
2026-08-10 21:36:58,ID: 253,ID2: 166, Timer: 69307, RSSI: -58
2026-08-10 21:36:58,ID: 253,ID2: 166, Timer: 69314, RSSI: -57
2026-08-10 21:36:58,ID: 253,ID2: 166, Timer: 69321, RSSI: -56
2026-08-10 21:36:58,ID: 253,ID2: 166, Timer: 69335, RSSI: -57
2026-08-10 21:36:58,ID: 253,ID2: 166, Timer: 69356, RSSI: -57
2026-08-10 21:36:58,ID: 253,ID2: 166, Timer: 69356, RSSI: -57
2026-08-10 21:36:58,ID: 253,ID2: 166, Timer: 69370, RSSI: -58
2026-08-10 21:36:58,ID: 253,ID2: 166, Timer: 69377, RSSI: -57
2026-08-10 21:36:58,ID: 253,ID2: 166, Timer: 69391, RSSI: -58
2026-08-10 21:36:58,ID: 253,ID2: 166, Timer: 69398, RSSI: -57
2026-08-10 21:36:58,ID: 253,ID2: 166, Timer: 69405, RSSI: -56
2026-08-10 21:36:58,ID: 253,ID2: 166, Timer: 69426, RSSI: -56
2026-08-10 21:36:58,ID: 253,ID2: 166, Timer: 69433, RSSI: -58
2026-08-10 21:36:58,ID: 253,ID2: 166, Timer: 69440, RSSI: -57
2026-08-10 21:36:58,ID: 253,ID2: 166, Timer: 69482, RSSI: -57
2026-08-10 21:36:58,ID: 253,ID2: 166, Timer: 69496, RSSI: -58
2026-08-10 21:36:58,ID: 253,ID2: 166, Timer: 69510, RSSI: -56
2026-08-10 21:36:58,ID: 253,ID2: 166, Timer: 69517, RSSI: -58
2026-08-10 21:36:58,ID: 253,ID2: 166, Timer: 69524, RSSI: -57
2026-08-10 21:36:58,ID: 253,ID2: 166, Timer: 69552, RSSI: -56
2026-08-10 21:36:58,ID: 253,ID2: 166, Timer: 69566, RSSI: -57
2026-08-10 21:36:58,ID: 253,ID2: 166, Timer: 69573, RSSI: -56
2026-08-10 21:36:58,ID: 253,ID2: 166, Timer: 69594, RSSI: -56
2026-08-10 21:36:58,ID: 253,ID2: 166, Timer: 69601, RSSI: -58
2026-08-10 21:36:58,ID: 253,ID2: 166, Timer: 69608, RSSI: -57
2026-08-10 21:36:58,ID: 253,ID2: 166, Timer: 69615, RSSI: -56
2026-08-10 21:36:58,ID: 253,ID2: 166, Timer: 69629, RSSI: -57
2026-08-10 21:36:58,ID: 253,ID2: 166, Timer: 69636, RSSI: -56
2026-08-10 21:36:58,ID: 253,ID2: 166, Timer: 69650, RSSI: -57
2026-08-10 21:36:58,ID: 253,ID2: 166, Timer: 69671, RSSI: -57
2026-08-10 21:36:58,ID: 253,ID2: 166, Timer: 69685, RSSI: -58
2026-08-10 21:36:58,ID: 253,ID2: 166, Timer: 69692, RSSI: -57
2026-08-10 21:36:58,ID: 253,ID2: 166, Timer: 69692, RSSI: -57
2026-08-10 21:36:58,ID: 253,ID2: 166, Timer: 69713, RSSI: -57
2026-08-10 21:36:58,ID: 253,ID2: 166, Timer: 69720, RSSI: -56
2026-08-10 21:36:58,ID: 253,ID2: 166, Timer: 69727, RSSI: -58
2026-08-10 21:36:58,ID: 253,ID2: 166, Timer: 69734, RSSI: -57
2026-08-10 21:36:58,ID: 253,ID2: 166, Timer: 69734, RSSI: -57
2026-08-10 21:36:58,ID: 253,ID2: 166, Timer: 69755, RSSI: -57
2026-08-10 21:36:58,ID: 253,ID2: 166, Timer: 69762, RSSI: -56
2026-08-10 21:36:58,ID: 253,ID2: 166, Timer: 69769, RSSI: -58
2026-08-10 21:36:58,ID: 253,ID2: 166, Timer: 69776, RSSI: -57
2026-08-10 21:36:58,ID: 253,ID2: 166, Timer: 69818, RSSI: -57
2026-08-10 21:36:58,ID: 253,ID2: 166, Timer: 69818, RSSI: -57
2026-08-10 21:36:58,ID: 253,ID2: 166, Timer: 69839, RSSI: -57
2026-08-10 21:36:58,ID: 253,ID2: 166, Timer: 69846, RSSI: -56
2026-08-10 21:36:58,ID: 253,ID2: 166, Timer: 69860, RSSI: -57
2026-08-10 21:36:58,ID: 253,ID2: 166, Timer: 69867, RSSI: -56
2026-08-10 21:36:58,ID: 253,ID2: 166, Timer: 69874, RSSI: -58
2026-08-10 21:36:58,ID: 253,ID2: 166, Timer: 69881, RSSI: -57
2026-08-10 21:36:58,ID: 253,ID2: 166, Timer: 69888, RSSI: -56
2026-08-10 21:36:58,ID: 253,ID2: 166, Timer: 69902, RSSI: -57
2026-08-10 21:36:58,ID: 253,ID2: 166, Timer: 69909, RSSI: -56
2026-08-10 21:36:58,ID: 253,ID2: 166, Timer: 69923, RSSI: -57
2026-08-10 21:36:58,ID: 253,ID2: 166, Timer: 69937, RSSI: -58
2026-08-10 21:36:58,ID: 253,ID2: 166, Timer: 69944, RSSI: -57
2026-08-10 21:36:58,ID: 253,ID2: 166, Timer: 69944, RSSI: -57
2026-08-10 21:36:58,ID: 253,ID2: 166, Timer: 69951, RSSI: -56
2026-08-10 21:36:58,ID: 253,ID2: 166, Timer: 69958, RSSI: -58
2026-08-10 21:36:58,ID: 253,ID2: 166, Timer: 69972, RSSI: -56
2026-08-10 21:36:58,ID: 253,ID2: 166, Timer: 69986, RSSI: -57
2026-08-10 21:36:58,ID: 253,ID2: 166, Timer: 69986, RSSI: -57
2026-08-10 21:36:58,ID: 253,ID2: 166, Timer: 70014, RSSI: -56
2026-08-10 21:36:58,ID: 253,ID2: 166, Timer: 70021, RSSI: -58
2026-08-10 21:36:58,ID: 253,ID2: 166, Timer: 70028, RSSI: -57
2026-08-10 21:36:58,ID: 253,ID2: 166, Timer: 70056, RSSI: -56
2026-08-10 21:36:58,ID: 253,ID2: 166, Timer: 70070, RSSI: -57
2026-08-10 21:36:58,ID: 253,ID2: 166, Timer: 70077, RSSI: -56
2026-08-10 21:36:58,ID: 253,ID2: 166, Timer: 70084, RSSI: -58
2026-08-10 21:36:58,ID: 253,ID2: 166, Timer: 70091, RSSI: -57
2026-08-10 21:36:58,ID: 253,ID2: 166, Timer: 70105, RSSI: -58
2026-08-10 21:36:58,ID: 253,ID2: 166, Timer: 70112, RSSI: -57
2026-08-10 21:36:58,ID: 253,ID2: 166, Timer: 70154, RSSI: -57
2026-08-10 21:36:58,ID: 253,ID2: 166, Timer: 70154, RSSI: -57
2026-08-10 21:36:58,ID: 253,ID2: 166, Timer: 70182, RSSI: -56
2026-08-10 21:36:58,ID: 253,ID2: 166, Timer: 70189, RSSI: -58
2026-08-10 21:36:58,ID: 253,ID2: 166, Timer: 70196, RSSI: -57
2026-08-10 21:36:58,ID: 253,ID2: 166, Timer: 70210, RSSI: -58
2026-08-10 21:36:58,ID: 253,ID2: 166, Timer: 70238, RSSI: -57
2026-08-10 21:36:58,ID: 253,ID2: 166, Timer: 70252, RSSI: -58
2026-08-10 21:36:58,ID: 253,ID2: 166, Timer: 70259, RSSI: -57
2026-08-10 21:36:58,ID: 253,ID2: 166, Timer: 70266, RSSI: -56
2026-08-10 21:36:58,ID: 253,ID2: 166, Timer: 70280, RSSI: -57
2026-08-10 21:36:58,ID: 253,ID2: 166, Timer: 70280, RSSI: -57
2026-08-10 21:36:58,ID: 253,ID2: 166, Timer: 70287, RSSI: -56
2026-08-10 21:36:58,ID: 253,ID2: 166, Timer: 70301, RSSI: -57
2026-08-10 21:36:58,ID: 253,ID2: 166, Timer: 70322, RSSI: -57
2026-08-10 21:36:58,ID: 253,ID2: 166, Timer: 70350, RSSI: -56
2026-08-10 21:36:58,ID: 253,ID2: 166, Timer: 70364, RSSI: -57
2026-08-10 21:36:58,ID: 253,ID2: 166, Timer: 70371, RSSI: -56
2026-08-10 21:36:58,ID: 253,ID2: 166, Timer: 70385, RSSI: -57
2026-08-10 21:36:58,ID: 253,ID2: 166, Timer: 70406, RSSI: -57
2026-08-10 21:36:58,ID: 253,ID2: 166, Timer: 70413, RSSI: -56
2026-08-10 21:36:58,ID: 253,ID2: 166, Timer: 70420, RSSI: -58
2026-08-10 21:36:58,ID: 253,ID2: 166, Timer: 70448, RSSI: -57
2026-08-10 21:36:58,ID: 253,ID2: 166, Timer: 70462, RSSI: -58
2026-08-10 21:36:58,ID: 253,ID2: 166, Timer: 70483, RSSI: -58
2026-08-10 21:36:58,ID: 253,ID2: 166, Timer: 70490, RSSI: -57
2026-08-10 21:36:58,ID: 253,ID2: 166, Timer: 70497, RSSI: -56
2026-08-10 21:36:58,ID: 253,ID2: 166, Timer: 70518, RSSI: -56
2026-08-10 21:36:58,ID: 253,ID2: 166, Timer: 70525, RSSI: -58
2026-08-10 21:36:58,ID: 253,ID2: 166, Timer: 70532, RSSI: -57
2026-08-10 21:36:58,ID: 253,ID2: 166, Timer: 70539, RSSI: -56
2026-08-10 21:36:58,ID: 253,ID2: 166, Timer: 70546, RSSI: -58
2026-08-10 21:36:58,ID: 253,ID2: 166, Timer: 70560, RSSI: -56
2026-08-10 21:36:58,ID: 253,ID2: 166, Timer: 70567, RSSI: -58
2026-08-10 21:36:58,ID: 253,ID2: 166, Timer: 70574, RSSI: -57
2026-08-10 21:36:58,ID: 253,ID2: 166, Timer: 70581, RSSI: -56
2026-08-10 21:36:58,ID: 253,ID2: 166, Timer: 70588, RSSI: -58
2026-08-10 21:36:58,ID: 253,ID2: 166, Timer: 70602, RSSI: -56
2026-08-10 21:36:58,ID: 253,ID2: 166, Timer: 70609, RSSI: -58
2026-08-10 21:36:58,ID: 253,ID2: 166, Timer: 70616, RSSI: -57
2026-08-10 21:36:58,ID: 253,ID2: 166, Timer: 70616, RSSI: -57
2026-08-10 21:36:58,ID: 253,ID2: 166, Timer: 70623, RSSI: -56
2026-08-10 21:36:58,ID: 253,ID2: 166, Timer: 70644, RSSI: -56
2026-08-10 21:36:58,ID: 253,ID2: 166, Timer: 70658, RSSI: -57
2026-08-10 21:36:58,ID: 253,ID2: 166, Timer: 70658, RSSI: -57
2026-08-10 21:36:58,ID: 253,ID2: 166, Timer: 70665, RSSI: -56
2026-08-10 21:36:58,ID: 253,ID2: 166, Timer: 70672, RSSI: -58
2026-08-10 21:36:58,ID: 253,ID2: 166, Timer: 70693, RSSI: -58
2026-08-10 21:36:58,ID: 253,ID2: 166, Timer: 70700, RSSI: -57
2026-08-10 21:36:58,ID: 253,ID2: 166, Timer: 70700, RSSI: -57
2026-08-10 21:36:58,ID: 253,ID2: 166, Timer: 70721, RSSI: -57
2026-08-10 21:36:58,ID: 253,ID2: 166, Timer: 70742, RSSI: -57
2026-08-10 21:36:58,ID: 253,ID2: 166, Timer: 70756, RSSI: -58
2026-08-10 21:36:58,ID: 253,ID2: 166, Timer: 70770, RSSI: -56
2026-08-10 21:36:58,ID: 253,ID2: 166, Timer: 70784, RSSI: -57
2026-08-10 21:36:58,ID: 253,ID2: 166, Timer: 70791, RSSI: -56
2026-08-10 21:36:58,ID: 253,ID2: 166, Timer: 70798, RSSI: -58
2026-08-10 21:36:58,ID: 253,ID2: 166, Timer: 70805, RSSI: -57
2026-08-10 21:36:58,ID: 253,ID2: 166, Timer: 70812, RSSI: -56
2026-08-10 21:36:58,ID: 253,ID2: 166, Timer: 70826, RSSI: -57
2026-08-10 21:36:58,ID: 253,ID2: 166, Timer: 70833, RSSI: -56
2026-08-10 21:36:58,ID: 253,ID2: 166, Timer: 70840, RSSI: -58
2026-08-10 21:36:58,ID: 253,ID2: 166, Timer: 70854, RSSI: -55
2026-08-10 21:36:58,ID: 253,ID2: 166, Timer: 70861, RSSI: -58
2026-08-10 21:36:58,ID: 253,ID2: 166, Timer: 70868, RSSI: -57
2026-08-10 21:36:58,ID: 253,ID2: 166, Timer: 70910, RSSI: -57
2026-08-10 21:36:58,ID: 253,ID2: 166, Timer: 70910, RSSI: -57
2026-08-10 21:36:58,ID: 253,ID2: 166, Timer: 70917, RSSI: -56
2026-08-10 21:36:58,ID: 253,ID2: 166, Timer: 70924, RSSI: -58
2026-08-10 21:36:58,ID: 253,ID2: 166, Timer: 70931, RSSI: -57
2026-08-10 21:36:58,ID: 253,ID2: 166, Timer: 70945, RSSI: -58
2026-08-10 21:36:58,ID: 253,ID2: 166, Timer: 70952, RSSI: -57
2026-08-10 21:36:58,ID: 253,ID2: 166, Timer: 70966, RSSI: -58
2026-08-10 21:36:58,ID: 253,ID2: 166, Timer: 70973, RSSI: -57
2026-08-10 21:36:58,ID: 253,ID2: 166, Timer: 70994, RSSI: -57
2026-08-10 21:36:58,ID: 253,ID2: 166, Timer: 71036, RSSI: -57
2026-08-10 21:36:58,ID: 253,ID2: 166, Timer: 71036, RSSI: -57
2026-08-10 21:36:58,ID: 253,ID2: 166, Timer: 71043, RSSI: -56
2026-08-10 21:36:58,ID: 253,ID2: 166, Timer: 71078, RSSI: -57
2026-08-10 21:36:58,ID: 253,ID2: 166, Timer: 71092, RSSI: -58
2026-08-10 21:36:58,ID: 253,ID2: 166, Timer: 71099, RSSI: -57
2026-08-10 21:36:58,ID: 253,ID2: 166, Timer: 71120, RSSI: -57
2026-08-10 21:36:58,ID: 253,ID2: 166, Timer: 71134, RSSI: -58
2026-08-10 21:36:58,ID: 253,ID2: 166, Timer: 71148, RSSI: -56
2026-08-10 21:36:58,ID: 253,ID2: 166, Timer: 71162, RSSI: -57
2026-08-10 21:36:58,ID: 253,ID2: 166, Timer: 71183, RSSI: -57
2026-08-10 21:36:58,ID: 253,ID2: 166, Timer: 71190, RSSI: -56
2026-08-10 21:36:58,ID: 253,ID2: 166, Timer: 71204, RSSI: -57
2026-08-10 21:36:58,ID: 253,ID2: 166, Timer: 71218, RSSI: -58
2026-08-10 21:36:58,ID: 253,ID2: 166, Timer: 71225, RSSI: -57
2026-08-10 21:36:58,ID: 253,ID2: 166, Timer: 71239, RSSI: -58
2026-08-10 21:36:58,ID: 253,ID2: 166, Timer: 71246, RSSI: -57
2026-08-10 21:36:58,ID: 253,ID2: 166, Timer: 71274, RSSI: -56
2026-08-10 21:36:58,ID: 253,ID2: 166, Timer: 71281, RSSI: -58
2026-08-10 21:36:58,ID: 253,ID2: 166, Timer: 71288, RSSI: -57
2026-08-10 21:36:58,ID: 253,ID2: 166, Timer: 71316, RSSI: -56
2026-08-10 21:36:58,ID: 253,ID2: 166, Timer: 71323, RSSI: -58
2026-08-10 21:36:58,ID: 253,ID2: 166, Timer: 71330, RSSI: -57
2026-08-10 21:36:58,ID: 253,ID2: 166, Timer: 71337, RSSI: -56
2026-08-10 21:36:58,ID: 253,ID2: 166, Timer: 71344, RSSI: -58
2026-08-10 21:36:58,ID: 253,ID2: 166, Timer: 71358, RSSI: -56
2026-08-10 21:36:58,ID: 253,ID2: 166, Timer: 71372, RSSI: -57
2026-08-10 21:36:58,ID: 253,ID2: 166, Timer: 71372, RSSI: -57
2026-08-10 21:36:58,ID: 253,ID2: 166, Timer: 71379, RSSI: -56
2026-08-10 21:36:58,ID: 253,ID2: 166, Timer: 71393, RSSI: -57
2026-08-10 21:36:58,ID: 253,ID2: 166, Timer: 71400, RSSI: -56
2026-08-10 21:36:58,ID: 253,ID2: 166, Timer: 71407, RSSI: -58
2026-08-10 21:36:58,ID: 253,ID2: 166, Timer: 71414, RSSI: -57
2026-08-10 21:36:58,ID: 253,ID2: 166, Timer: 71414, RSSI: -57
2026-08-10 21:36:58,ID: 253,ID2: 166, Timer: 71463, RSSI: -56
2026-08-10 21:36:58,ID: 253,ID2: 166, Timer: 71477, RSSI: -57
2026-08-10 21:36:58,ID: 253,ID2: 166, Timer: 71498, RSSI: -57
2026-08-10 21:36:58,ID: 253,ID2: 166, Timer: 71498, RSSI: -57
2026-08-10 21:36:58,ID: 253,ID2: 166, Timer: 71540, RSSI: -57
2026-08-10 21:36:58,ID: 253,ID2: 166, Timer: 71554, RSSI: -58
2026-08-10 21:36:58,ID: 253,ID2: 166, Timer: 71561, RSSI: -57
2026-08-10 21:36:58,ID: 253,ID2: 166, Timer: 71575, RSSI: -58
2026-08-10 21:36:58,ID: 253,ID2: 166, Timer: 71582, RSSI: -57
2026-08-10 21:36:58,ID: 253,ID2: 166, Timer: 71589, RSSI: -56
2026-08-10 21:36:58,ID: 253,ID2: 166, Timer: 71596, RSSI: -58
2026-08-10 21:36:58,ID: 253,ID2: 166, Timer: 71624, RSSI: -57
2026-08-10 21:36:58,ID: 253,ID2: 166, Timer: 71624, RSSI: -57
2026-08-10 21:36:58,ID: 253,ID2: 166, Timer: 71631, RSSI: -56
2026-08-10 21:36:58,ID: 253,ID2: 166, Timer: 71645, RSSI: -57
2026-08-10 21:36:58,ID: 253,ID2: 166, Timer: 71666, RSSI: -57
2026-08-10 21:36:58,ID: 253,ID2: 166, Timer: 71666, RSSI: -57
2026-08-10 21:36:58,ID: 253,ID2: 166, Timer: 71673, RSSI: -56
2026-08-10 21:36:58,ID: 253,ID2: 166, Timer: 71680, RSSI: -58
2026-08-10 21:36:58,ID: 253,ID2: 166, Timer: 71708, RSSI: -57
2026-08-10 21:36:58,ID: 253,ID2: 166, Timer: 71715, RSSI: -56
2026-08-10 21:36:58,ID: 253,ID2: 166, Timer: 71736, RSSI: -56
2026-08-10 21:36:58,ID: 253,ID2: 166, Timer: 71750, RSSI: -57
2026-08-10 21:36:58,ID: 253,ID2: 166, Timer: 71764, RSSI: -58
2026-08-10 21:36:58,ID: 253,ID2: 166, Timer: 71792, RSSI: -57
2026-08-10 21:36:58,ID: 253,ID2: 166, Timer: 71792, RSSI: -57
2026-08-10 21:36:58,ID: 253,ID2: 166, Timer: 71813, RSSI: -57
2026-08-10 21:36:58,ID: 253,ID2: 166, Timer: 71820, RSSI: -56
2026-08-10 21:36:58,ID: 253,ID2: 166, Timer: 71827, RSSI: -58
2026-08-10 21:36:58,ID: 253,ID2: 166, Timer: 71834, RSSI: -57
2026-08-10 21:36:58,ID: 253,ID2: 166, Timer: 71841, RSSI: -56
2026-08-10 21:36:58,ID: 253,ID2: 166, Timer: 71848, RSSI: -58
2026-08-10 21:36:58,ID: 253,ID2: 166, Timer: 71876, RSSI: -57
2026-08-10 21:36:58,ID: 253,ID2: 166, Timer: 71883, RSSI: -56
2026-08-10 21:36:58,ID: 253,ID2: 166, Timer: 71890, RSSI: -58
2026-08-10 21:36:58,ID: 253,ID2: 166, Timer: 71904, RSSI: -56
2026-08-10 21:36:58,ID: 253,ID2: 166, Timer: 71918, RSSI: -57
2026-08-10 21:36:58,ID: 253,ID2: 166, Timer: 71925, RSSI: -56
2026-08-10 21:36:58,ID: 253,ID2: 166, Timer: 71932, RSSI: -58
2026-08-10 21:36:58,ID: 253,ID2: 166, Timer: 71953, RSSI: -58
2026-08-10 21:36:58,ID: 253,ID2: 166, Timer: 71960, RSSI: -57
2026-08-10 21:36:58,ID: 253,ID2: 166, Timer: 71960, RSSI: -57
2026-08-10 21:36:58,ID: 253,ID2: 166, Timer: 71967, RSSI: -56
2026-08-10 21:36:58,ID: 253,ID2: 166, Timer: 71995, RSSI: -58
2026-08-10 21:36:58,ID: 253,ID2: 166, Timer: 72002, RSSI: -57
2026-08-10 21:36:58,ID: 253,ID2: 166, Timer: 72002, RSSI: -57
2026-08-10 21:36:58,ID: 253,ID2: 166, Timer: 72009, RSSI: -56
2026-08-10 21:36:58,ID: 253,ID2: 166, Timer: 72016, RSSI: -58
2026-08-10 21:36:58,ID: 253,ID2: 166, Timer: 72044, RSSI: -57
2026-08-10 21:36:58,ID: 253,ID2: 166, Timer: 72051, RSSI: -56
2026-08-10 21:36:58,ID: 253,ID2: 166, Timer: 72072, RSSI: -56
2026-08-10 21:36:58,ID: 253,ID2: 166, Timer: 72086, RSSI: -57
2026-08-10 21:36:58,ID: 253,ID2: 166, Timer: 72128, RSSI: -57
2026-08-10 21:36:58,ID: 253,ID2: 166, Timer: 72135, RSSI: -56
2026-08-10 21:36:58,ID: 253,ID2: 166, Timer: 72142, RSSI: -58
2026-08-10 21:36:58,ID: 253,ID2: 166, Timer: 72149, RSSI: -57
2026-08-10 21:36:58,ID: 253,ID2: 166, Timer: 72163, RSSI: -58
2026-08-10 21:36:58,ID: 253,ID2: 166, Timer: 72170, RSSI: -57
2026-08-10 21:36:58,ID: 253,ID2: 166, Timer: 72170, RSSI: -57
2026-08-10 21:36:58,ID: 253,ID2: 166, Timer: 72184, RSSI: -58
2026-08-10 21:36:58,ID: 253,ID2: 166, Timer: 72198, RSSI: -56
2026-08-10 21:36:58,ID: 253,ID2: 166, Timer: 72212, RSSI: -57
2026-08-10 21:36:58,ID: 253,ID2: 166, Timer: 72226, RSSI: -58
2026-08-10 21:36:58,ID: 253,ID2: 166, Timer: 72233, RSSI: -57
2026-08-10 21:36:58,ID: 253,ID2: 166, Timer: 72254, RSSI: -57
2026-08-10 21:36:58,ID: 253,ID2: 166, Timer: 72261, RSSI: -56
2026-08-10 21:36:58,ID: 253,ID2: 166, Timer: 72268, RSSI: -58
2026-08-10 21:36:58,ID: 253,ID2: 166, Timer: 72275, RSSI: -57
2026-08-10 21:36:58,ID: 253,ID2: 166, Timer: 72296, RSSI: -57
2026-08-10 21:36:58,ID: 253,ID2: 166, Timer: 72303, RSSI: -56
2026-08-10 21:36:58,ID: 253,ID2: 166, Timer: 72310, RSSI: -58
2026-08-10 21:36:58,ID: 253,ID2: 166, Timer: 72324, RSSI: -56
2026-08-10 21:36:58,ID: 253,ID2: 166, Timer: 72338, RSSI: -57
2026-08-10 21:36:58,ID: 253,ID2: 166, Timer: 72373, RSSI: -58
2026-08-10 21:36:58,ID: 253,ID2: 166, Timer: 72380, RSSI: -57
2026-08-10 21:36:58,ID: 253,ID2: 166, Timer: 72394, RSSI: -58
2026-08-10 21:36:58,ID: 253,ID2: 166, Timer: 72408, RSSI: -56
2026-08-10 21:36:58,ID: 253,ID2: 166, Timer: 72429, RSSI: -56
2026-08-10 21:36:58,ID: 253,ID2: 166, Timer: 72443, RSSI: -57
2026-08-10 21:36:58,ID: 253,ID2: 166, Timer: 72450, RSSI: -56
2026-08-10 21:36:58,ID: 253,ID2: 166, Timer: 72464, RSSI: -57
2026-08-10 21:36:58,ID: 253,ID2: 166, Timer: 72471, RSSI: -56
2026-08-10 21:36:58,ID: 253,ID2: 166, Timer: 72485, RSSI: -57
2026-08-10 21:36:58,ID: 253,ID2: 166, Timer: 72492, RSSI: -56
2026-08-10 21:36:58,ID: 253,ID2: 166, Timer: 72506, RSSI: -57
2026-08-10 21:36:58,ID: 253,ID2: 166, Timer: 72513, RSSI: -56
2026-08-10 21:36:58,ID: 253,ID2: 166, Timer: 72520, RSSI: -58
2026-08-10 21:36:58,ID: 253,ID2: 166, Timer: 72534, RSSI: -56
2026-08-10 21:36:58,ID: 253,ID2: 166, Timer: 72548, RSSI: -57
2026-08-10 21:36:58,ID: 253,ID2: 166, Timer: 72555, RSSI: -56
2026-08-10 21:36:58,ID: 253,ID2: 166, Timer: 72590, RSSI: -57
2026-08-10 21:36:58,ID: 253,ID2: 166, Timer: 72590, RSSI: -57
2026-08-10 21:36:58,ID: 253,ID2: 166, Timer: 72611, RSSI: -57
2026-08-10 21:36:58,ID: 253,ID2: 166, Timer: 72618, RSSI: -56
2026-08-10 21:36:58,ID: 253,ID2: 166, Timer: 72632, RSSI: -57
2026-08-10 21:36:58,ID: 253,ID2: 166, Timer: 72639, RSSI: -56
2026-08-10 21:36:58,ID: 253,ID2: 166, Timer: 72646, RSSI: -58
2026-08-10 21:36:58,ID: 253,ID2: 166, Timer: 72660, RSSI: -56
2026-08-10 21:36:58,ID: 253,ID2: 166, Timer: 72674, RSSI: -57
2026-08-10 21:36:58,ID: 253,ID2: 166, Timer: 72688, RSSI: -58
2026-08-10 21:36:58,ID: 253,ID2: 166, Timer: 72695, RSSI: -57
2026-08-10 21:36:58,ID: 253,ID2: 166, Timer: 72702, RSSI: -56
2026-08-10 21:36:58,ID: 253,ID2: 166, Timer: 72716, RSSI: -57
2026-08-10 21:36:58,ID: 253,ID2: 166, Timer: 72723, RSSI: -56
2026-08-10 21:36:58,ID: 253,ID2: 166, Timer: 72758, RSSI: -57
2026-08-10 21:36:58,ID: 253,ID2: 166, Timer: 72758, RSSI: -57
2026-08-10 21:36:58,ID: 253,ID2: 166, Timer: 72772, RSSI: -58
2026-08-10 21:36:58,ID: 253,ID2: 166, Timer: 72779, RSSI: -57
2026-08-10 21:36:58,ID: 253,ID2: 166, Timer: 72786, RSSI: -56
2026-08-10 21:36:58,ID: 253,ID2: 166, Timer: 72800, RSSI: -57
2026-08-10 21:36:58,ID: 253,ID2: 166, Timer: 72800, RSSI: -57
2026-08-10 21:36:58,ID: 253,ID2: 166, Timer: 72807, RSSI: -56
2026-08-10 21:36:58,ID: 253,ID2: 166, Timer: 72828, RSSI: -56
2026-08-10 21:36:58,ID: 253,ID2: 166, Timer: 72842, RSSI: -57
2026-08-10 21:36:58,ID: 253,ID2: 166, Timer: 72842, RSSI: -57
2026-08-10 21:36:58,ID: 253,ID2: 166, Timer: 72849, RSSI: -56
2026-08-10 21:36:58,ID: 253,ID2: 166, Timer: 72877, RSSI: -58
2026-08-10 21:36:58,ID: 253,ID2: 166, Timer: 72884, RSSI: -57
2026-08-10 21:36:58,ID: 253,ID2: 166, Timer: 72891, RSSI: -56
2026-08-10 21:36:58,ID: 253,ID2: 166, Timer: 72905, RSSI: -57
2026-08-10 21:36:58,ID: 253,ID2: 166, Timer: 72912, RSSI: -56
2026-08-10 21:36:58,ID: 253,ID2: 166, Timer: 72926, RSSI: -57
2026-08-10 21:36:58,ID: 253,ID2: 166, Timer: 72954, RSSI: -56
2026-08-10 21:36:58,ID: 253,ID2: 166, Timer: 72961, RSSI: -58
2026-08-10 21:36:58,ID: 253,ID2: 166, Timer: 72968, RSSI: -57
2026-08-10 21:36:58,ID: 253,ID2: 166, Timer: 72975, RSSI: -56
2026-08-10 21:36:58,ID: 253,ID2: 166, Timer: 72989, RSSI: -57
2026-08-10 21:36:58,ID: 253,ID2: 166, Timer: 73003, RSSI: -58
2026-08-10 21:36:58,ID: 253,ID2: 166, Timer: 73010, RSSI: -57
2026-08-10 21:36:58,ID: 253,ID2: 166, Timer: 73038, RSSI: -56
2026-08-10 21:36:58,ID: 253,ID2: 166, Timer: 73045, RSSI: -58
2026-08-10 21:36:58,ID: 253,ID2: 166, Timer: 73052, RSSI: -57
2026-08-10 21:36:58,ID: 253,ID2: 166, Timer: 73073, RSSI: -57
2026-08-10 21:36:58,ID: 253,ID2: 166, Timer: 73087, RSSI: -58
2026-08-10 21:36:58,ID: 253,ID2: 166, Timer: 73094, RSSI: -57
2026-08-10 21:36:58,ID: 253,ID2: 166, Timer: 73101, RSSI: -56
2026-08-10 21:36:58,ID: 253,ID2: 166, Timer: 73108, RSSI: -58
2026-08-10 21:36:58,ID: 253,ID2: 166, Timer: 73115, RSSI: -57
2026-08-10 21:36:58,ID: 253,ID2: 166, Timer: 73122, RSSI: -56
2026-08-10 21:36:58,ID: 253,ID2: 166, Timer: 73136, RSSI: -57
2026-08-10 21:36:58,ID: 253,ID2: 166, Timer: 73136, RSSI: -57
2026-08-10 21:36:58,ID: 253,ID2: 166, Timer: 73164, RSSI: -56
2026-08-10 21:36:58,ID: 253,ID2: 166, Timer: 73178, RSSI: -57
2026-08-10 21:36:58,ID: 253,ID2: 166, Timer: 73178, RSSI: -57
2026-08-10 21:36:58,ID: 253,ID2: 166, Timer: 73185, RSSI: -56
2026-08-10 21:36:58,ID: 253,ID2: 166, Timer: 73199, RSSI: -57
2026-08-10 21:36:58,ID: 253,ID2: 166, Timer: 73220, RSSI: -57
2026-08-10 21:36:58,ID: 253,ID2: 166, Timer: 73227, RSSI: -56
2026-08-10 21:36:58,ID: 253,ID2: 166, Timer: 73241, RSSI: -57
2026-08-10 21:36:58,ID: 253,ID2: 166, Timer: 73262, RSSI: -57
2026-08-10 21:36:58,ID: 253,ID2: 166, Timer: 73276, RSSI: -58
2026-08-10 21:36:58,ID: 253,ID2: 166, Timer: 73290, RSSI: -56
2026-08-10 21:36:58,ID: 253,ID2: 166, Timer: 73304, RSSI: -57
2026-08-10 21:36:58,ID: 253,ID2: 166, Timer: 73318, RSSI: -58
2026-08-10 21:36:58,ID: 253,ID2: 166, Timer: 73325, RSSI: -57
2026-08-10 21:36:58,ID: 253,ID2: 166, Timer: 73346, RSSI: -57
2026-08-10 21:36:58,ID: 253,ID2: 166, Timer: 73346, RSSI: -57
2026-08-10 21:36:58,ID: 253,ID2: 166, Timer: 73360, RSSI: -58
2026-08-10 21:36:58,ID: 253,ID2: 166, Timer: 73367, RSSI: -57
2026-08-10 21:36:58,ID: 253,ID2: 166, Timer: 73388, RSSI: -57
2026-08-10 21:36:58,ID: 253,ID2: 166, Timer: 73388, RSSI: -57
2026-08-10 21:36:58,ID: 253,ID2: 166, Timer: 73409, RSSI: -57
2026-08-10 21:36:58,ID: 253,ID2: 166, Timer: 73423, RSSI: -58
2026-08-10 21:36:58,ID: 253,ID2: 166, Timer: 73430, RSSI: -57
2026-08-10 21:36:58,ID: 253,ID2: 166, Timer: 73458, RSSI: -56
2026-08-10 21:36:58,ID: 253,ID2: 166, Timer: 73507, RSSI: -58
2026-08-10 21:36:58,ID: 253,ID2: 166, Timer: 73514, RSSI: -57
2026-08-10 21:36:58,ID: 253,ID2: 166, Timer: 73535, RSSI: -57
2026-08-10 21:36:58,ID: 253,ID2: 166, Timer: 73542, RSSI: -56
2026-08-10 21:36:58,ID: 253,ID2: 166, Timer: 73556, RSSI: -57
2026-08-10 21:36:58,ID: 253,ID2: 166, Timer: 73577, RSSI: -57
2026-08-10 21:36:58,ID: 253,ID2: 166, Timer: 73584, RSSI: -56
2026-08-10 21:36:58,ID: 253,ID2: 166, Timer: 73591, RSSI: -58
2026-08-10 21:36:58,ID: 253,ID2: 166, Timer: 73598, RSSI: -57
2026-08-10 21:36:58,ID: 253,ID2: 166, Timer: 73612, RSSI: -58
2026-08-10 21:36:58,ID: 253,ID2: 166, Timer: 73619, RSSI: -57
2026-08-10 21:36:58,ID: 253,ID2: 166, Timer: 73647, RSSI: -56
2026-08-10 21:36:58,ID: 253,ID2: 166, Timer: 73682, RSSI: -57
2026-08-10 21:36:58,ID: 253,ID2: 166, Timer: 73696, RSSI: -58
2026-08-10 21:36:58,ID: 253,ID2: 166, Timer: 73703, RSSI: -57
2026-08-10 21:36:58,ID: 253,ID2: 166, Timer: 73724, RSSI: -57
2026-08-10 21:36:58,ID: 253,ID2: 166, Timer: 73731, RSSI: -56
2026-08-10 21:36:58,ID: 253,ID2: 166, Timer: 73738, RSSI: -58
2026-08-10 21:36:58,ID: 253,ID2: 166, Timer: 73745, RSSI: -57
2026-08-10 21:36:58,ID: 253,ID2: 166, Timer: 73766, RSSI: -57
2026-08-10 21:36:58,ID: 253,ID2: 166, Timer: 73780, RSSI: -58
2026-08-10 21:36:58,ID: 253,ID2: 166, Timer: 73808, RSSI: -57
2026-08-10 21:36:58,ID: 253,ID2: 166, Timer: 73836, RSSI: -56
2026-08-10 21:36:58,ID: 253,ID2: 166, Timer: 73850, RSSI: -57
2026-08-10 21:36:58,ID: 253,ID2: 166, Timer: 73857, RSSI: -56
2026-08-10 21:36:58,ID: 253,ID2: 166, Timer: 73864, RSSI: -58
2026-08-10 21:36:58,ID: 253,ID2: 166, Timer: 73871, RSSI: -57
2026-08-10 21:36:58,ID: 253,ID2: 166, Timer: 73885, RSSI: -58
2026-08-10 21:36:58,ID: 253,ID2: 166, Timer: 73892, RSSI: -57
2026-08-10 21:36:58,ID: 253,ID2: 166, Timer: 73934, RSSI: -57
2026-08-10 21:36:58,ID: 253,ID2: 166, Timer: 73934, RSSI: -57
2026-08-10 21:36:58,ID: 253,ID2: 166, Timer: 73962, RSSI: -56
2026-08-10 21:36:58,ID: 253,ID2: 166, Timer: 73969, RSSI: -58
2026-08-10 21:36:58,ID: 253,ID2: 166, Timer: 73976, RSSI: -57
2026-08-10 21:36:58,ID: 253,ID2: 166, Timer: 73983, RSSI: -56
2026-08-10 21:36:58,ID: 253,ID2: 166, Timer: 74004, RSSI: -56
2026-08-10 21:36:58,ID: 253,ID2: 166, Timer: 74011, RSSI: -58
2026-08-10 21:36:58,ID: 253,ID2: 166, Timer: 74018, RSSI: -57
2026-08-10 21:36:58,ID: 253,ID2: 166, Timer: 74032, RSSI: -58
2026-08-10 21:36:58,ID: 253,ID2: 166, Timer: 74039, RSSI: -57
2026-08-10 21:36:58,ID: 253,ID2: 166, Timer: 74046, RSSI: -56
2026-08-10 21:36:58,ID: 253,ID2: 166, Timer: 74060, RSSI: -57
2026-08-10 21:36:58,ID: 253,ID2: 166, Timer: 74074, RSSI: -58
2026-08-10 21:36:58,ID: 253,ID2: 166, Timer: 74088, RSSI: -56
2026-08-10 21:36:58,ID: 253,ID2: 166, Timer: 74102, RSSI: -57
2026-08-10 21:36:58,ID: 253,ID2: 166, Timer: 74109, RSSI: -56
2026-08-10 21:36:58,ID: 253,ID2: 166, Timer: 74116, RSSI: -58
2026-08-10 21:36:58,ID: 253,ID2: 166, Timer: 74123, RSSI: -57
2026-08-10 21:36:58,ID: 253,ID2: 166, Timer: 74130, RSSI: -56
2026-08-10 21:36:58,ID: 253,ID2: 166, Timer: 74144, RSSI: -57
2026-08-10 21:36:58,ID: 253,ID2: 166, Timer: 74144, RSSI: -57
2026-08-10 21:36:58,ID: 253,ID2: 166, Timer: 74158, RSSI: -58
2026-08-10 21:36:58,ID: 253,ID2: 166, Timer: 74165, RSSI: -57
2026-08-10 21:36:58,ID: 253,ID2: 166, Timer: 74179, RSSI: -58
2026-08-10 21:36:58,ID: 253,ID2: 166, Timer: 74186, RSSI: -57
2026-08-10 21:36:58,ID: 253,ID2: 166, Timer: 74193, RSSI: -56
2026-08-10 21:36:58,ID: 253,ID2: 166, Timer: 74221, RSSI: -58
2026-08-10 21:36:58,ID: 253,ID2: 166, Timer: 74249, RSSI: -57
2026-08-10 21:36:58,ID: 253,ID2: 166, Timer: 74270, RSSI: -57
2026-08-10 21:36:58,ID: 253,ID2: 166, Timer: 74305, RSSI: -58
2026-08-10 21:36:58,ID: 253,ID2: 166, Timer: 74312, RSSI: -57
2026-08-10 21:36:58,ID: 253,ID2: 166, Timer: 74340, RSSI: -56
2026-08-10 21:36:58,ID: 253,ID2: 166, Timer: 74347, RSSI: -58
2026-08-10 21:36:58,ID: 253,ID2: 166, Timer: 74354, RSSI: -57
2026-08-10 21:36:58,ID: 253,ID2: 166, Timer: 74361, RSSI: -56
2026-08-10 21:36:58,ID: 253,ID2: 166, Timer: 74368, RSSI: -58
2026-08-10 21:36:58,ID: 253,ID2: 166, Timer: 74375, RSSI: -57
2026-08-10 21:36:58,ID: 253,ID2: 166, Timer: 74396, RSSI: -57
2026-08-10 21:36:58,ID: 253,ID2: 166, Timer: 74410, RSSI: -58
2026-08-10 21:36:58,ID: 253,ID2: 166, Timer: 74417, RSSI: -57
2026-08-10 21:36:58,ID: 253,ID2: 166, Timer: 74424, RSSI: -56
2026-08-10 21:36:58,ID: 253,ID2: 166, Timer: 74438, RSSI: -57
2026-08-10 21:36:58,ID: 253,ID2: 166, Timer: 74445, RSSI: -56
2026-08-10 21:36:58,ID: 253,ID2: 166, Timer: 74459, RSSI: -57
2026-08-10 21:36:58,ID: 253,ID2: 166, Timer: 74466, RSSI: -56
2026-08-10 21:36:58,ID: 253,ID2: 166, Timer: 74473, RSSI: -58
2026-08-10 21:36:58,ID: 253,ID2: 166, Timer: 74480, RSSI: -57
2026-08-10 21:36:58,ID: 253,ID2: 166, Timer: 74501, RSSI: -57
2026-08-10 21:36:58,ID: 253,ID2: 166, Timer: 74522, RSSI: -57
2026-08-10 21:36:58,ID: 253,ID2: 166, Timer: 74522, RSSI: -57
2026-08-10 21:36:58,ID: 253,ID2: 166, Timer: 74529, RSSI: -56
2026-08-10 21:36:58,ID: 253,ID2: 166, Timer: 74543, RSSI: -57
2026-08-10 21:36:58,ID: 253,ID2: 166, Timer: 74550, RSSI: -56
2026-08-10 21:36:58,ID: 253,ID2: 166, Timer: 74564, RSSI: -57
2026-08-10 21:36:58,ID: 253,ID2: 166, Timer: 74571, RSSI: -56
2026-08-10 21:36:58,ID: 253,ID2: 166, Timer: 74578, RSSI: -58
2026-08-10 21:36:58,ID: 253,ID2: 166, Timer: 74585, RSSI: -57
2026-08-10 21:36:58,ID: 253,ID2: 166, Timer: 74599, RSSI: -58
2026-08-10 21:36:58,ID: 253,ID2: 166, Timer: 74606, RSSI: -57
2026-08-10 21:36:58,ID: 253,ID2: 166, Timer: 74627, RSSI: -57
2026-08-10 21:36:58,ID: 253,ID2: 166, Timer: 74648, RSSI: -57
2026-08-10 21:36:58,ID: 253,ID2: 166, Timer: 74655, RSSI: -56
2026-08-10 21:36:58,ID: 253,ID2: 166, Timer: 74676, RSSI: -56
2026-08-10 21:36:58,ID: 253,ID2: 166, Timer: 74690, RSSI: -57
2026-08-10 21:36:58,ID: 253,ID2: 166, Timer: 74697, RSSI: -56
2026-08-10 21:36:58,ID: 253,ID2: 166, Timer: 74704, RSSI: -58
2026-08-10 21:36:58,ID: 253,ID2: 166, Timer: 74718, RSSI: -56
2026-08-10 21:36:58,ID: 253,ID2: 166, Timer: 74732, RSSI: -57
2026-08-10 21:36:58,ID: 253,ID2: 166, Timer: 74732, RSSI: -57
2026-08-10 21:36:58,ID: 253,ID2: 166, Timer: 74760, RSSI: -56
2026-08-10 21:36:58,ID: 253,ID2: 166, Timer: 74774, RSSI: -57
2026-08-10 21:36:58,ID: 253,ID2: 166, Timer: 74781, RSSI: -56
2026-08-10 21:36:58,ID: 253,ID2: 166, Timer: 74788, RSSI: -58
2026-08-10 21:36:58,ID: 253,ID2: 166, Timer: 74816, RSSI: -57
2026-08-10 21:36:58,ID: 253,ID2: 166, Timer: 74823, RSSI: -56
2026-08-10 21:36:58,ID: 253,ID2: 166, Timer: 74858, RSSI: -57
2026-08-10 21:36:58,ID: 253,ID2: 166, Timer: 74858, RSSI: -57
2026-08-10 21:36:58,ID: 253,ID2: 166, Timer: 74879, RSSI: -57
2026-08-10 21:36:58,ID: 253,ID2: 166, Timer: 74886, RSSI: -56
2026-08-10 21:36:58,ID: 253,ID2: 166, Timer: 74893, RSSI: -58
2026-08-10 21:36:58,ID: 253,ID2: 166, Timer: 74900, RSSI: -57
2026-08-10 21:36:58,ID: 253,ID2: 166, Timer: 74900, RSSI: -57
2026-08-10 21:36:58,ID: 253,ID2: 166, Timer: 74907, RSSI: -56
2026-08-10 21:36:58,ID: 253,ID2: 166, Timer: 74914, RSSI: -58
2026-08-10 21:36:58,ID: 253,ID2: 166, Timer: 74921, RSSI: -57
2026-08-10 21:36:58,ID: 253,ID2: 166, Timer: 74942, RSSI: -57
2026-08-10 21:36:58,ID: 253,ID2: 166, Timer: 74942, RSSI: -57
2026-08-10 21:36:58,ID: 253,ID2: 166, Timer: 74949, RSSI: -56
2026-08-10 21:36:58,ID: 253,ID2: 166, Timer: 74956, RSSI: -58
2026-08-10 21:36:58,ID: 253,ID2: 166, Timer: 74970, RSSI: -56
2026-08-10 21:36:58,ID: 253,ID2: 166, Timer: 74977, RSSI: -58
2026-08-10 21:36:58,ID: 253,ID2: 166, Timer: 74984, RSSI: -57
2026-08-10 21:36:58,ID: 253,ID2: 166, Timer: 74998, RSSI: -58
2026-08-10 21:36:58,ID: 253,ID2: 166, Timer: 75005, RSSI: -57
2026-08-10 21:36:58,ID: 253,ID2: 166, Timer: 75026, RSSI: -57
2026-08-10 21:36:58,ID: 253,ID2: 166, Timer: 75033, RSSI: -56
2026-08-10 21:36:58,ID: 253,ID2: 166, Timer: 75068, RSSI: -57
2026-08-10 21:36:58,ID: 253,ID2: 166, Timer: 75075, RSSI: -56
2026-08-10 21:36:58,ID: 253,ID2: 166, Timer: 75089, RSSI: -57
2026-08-10 21:36:58,ID: 253,ID2: 166, Timer: 75096, RSSI: -56
2026-08-10 21:36:58,ID: 253,ID2: 166, Timer: 75110, RSSI: -57
2026-08-10 21:36:58,ID: 253,ID2: 166, Timer: 75131, RSSI: -57
2026-08-10 21:36:58,ID: 253,ID2: 166, Timer: 75152, RSSI: -57
2026-08-10 21:36:58,ID: 253,ID2: 166, Timer: 75159, RSSI: -56
2026-08-10 21:36:58,ID: 253,ID2: 166, Timer: 75180, RSSI: -56
2026-08-10 21:36:58,ID: 253,ID2: 166, Timer: 75194, RSSI: -57
2026-08-10 21:36:58,ID: 253,ID2: 166, Timer: 75208, RSSI: -58
2026-08-10 21:36:58,ID: 253,ID2: 166, Timer: 75236, RSSI: -57
2026-08-10 21:36:58,ID: 253,ID2: 166, Timer: 75236, RSSI: -57
2026-08-10 21:36:58,ID: 253,ID2: 166, Timer: 75278, RSSI: -57
2026-08-10 21:36:58,ID: 253,ID2: 166, Timer: 75299, RSSI: -57
2026-08-10 21:36:58,ID: 253,ID2: 166, Timer: 75313, RSSI: -58
2026-08-10 21:36:58,ID: 253,ID2: 166, Timer: 75320, RSSI: -57
2026-08-10 21:36:58,ID: 253,ID2: 166, Timer: 75327, RSSI: -56
2026-08-10 21:36:58,ID: 253,ID2: 166, Timer: 75362, RSSI: -57
2026-08-10 21:36:58,ID: 253,ID2: 166, Timer: 75362, RSSI: -57
2026-08-10 21:36:58,ID: 253,ID2: 166, Timer: 75369, RSSI: -56
2026-08-10 21:36:58,ID: 253,ID2: 166, Timer: 75383, RSSI: -57
2026-08-10 21:36:58,ID: 253,ID2: 166, Timer: 75390, RSSI: -56
2026-08-10 21:36:58,ID: 253,ID2: 166, Timer: 75404, RSSI: -57
2026-08-10 21:36:58,ID: 253,ID2: 166, Timer: 75418, RSSI: -58
2026-08-10 21:36:58,ID: 253,ID2: 166, Timer: 75446, RSSI: -57
2026-08-10 21:36:58,ID: 253,ID2: 166, Timer: 75460, RSSI: -58
2026-08-10 21:36:58,ID: 253,ID2: 166, Timer: 75474, RSSI: -56
2026-08-10 21:36:58,ID: 253,ID2: 166, Timer: 75481, RSSI: -58
2026-08-10 21:36:58,ID: 253,ID2: 166, Timer: 75488, RSSI: -57
2026-08-10 21:36:58,ID: 253,ID2: 166, Timer: 75502, RSSI: -58
2026-08-10 21:36:58,ID: 253,ID2: 166, Timer: 75509, RSSI: -57
2026-08-10 21:36:58,ID: 253,ID2: 166, Timer: 75530, RSSI: -57
2026-08-10 21:36:58,ID: 253,ID2: 166, Timer: 75572, RSSI: -57
2026-08-10 21:36:58,ID: 253,ID2: 166, Timer: 75614, RSSI: -57
2026-08-10 21:36:58,ID: 253,ID2: 166, Timer: 75628, RSSI: -58
2026-08-10 21:36:58,ID: 253,ID2: 166, Timer: 75642, RSSI: -56
2026-08-10 21:36:58,ID: 253,ID2: 166, Timer: 75649, RSSI: -58
2026-08-10 21:36:58,ID: 253,ID2: 166, Timer: 75656, RSSI: -57
2026-08-10 21:36:58,ID: 253,ID2: 166, Timer: 75698, RSSI: -57
2026-08-10 21:36:58,ID: 253,ID2: 166, Timer: 75698, RSSI: -57
2026-08-10 21:36:58,ID: 253,ID2: 166, Timer: 75712, RSSI: -58
2026-08-10 21:36:58,ID: 253,ID2: 166, Timer: 75726, RSSI: -56
2026-08-10 21:36:58,ID: 253,ID2: 166, Timer: 75733, RSSI: -58
2026-08-10 21:36:58,ID: 253,ID2: 166, Timer: 75740, RSSI: -57
2026-08-10 21:36:58,ID: 253,ID2: 166, Timer: 75747, RSSI: -56
2026-08-10 21:36:58,ID: 253,ID2: 166, Timer: 75754, RSSI: -58
2026-08-10 21:36:58,ID: 253,ID2: 166, Timer: 75761, RSSI: -57
2026-08-10 21:36:58,ID: 253,ID2: 166, Timer: 75768, RSSI: -56
2026-08-10 21:36:58,ID: 253,ID2: 166, Timer: 75782, RSSI: -57
2026-08-10 21:36:58,ID: 253,ID2: 166, Timer: 75810, RSSI: -56
2026-08-10 21:36:58,ID: 253,ID2: 166, Timer: 75817, RSSI: -58
2026-08-10 21:36:58,ID: 253,ID2: 166, Timer: 75824, RSSI: -57
2026-08-10 21:36:58,ID: 253,ID2: 166, Timer: 75824, RSSI: -57
2026-08-10 21:36:58,ID: 253,ID2: 166, Timer: 75852, RSSI: -56
2026-08-10 21:36:58,ID: 253,ID2: 166, Timer: 75859, RSSI: -58
2026-08-10 21:36:58,ID: 253,ID2: 166, Timer: 75866, RSSI: -57
2026-08-10 21:36:58,ID: 253,ID2: 166, Timer: 75866, RSSI: -57
2026-08-10 21:36:58,ID: 253,ID2: 166, Timer: 75873, RSSI: -56
2026-08-10 21:36:58,ID: 253,ID2: 166, Timer: 75880, RSSI: -58
2026-08-10 21:36:58,ID: 253,ID2: 166, Timer: 75894, RSSI: -56
2026-08-10 21:36:58,ID: 253,ID2: 166, Timer: 75901, RSSI: -58
2026-08-10 21:36:58,ID: 253,ID2: 166, Timer: 75908, RSSI: -57
2026-08-10 21:36:58,ID: 253,ID2: 166, Timer: 75915, RSSI: -56
2026-08-10 21:36:58,ID: 253,ID2: 166, Timer: 75922, RSSI: -58
2026-08-10 21:36:58,ID: 253,ID2: 166, Timer: 75936, RSSI: -56
2026-08-10 21:36:58,ID: 253,ID2: 166, Timer: 75943, RSSI: -58
2026-08-10 21:36:58,ID: 253,ID2: 166, Timer: 75950, RSSI: -57
2026-08-10 21:36:58,ID: 253,ID2: 166, Timer: 75957, RSSI: -56
2026-08-10 21:36:58,ID: 253,ID2: 166, Timer: 75971, RSSI: -57
2026-08-10 21:36:58,ID: 253,ID2: 166, Timer: 75992, RSSI: -57
2026-08-10 21:36:58,ID: 253,ID2: 166, Timer: 75999, RSSI: -56
2026-08-10 21:36:58,ID: 253,ID2: 166, Timer: 76006, RSSI: -58
2026-08-10 21:36:58,ID: 253,ID2: 166, Timer: 76013, RSSI: -57
2026-08-10 21:36:58,ID: 253,ID2: 166, Timer: 76034, RSSI: -57
2026-08-10 21:36:58,ID: 253,ID2: 166, Timer: 76048, RSSI: -58
2026-08-10 21:36:58,ID: 253,ID2: 166, Timer: 76076, RSSI: -57
2026-08-10 21:36:58,ID: 253,ID2: 166, Timer: 76090, RSSI: -58
2026-08-10 21:36:58,ID: 253,ID2: 166, Timer: 76097, RSSI: -57
2026-08-10 21:36:58,ID: 253,ID2: 166, Timer: 76111, RSSI: -58
2026-08-10 21:36:58,ID: 253,ID2: 166, Timer: 76160, RSSI: -57
2026-08-10 21:36:58,ID: 253,ID2: 166, Timer: 76174, RSSI: -58
2026-08-10 21:36:58,ID: 253,ID2: 166, Timer: 76188, RSSI: -56
2026-08-10 21:36:58,ID: 253,ID2: 166, Timer: 76195, RSSI: -58
2026-08-10 21:36:58,ID: 253,ID2: 166, Timer: 76202, RSSI: -57
2026-08-10 21:36:58,ID: 253,ID2: 166, Timer: 76216, RSSI: -58
2026-08-10 21:36:58,ID: 253,ID2: 166, Timer: 76223, RSSI: -57
2026-08-10 21:36:58,ID: 253,ID2: 166, Timer: 76230, RSSI: -56
2026-08-10 21:36:58,ID: 253,ID2: 166, Timer: 76251, RSSI: -56
2026-08-10 21:36:58,ID: 253,ID2: 166, Timer: 76258, RSSI: -58
2026-08-10 21:36:58,ID: 253,ID2: 166, Timer: 76272, RSSI: -56
2026-08-10 21:36:58,ID: 253,ID2: 166, Timer: 76286, RSSI: -57
2026-08-10 21:36:58,ID: 253,ID2: 166, Timer: 76293, RSSI: -56
2026-08-10 21:36:58,ID: 253,ID2: 166, Timer: 76307, RSSI: -57
2026-08-10 21:36:58,ID: 253,ID2: 166, Timer: 76328, RSSI: -57
2026-08-10 21:36:58,ID: 253,ID2: 166, Timer: 76356, RSSI: -56
2026-08-10 21:36:58,ID: 253,ID2: 166, Timer: 76370, RSSI: -57
2026-08-10 21:36:58,ID: 253,ID2: 166, Timer: 76391, RSSI: -57
2026-08-10 21:36:58,ID: 253,ID2: 166, Timer: 76412, RSSI: -57
2026-08-10 21:36:58,ID: 253,ID2: 166, Timer: 76433, RSSI: -57
2026-08-10 21:36:58,ID: 253,ID2: 166, Timer: 76447, RSSI: -58
2026-08-10 21:36:58,ID: 253,ID2: 166, Timer: 76454, RSSI: -57
2026-08-10 21:36:58,ID: 253,ID2: 166, Timer: 76482, RSSI: -56
2026-08-10 21:36:58,ID: 253,ID2: 166, Timer: 76496, RSSI: -57
2026-08-10 21:36:58,ID: 253,ID2: 166, Timer: 76503, RSSI: -56
2026-08-10 21:36:58,ID: 253,ID2: 166, Timer: 76524, RSSI: -56
2026-08-10 21:36:58,ID: 253,ID2: 166, Timer: 76531, RSSI: -58
2026-08-10 21:36:58,ID: 253,ID2: 166, Timer: 76538, RSSI: -57
2026-08-10 21:36:58,ID: 253,ID2: 166, Timer: 76545, RSSI: -56
2026-08-10 21:36:58,ID: 253,ID2: 166, Timer: 76559, RSSI: -57
2026-08-10 21:36:58,ID: 253,ID2: 166, Timer: 76573, RSSI: -58
2026-08-10 21:36:58,ID: 253,ID2: 166, Timer: 76580, RSSI: -57
2026-08-10 21:36:58,ID: 253,ID2: 166, Timer: 76580, RSSI: -57
2026-08-10 21:36:58,ID: 253,ID2: 166, Timer: 76587, RSSI: -56
2026-08-10 21:36:58,ID: 253,ID2: 166, Timer: 76601, RSSI: -57
2026-08-10 21:36:58,ID: 253,ID2: 166, Timer: 76622, RSSI: -57
2026-08-10 21:36:58,ID: 253,ID2: 166, Timer: 76636, RSSI: -58
2026-08-10 21:36:58,ID: 253,ID2: 166, Timer: 76643, RSSI: -57
2026-08-10 21:36:58,ID: 253,ID2: 166, Timer: 76650, RSSI: -56
2026-08-10 21:36:58,ID: 253,ID2: 166, Timer: 76664, RSSI: -57
2026-08-10 21:36:58,ID: 253,ID2: 166, Timer: 76692, RSSI: -56
2026-08-10 21:36:58,ID: 253,ID2: 166, Timer: 76706, RSSI: -57
2026-08-10 21:36:58,ID: 253,ID2: 166, Timer: 76706, RSSI: -57
2026-08-10 21:36:58,ID: 253,ID2: 166, Timer: 76727, RSSI: -57
2026-08-10 21:36:58,ID: 253,ID2: 166, Timer: 76734, RSSI: -56
2026-08-10 21:36:58,ID: 253,ID2: 166, Timer: 76748, RSSI: -57
2026-08-10 21:36:58,ID: 253,ID2: 166, Timer: 76769, RSSI: -57
2026-08-10 21:36:58,ID: 253,ID2: 166, Timer: 76790, RSSI: -57
2026-08-10 21:36:58,ID: 253,ID2: 166, Timer: 76804, RSSI: -58
2026-08-10 21:36:58,ID: 253,ID2: 166, Timer: 76811, RSSI: -57
2026-08-10 21:36:58,ID: 253,ID2: 166, Timer: 76818, RSSI: -56
2026-08-10 21:36:58,ID: 253,ID2: 166, Timer: 76832, RSSI: -57
2026-08-10 21:36:58,ID: 253,ID2: 166, Timer: 76853, RSSI: -57
2026-08-10 21:36:58,ID: 253,ID2: 166, Timer: 76874, RSSI: -57
2026-08-10 21:36:58,ID: 253,ID2: 166, Timer: 76888, RSSI: -58
2026-08-10 21:36:58,ID: 253,ID2: 166, Timer: 76916, RSSI: -57
2026-08-10 21:36:58,ID: 253,ID2: 166, Timer: 76923, RSSI: -56
2026-08-10 21:36:58,ID: 253,ID2: 166, Timer: 76958, RSSI: -57
2026-08-10 21:36:58,ID: 253,ID2: 166, Timer: 76965, RSSI: -56
2026-08-10 21:36:58,ID: 253,ID2: 166, Timer: 76979, RSSI: -57
2026-08-10 21:36:58,ID: 253,ID2: 166, Timer: 76986, RSSI: -56
2026-08-10 21:36:58,ID: 253,ID2: 166, Timer: 77000, RSSI: -57
2026-08-10 21:36:58,ID: 253,ID2: 166, Timer: 77000, RSSI: -57
2026-08-10 21:36:58,ID: 253,ID2: 166, Timer: 77007, RSSI: -56
2026-08-10 21:36:58,ID: 253,ID2: 166, Timer: 77014, RSSI: -58
2026-08-10 21:36:58,ID: 253,ID2: 166, Timer: 77035, RSSI: -58
2026-08-10 21:36:58,ID: 253,ID2: 166, Timer: 77042, RSSI: -57
2026-08-10 21:36:58,ID: 253,ID2: 166, Timer: 77049, RSSI: -56
2026-08-10 21:36:58,ID: 253,ID2: 166, Timer: 77063, RSSI: -57
2026-08-10 21:36:58,ID: 253,ID2: 166, Timer: 77070, RSSI: -56
2026-08-10 21:36:58,ID: 253,ID2: 166, Timer: 77077, RSSI: -58
2026-08-10 21:36:58,ID: 253,ID2: 166, Timer: 77084, RSSI: -57
2026-08-10 21:36:58,ID: 253,ID2: 166, Timer: 77091, RSSI: -56
2026-08-10 21:36:58,ID: 253,ID2: 166, Timer: 77098, RSSI: -58
2026-08-10 21:36:58,ID: 253,ID2: 166, Timer: 77105, RSSI: -57
2026-08-10 21:36:58,ID: 253,ID2: 166, Timer: 77112, RSSI: -56
2026-08-10 21:36:58,ID: 253,ID2: 166, Timer: 77126, RSSI: -57
2026-08-10 21:36:58,ID: 253,ID2: 166, Timer: 77168, RSSI: -57
2026-08-10 21:36:58,ID: 253,ID2: 166, Timer: 77175, RSSI: -56
2026-08-10 21:36:58,ID: 253,ID2: 166, Timer: 77189, RSSI: -57
2026-08-10 21:36:58,ID: 253,ID2: 166, Timer: 77196, RSSI: -56
2026-08-10 21:36:58,ID: 253,ID2: 166, Timer: 77203, RSSI: -58
2026-08-10 21:36:58,ID: 253,ID2: 166, Timer: 77217, RSSI: -56
2026-08-10 21:36:58,ID: 253,ID2: 166, Timer: 77238, RSSI: -56
2026-08-10 21:36:58,ID: 253,ID2: 166, Timer: 77245, RSSI: -58
2026-08-10 21:36:58,ID: 253,ID2: 166, Timer: 77252, RSSI: -57
2026-08-10 21:36:58,ID: 253,ID2: 166, Timer: 77259, RSSI: -56
2026-08-10 21:36:58,ID: 253,ID2: 166, Timer: 77273, RSSI: -57
2026-08-10 21:36:58,ID: 253,ID2: 166, Timer: 77280, RSSI: -56
2026-08-10 21:36:58,ID: 253,ID2: 166, Timer: 77287, RSSI: -58
2026-08-10 21:36:58,ID: 253,ID2: 166, Timer: 77294, RSSI: -57
2026-08-10 21:36:58,ID: 253,ID2: 166, Timer: 77322, RSSI: -56
2026-08-10 21:36:58,ID: 253,ID2: 166, Timer: 77336, RSSI: -57
2026-08-10 21:36:58,ID: 253,ID2: 166, Timer: 77350, RSSI: -58
2026-08-10 21:36:58,ID: 253,ID2: 166, Timer: 77371, RSSI: -58
2026-08-10 21:36:58,ID: 253,ID2: 166, Timer: 77378, RSSI: -57
2026-08-10 21:36:58,ID: 253,ID2: 166, Timer: 77420, RSSI: -57
2026-08-10 21:36:58,ID: 253,ID2: 166, Timer: 77420, RSSI: -57
2026-08-10 21:36:58,ID: 253,ID2: 166, Timer: 77448, RSSI: -56
2026-08-10 21:36:58,ID: 253,ID2: 166, Timer: 77455, RSSI: -58
2026-08-10 21:36:58,ID: 253,ID2: 166, Timer: 77462, RSSI: -57
2026-08-10 21:36:58,ID: 253,ID2: 166, Timer: 77462, RSSI: -57
2026-08-10 21:36:58,ID: 253,ID2: 166, Timer: 77504, RSSI: -57
2026-08-10 21:36:58,ID: 253,ID2: 166, Timer: 77525, RSSI: -57
2026-08-10 21:36:58,ID: 253,ID2: 166, Timer: 77546, RSSI: -57
2026-08-10 21:36:58,ID: 253,ID2: 166, Timer: 77553, RSSI: -56
2026-08-10 21:36:58,ID: 253,ID2: 166, Timer: 77574, RSSI: -56
2026-08-10 21:36:58,ID: 253,ID2: 166, Timer: 77581, RSSI: -58
2026-08-10 21:36:58,ID: 253,ID2: 166, Timer: 77588, RSSI: -57
2026-08-10 21:36:58,ID: 253,ID2: 166, Timer: 77623, RSSI: -58
2026-08-10 21:36:58,ID: 253,ID2: 166, Timer: 77630, RSSI: -57
2026-08-10 21:36:58,ID: 253,ID2: 166, Timer: 77637, RSSI: -56
2026-08-10 21:36:58,ID: 253,ID2: 166, Timer: 77644, RSSI: -58
2026-08-10 21:36:58,ID: 253,ID2: 166, Timer: 77651, RSSI: -57
2026-08-10 21:36:58,ID: 253,ID2: 166, Timer: 77665, RSSI: -58
2026-08-10 21:36:58,ID: 253,ID2: 166, Timer: 77672, RSSI: -57
2026-08-10 21:36:58,ID: 253,ID2: 166, Timer: 77679, RSSI: -56
2026-08-10 21:36:58,ID: 253,ID2: 166, Timer: 77686, RSSI: -58
2026-08-10 21:36:58,ID: 253,ID2: 166, Timer: 77693, RSSI: -57
2026-08-10 21:36:58,ID: 253,ID2: 166, Timer: 77707, RSSI: -58
2026-08-10 21:36:58,ID: 253,ID2: 166, Timer: 77714, RSSI: -57
2026-08-10 21:36:58,ID: 253,ID2: 166, Timer: 77714, RSSI: -57
2026-08-10 21:36:58,ID: 253,ID2: 166, Timer: 77728, RSSI: -58
2026-08-10 21:36:58,ID: 253,ID2: 166, Timer: 77756, RSSI: -57
2026-08-10 21:36:58,ID: 253,ID2: 166, Timer: 77756, RSSI: -57
2026-08-10 21:36:58,ID: 253,ID2: 166, Timer: 77763, RSSI: -56
2026-08-10 21:36:58,ID: 253,ID2: 166, Timer: 77770, RSSI: -58
2026-08-10 21:36:58,ID: 253,ID2: 166, Timer: 77791, RSSI: -58
2026-08-10 21:36:58,ID: 253,ID2: 166, Timer: 77798, RSSI: -57
2026-08-10 21:36:58,ID: 253,ID2: 166, Timer: 77833, RSSI: -58
2026-08-10 21:36:58,ID: 253,ID2: 166, Timer: 77854, RSSI: -58
2026-08-10 21:36:58,ID: 253,ID2: 166, Timer: 77868, RSSI: -56
2026-08-10 21:36:58,ID: 253,ID2: 166, Timer: 77882, RSSI: -57
2026-08-10 21:36:58,ID: 253,ID2: 166, Timer: 77910, RSSI: -56
2026-08-10 21:36:58,ID: 253,ID2: 166, Timer: 77917, RSSI: -58
2026-08-10 21:36:58,ID: 253,ID2: 166, Timer: 77924, RSSI: -57
2026-08-10 21:36:58,ID: 253,ID2: 166, Timer: 77931, RSSI: -56
2026-08-10 21:36:58,ID: 253,ID2: 166, Timer: 77959, RSSI: -58
2026-08-10 21:36:58,ID: 253,ID2: 166, Timer: 77966, RSSI: -57
2026-08-10 21:36:58,ID: 253,ID2: 166, Timer: 77980, RSSI: -58
2026-08-10 21:36:58,ID: 253,ID2: 166, Timer: 78008, RSSI: -57
2026-08-10 21:36:58,ID: 253,ID2: 166, Timer: 78022, RSSI: -58
2026-08-10 21:36:58,ID: 253,ID2: 166, Timer: 78036, RSSI: -56
2026-08-10 21:36:58,ID: 253,ID2: 166, Timer: 78050, RSSI: -57
2026-08-10 21:36:58,ID: 253,ID2: 166, Timer: 78057, RSSI: -56
2026-08-10 21:36:58,ID: 253,ID2: 166, Timer: 78064, RSSI: -58
2026-08-10 21:36:58,ID: 253,ID2: 166, Timer: 78078, RSSI: -56
2026-08-10 21:36:58,ID: 253,ID2: 166, Timer: 78092, RSSI: -57
2026-08-10 21:36:58,ID: 253,ID2: 166, Timer: 78106, RSSI: -58
2026-08-10 21:36:58,ID: 253,ID2: 166, Timer: 78113, RSSI: -57
2026-08-10 21:36:58,ID: 253,ID2: 166, Timer: 78120, RSSI: -56
2026-08-10 21:36:58,ID: 253,ID2: 166, Timer: 78127, RSSI: -58
2026-08-10 21:36:58,ID: 253,ID2: 166, Timer: 78134, RSSI: -57
2026-08-10 21:36:58,ID: 253,ID2: 166, Timer: 78141, RSSI: -56
2026-08-10 21:36:58,ID: 253,ID2: 166, Timer: 78162, RSSI: -56
2026-08-10 21:36:58,ID: 253,ID2: 166, Timer: 78169, RSSI: -58
2026-08-10 21:36:58,ID: 253,ID2: 166, Timer: 78176, RSSI: -57
2026-08-10 21:36:58,ID: 253,ID2: 166, Timer: 78197, RSSI: -57
2026-08-10 21:36:58,ID: 253,ID2: 166, Timer: 78218, RSSI: -57
2026-08-10 21:36:58,ID: 253,ID2: 166, Timer: 78225, RSSI: -56
2026-08-10 21:36:58,ID: 253,ID2: 166, Timer: 78239, RSSI: -57
2026-08-10 21:36:58,ID: 253,ID2: 166, Timer: 78246, RSSI: -56
2026-08-10 21:36:58,ID: 253,ID2: 166, Timer: 78253, RSSI: -58
2026-08-10 21:36:58,ID: 253,ID2: 166, Timer: 78260, RSSI: -57
2026-08-10 21:36:58,ID: 253,ID2: 166, Timer: 78267, RSSI: -56
2026-08-10 21:36:58,ID: 253,ID2: 166, Timer: 78295, RSSI: -58
2026-08-10 21:36:58,ID: 253,ID2: 166, Timer: 78302, RSSI: -57
2026-08-10 21:36:58,ID: 253,ID2: 166, Timer: 78316, RSSI: -58
2026-08-10 21:36:58,ID: 253,ID2: 166, Timer: 78330, RSSI: -56
2026-08-10 21:36:58,ID: 253,ID2: 166, Timer: 78337, RSSI: -58
2026-08-10 21:36:58,ID: 253,ID2: 166, Timer: 78344, RSSI: -57
2026-08-10 21:36:58,ID: 253,ID2: 166, Timer: 78358, RSSI: -58
2026-08-10 21:36:58,ID: 253,ID2: 166, Timer: 78379, RSSI: -58
2026-08-10 21:36:58,ID: 253,ID2: 166, Timer: 78386, RSSI: -57
2026-08-10 21:36:58,ID: 253,ID2: 166, Timer: 78386, RSSI: -57
2026-08-10 21:36:58,ID: 253,ID2: 166, Timer: 78393, RSSI: -56
2026-08-10 21:36:58,ID: 253,ID2: 166, Timer: 78400, RSSI: -58
2026-08-10 21:36:58,ID: 253,ID2: 166, Timer: 78407, RSSI: -57
2026-08-10 21:36:58,ID: 253,ID2: 166, Timer: 78414, RSSI: -56
2026-08-10 21:36:58,ID: 253,ID2: 166, Timer: 78428, RSSI: -57
2026-08-10 21:36:58,ID: 253,ID2: 166, Timer: 78442, RSSI: -58
2026-08-10 21:36:58,ID: 253,ID2: 166, Timer: 78456, RSSI: -56
2026-08-10 21:36:58,ID: 253,ID2: 166, Timer: 78470, RSSI: -57
2026-08-10 21:36:58,ID: 253,ID2: 166, Timer: 78498, RSSI: -56
2026-08-10 21:36:58,ID: 253,ID2: 166, Timer: 78512, RSSI: -57
2026-08-10 21:36:58,ID: 253,ID2: 166, Timer: 78533, RSSI: -57
2026-08-10 21:36:58,ID: 253,ID2: 166, Timer: 78540, RSSI: -56
2026-08-10 21:36:58,ID: 253,ID2: 166, Timer: 78554, RSSI: -57
2026-08-10 21:36:58,ID: 253,ID2: 166, Timer: 78554, RSSI: -57
2026-08-10 21:36:58,ID: 253,ID2: 166, Timer: 78568, RSSI: -58
2026-08-10 21:36:58,ID: 253,ID2: 166, Timer: 78575, RSSI: -57
2026-08-10 21:36:58,ID: 253,ID2: 166, Timer: 78589, RSSI: -58
2026-08-10 21:36:58,ID: 253,ID2: 166, Timer: 78596, RSSI: -57
2026-08-10 21:36:58,ID: 253,ID2: 166, Timer: 78610, RSSI: -58
2026-08-10 21:36:58,ID: 253,ID2: 166, Timer: 78617, RSSI: -57
2026-08-10 21:36:58,ID: 253,ID2: 166, Timer: 78638, RSSI: -57
2026-08-10 21:36:58,ID: 253,ID2: 166, Timer: 78638, RSSI: -57
2026-08-10 21:36:58,ID: 253,ID2: 166, Timer: 78645, RSSI: -56
2026-08-10 21:36:58,ID: 253,ID2: 166, Timer: 78652, RSSI: -58
2026-08-10 21:36:58,ID: 253,ID2: 166, Timer: 78659, RSSI: -57
2026-08-10 21:36:58,ID: 253,ID2: 166, Timer: 78666, RSSI: -56
2026-08-10 21:36:58,ID: 253,ID2: 166, Timer: 78673, RSSI: -58
2026-08-10 21:36:58,ID: 253,ID2: 166, Timer: 78680, RSSI: -57
2026-08-10 21:36:58,ID: 253,ID2: 166, Timer: 78680, RSSI: -57
2026-08-10 21:36:58,ID: 253,ID2: 166, Timer: 78694, RSSI: -58
2026-08-10 21:36:58,ID: 253,ID2: 166, Timer: 78708, RSSI: -56
2026-08-10 21:36:58,ID: 253,ID2: 166, Timer: 78715, RSSI: -58
2026-08-10 21:36:58,ID: 253,ID2: 166, Timer: 78722, RSSI: -57
2026-08-10 21:36:58,ID: 253,ID2: 166, Timer: 78743, RSSI: -57
2026-08-10 21:36:58,ID: 253,ID2: 166, Timer: 78764, RSSI: -57
2026-08-10 21:36:58,ID: 253,ID2: 166, Timer: 78764, RSSI: -57
2026-08-10 21:36:58,ID: 253,ID2: 166, Timer: 78778, RSSI: -58
2026-08-10 21:36:58,ID: 253,ID2: 166, Timer: 78792, RSSI: -56
2026-08-10 21:36:58,ID: 253,ID2: 166, Timer: 78806, RSSI: -57
2026-08-10 21:36:58,ID: 253,ID2: 166, Timer: 78827, RSSI: -57
2026-08-10 21:36:58,ID: 253,ID2: 166, Timer: 78841, RSSI: -58
2026-08-10 21:36:58,ID: 253,ID2: 166, Timer: 78848, RSSI: -57
2026-08-10 21:36:58,ID: 253,ID2: 166, Timer: 78862, RSSI: -58
2026-08-10 21:36:58,ID: 253,ID2: 166, Timer: 78876, RSSI: -56
2026-08-10 21:36:58,ID: 253,ID2: 166, Timer: 78890, RSSI: -57
2026-08-10 21:36:58,ID: 253,ID2: 166, Timer: 78932, RSSI: -57
2026-08-10 21:36:58,ID: 253,ID2: 166, Timer: 78932, RSSI: -57
2026-08-10 21:36:58,ID: 253,ID2: 166, Timer: 78946, RSSI: -58
2026-08-10 21:36:58,ID: 253,ID2: 166, Timer: 78953, RSSI: -57
2026-08-10 21:36:58,ID: 253,ID2: 166, Timer: 78960, RSSI: -61
2026-08-10 21:36:58,ID: 253,ID2: 166, Timer: 78974, RSSI: -56
2026-08-10 21:36:58,ID: 253,ID2: 166, Timer: 78981, RSSI: -57
2026-08-10 21:36:58,ID: 253,ID2: 166, Timer: 78995, RSSI: -56
2026-08-10 21:36:58,ID: 253,ID2: 166, Timer: 79002, RSSI: -59
2026-08-10 21:36:58,ID: 253,ID2: 166, Timer: 79016, RSSI: -55
2026-08-10 21:36:58,ID: 253,ID2: 166, Timer: 79023, RSSI: -51
2026-08-10 21:36:58,ID: 253,ID2: 166, Timer: 79030, RSSI: -61
2026-08-10 21:36:58,ID: 253,ID2: 166, Timer: 79051, RSSI: -62
2026-08-10 21:36:58,ID: 253,ID2: 166, Timer: 79058, RSSI: -57
2026-08-10 21:36:58,ID: 253,ID2: 166, Timer: 79065, RSSI: -52
2026-08-10 21:36:58,ID: 253,ID2: 166, Timer: 79072, RSSI: -62
2026-08-10 21:36:58,ID: 253,ID2: 166, Timer: 79086, RSSI: -49
2026-08-10 21:36:58,ID: 253,ID2: 166, Timer: 79093, RSSI: -60
2026-08-10 21:36:58,ID: 253,ID2: 166, Timer: 79100, RSSI: -57
2026-08-10 21:36:58,ID: 253,ID2: 166, Timer: 79100, RSSI: -56
2026-08-10 21:36:58,ID: 253,ID2: 166, Timer: 79107, RSSI: -50
2026-08-10 21:36:58,ID: 253,ID2: 166, Timer: 79114, RSSI: -61
2026-08-10 21:36:58,ID: 253,ID2: 166, Timer: 79121, RSSI: -58
2026-08-10 21:36:58,ID: 253,ID2: 166, Timer: 79128, RSSI: -49
2026-08-10 21:36:58,ID: 253,ID2: 166, Timer: 79142, RSSI: -53
2026-08-10 21:36:58,ID: 253,ID2: 166, Timer: 79163, RSSI: -53
2026-08-10 21:36:58,ID: 253,ID2: 166, Timer: 79184, RSSI: -53
2026-08-10 21:36:58,ID: 253,ID2: 166, Timer: 79191, RSSI: -49
2026-08-10 21:36:58,ID: 253,ID2: 166, Timer: 79212, RSSI: -48
2026-08-10 21:36:58,ID: 253,ID2: 166, Timer: 79226, RSSI: -53
2026-08-10 21:36:58,ID: 253,ID2: 166, Timer: 79240, RSSI: -59
2026-08-10 21:36:58,ID: 253,ID2: 166, Timer: 79261, RSSI: -60
2026-08-10 21:36:58,ID: 253,ID2: 166, Timer: 79268, RSSI: -54
2026-08-10 21:36:58,ID: 253,ID2: 166, Timer: 79268, RSSI: -54
2026-08-10 21:36:58,ID: 253,ID2: 166, Timer: 79289, RSSI: -54
2026-08-10 21:36:58,ID: 253,ID2: 166, Timer: 79310, RSSI: -54
2026-08-10 21:36:58,ID: 253,ID2: 166, Timer: 79352, RSSI: -54
2026-08-10 21:36:58,ID: 253,ID2: 166, Timer: 79373, RSSI: -54
2026-08-10 21:36:58,ID: 253,ID2: 166, Timer: 79394, RSSI: -54
2026-08-10 21:36:58,ID: 253,ID2: 166, Timer: 79401, RSSI: -49
2026-08-10 21:36:58,ID: 253,ID2: 166, Timer: 79415, RSSI: -54
2026-08-10 21:36:58,ID: 253,ID2: 166, Timer: 79429, RSSI: -60
2026-08-10 21:36:58,ID: 253,ID2: 166, Timer: 79436, RSSI: -54
2026-08-10 21:36:58,ID: 253,ID2: 166, Timer: 79457, RSSI: -55
2026-08-10 21:36:58,ID: 253,ID2: 166, Timer: 79471, RSSI: -60
2026-08-10 21:36:58,ID: 253,ID2: 166, Timer: 79478, RSSI: -56
2026-08-10 21:36:58,ID: 253,ID2: 166, Timer: 79485, RSSI: -51
2026-08-10 21:36:58,ID: 253,ID2: 166, Timer: 79506, RSSI: -52
2026-08-10 21:36:58,ID: 253,ID2: 166, Timer: 79520, RSSI: -56
2026-08-10 21:36:58,ID: 253,ID2: 166, Timer: 79520, RSSI: -55
2026-08-10 21:36:58,ID: 253,ID2: 166, Timer: 79527, RSSI: -52
2026-08-10 21:36:58,ID: 253,ID2: 166, Timer: 79562, RSSI: -55
2026-08-10 21:36:58,ID: 253,ID2: 166, Timer: 79569, RSSI: -52
2026-08-10 21:36:58,ID: 253,ID2: 166, Timer: 79576, RSSI: -58
2026-08-10 21:36:58,ID: 253,ID2: 166, Timer: 79604, RSSI: -55
2026-08-10 21:36:58,ID: 253,ID2: 166, Timer: 79618, RSSI: -58
2026-08-10 21:36:58,ID: 253,ID2: 166, Timer: 79625, RSSI: -55
2026-08-10 21:36:58,ID: 253,ID2: 166, Timer: 79632, RSSI: -52
2026-08-10 21:36:58,ID: 253,ID2: 166, Timer: 79646, RSSI: -56
2026-08-10 21:36:58,ID: 253,ID2: 166, Timer: 79646, RSSI: -56
2026-08-10 21:36:58,ID: 253,ID2: 166, Timer: 79660, RSSI: -60
2026-08-10 21:36:58,ID: 253,ID2: 166, Timer: 79667, RSSI: -56
2026-08-10 21:36:58,ID: 253,ID2: 166, Timer: 79674, RSSI: -52
2026-08-10 21:36:58,ID: 253,ID2: 166, Timer: 79688, RSSI: -56
2026-08-10 21:36:58,ID: 253,ID2: 166, Timer: 79702, RSSI: -60
2026-08-10 21:36:58,ID: 253,ID2: 166, Timer: 79723, RSSI: -60
2026-08-10 21:36:58,ID: 253,ID2: 166, Timer: 79730, RSSI: -56
2026-08-10 21:36:58,ID: 253,ID2: 166, Timer: 79765, RSSI: -59
2026-08-10 21:36:58,ID: 253,ID2: 166, Timer: 79772, RSSI: -56
2026-08-10 21:36:58,ID: 253,ID2: 166, Timer: 79779, RSSI: -52
2026-08-10 21:36:58,ID: 253,ID2: 166, Timer: 79786, RSSI: -59
2026-08-10 21:36:58,ID: 253,ID2: 166, Timer: 79814, RSSI: -56
2026-08-10 21:36:58,ID: 253,ID2: 166, Timer: 79821, RSSI: -52
2026-08-10 21:36:58,ID: 253,ID2: 166, Timer: 79842, RSSI: -52
2026-08-10 21:36:58,ID: 253,ID2: 166, Timer: 79856, RSSI: -56
2026-08-10 21:36:58,ID: 253,ID2: 166, Timer: 79870, RSSI: -60
2026-08-10 21:36:58,ID: 253,ID2: 166, Timer: 79884, RSSI: -52
2026-08-10 21:36:58,ID: 253,ID2: 166, Timer: 79891, RSSI: -60
2026-08-10 21:36:58,ID: 253,ID2: 166, Timer: 79898, RSSI: -56
2026-08-10 21:36:58,ID: 253,ID2: 166, Timer: 79898, RSSI: -56
2026-08-10 21:36:58,ID: 253,ID2: 166, Timer: 79926, RSSI: -52
2026-08-10 21:36:58,ID: 253,ID2: 166, Timer: 79940, RSSI: -56
2026-08-10 21:36:58,ID: 253,ID2: 166, Timer: 79961, RSSI: -56
2026-08-10 21:36:58,ID: 253,ID2: 166, Timer: 79996, RSSI: -60
2026-08-10 21:36:58,ID: 253,ID2: 166, Timer: 80003, RSSI: -56
2026-08-10 21:36:58,ID: 253,ID2: 166, Timer: 80024, RSSI: -56
2026-08-10 21:36:58,ID: 253,ID2: 166, Timer: 80031, RSSI: -52
2026-08-10 21:36:58,ID: 253,ID2: 166, Timer: 80038, RSSI: -58
2026-08-10 21:36:58,ID: 253,ID2: 166, Timer: 80066, RSSI: -56
2026-08-10 21:36:58,ID: 253,ID2: 166, Timer: 80066, RSSI: -56
2026-08-10 21:36:58,ID: 253,ID2: 166, Timer: 80073, RSSI: -52
2026-08-10 21:36:58,ID: 253,ID2: 166, Timer: 80101, RSSI: -63
2026-08-10 21:36:58,ID: 253,ID2: 166, Timer: 80108, RSSI: -62
2026-08-10 21:36:58,ID: 253,ID2: 166, Timer: 80108, RSSI: -62
2026-08-10 21:36:58,ID: 253,ID2: 166, Timer: 80122, RSSI: -60
2026-08-10 21:36:58,ID: 253,ID2: 166, Timer: 80129, RSSI: -63
2026-08-10 21:36:58,ID: 253,ID2: 166, Timer: 80150, RSSI: -63
2026-08-10 21:36:58,ID: 253,ID2: 166, Timer: 80185, RSSI: -61
2026-08-10 21:36:58,ID: 253,ID2: 166, Timer: 80192, RSSI: -63
2026-08-10 21:36:58,ID: 253,ID2: 166, Timer: 80213, RSSI: -63
2026-08-10 21:36:58,ID: 253,ID2: 166, Timer: 80220, RSSI: -52
2026-08-10 21:36:58,ID: 253,ID2: 166, Timer: 80234, RSSI: -63
2026-08-10 21:36:58,ID: 253,ID2: 166, Timer: 80241, RSSI: -52
2026-08-10 21:36:58,ID: 253,ID2: 166, Timer: 80255, RSSI: -63
2026-08-10 21:36:58,ID: 253,ID2: 166, Timer: 80276, RSSI: -63
2026-08-10 21:36:58,ID: 253,ID2: 166, Timer: 80276, RSSI: -63
2026-08-10 21:36:58,ID: 253,ID2: 166, Timer: 80283, RSSI: -52
2026-08-10 21:36:58,ID: 253,ID2: 166, Timer: 80318, RSSI: -63
2026-08-10 21:36:58,ID: 253,ID2: 166, Timer: 80318, RSSI: -63
2026-08-10 21:36:58,ID: 253,ID2: 166, Timer: 80332, RSSI: -61
2026-08-10 21:36:58,ID: 253,ID2: 166, Timer: 80353, RSSI: -61
2026-08-10 21:36:58,ID: 253,ID2: 166, Timer: 80360, RSSI: -62
2026-08-10 21:36:58,ID: 253,ID2: 166, Timer: 80367, RSSI: -52
2026-08-10 21:36:58,ID: 253,ID2: 166, Timer: 80402, RSSI: -64
2026-08-10 21:36:58,ID: 253,ID2: 166, Timer: 80430, RSSI: -51
2026-08-10 21:36:58,ID: 253,ID2: 166, Timer: 80444, RSSI: -64
2026-08-10 21:36:58,ID: 253,ID2: 166, Timer: 80451, RSSI: -51
2026-08-10 21:36:58,ID: 253,ID2: 166, Timer: 80465, RSSI: -64
2026-08-10 21:36:58,ID: 253,ID2: 166, Timer: 80479, RSSI: -61
2026-08-10 21:36:58,ID: 253,ID2: 166, Timer: 80486, RSSI: -64
2026-08-10 21:36:58,ID: 253,ID2: 166, Timer: 80507, RSSI: -64
2026-08-10 21:36:58,ID: 253,ID2: 166, Timer: 80528, RSSI: -64
2026-08-10 21:36:58,ID: 253,ID2: 166, Timer: 80542, RSSI: -61
2026-08-10 21:36:58,ID: 253,ID2: 166, Timer: 80549, RSSI: -64
2026-08-10 21:36:58,ID: 253,ID2: 166, Timer: 80556, RSSI: -52
2026-08-10 21:36:58,ID: 253,ID2: 166, Timer: 80563, RSSI: -61
2026-08-10 21:36:58,ID: 253,ID2: 166, Timer: 80570, RSSI: -64
2026-08-10 21:36:58,ID: 253,ID2: 166, Timer: 80598, RSSI: -52
2026-08-10 21:36:58,ID: 253,ID2: 166, Timer: 80612, RSSI: -64
2026-08-10 21:36:58,ID: 253,ID2: 166, Timer: 80612, RSSI: -64
2026-08-10 21:36:58,ID: 253,ID2: 166, Timer: 80619, RSSI: -52
2026-08-10 21:36:58,ID: 253,ID2: 166, Timer: 80633, RSSI: -64
2026-08-10 21:36:58,ID: 253,ID2: 166, Timer: 80640, RSSI: -52
2026-08-10 21:36:58,ID: 253,ID2: 166, Timer: 80654, RSSI: -64
2026-08-10 21:36:58,ID: 253,ID2: 166, Timer: 80654, RSSI: -64
2026-08-10 21:36:58,ID: 253,ID2: 166, Timer: 80661, RSSI: -52
2026-08-10 21:36:58,ID: 253,ID2: 166, Timer: 80675, RSSI: -64
2026-08-10 21:36:58,ID: 253,ID2: 166, Timer: 80696, RSSI: -64
2026-08-10 21:36:58,ID: 253,ID2: 166, Timer: 80696, RSSI: -64
2026-08-10 21:36:58,ID: 253,ID2: 166, Timer: 80738, RSSI: -64
2026-08-10 21:36:58,ID: 253,ID2: 166, Timer: 80752, RSSI: -60
2026-08-10 21:36:58,ID: 253,ID2: 166, Timer: 80766, RSSI: -52
2026-08-10 21:36:58,ID: 253,ID2: 166, Timer: 80780, RSSI: -64
2026-08-10 21:36:58,ID: 253,ID2: 166, Timer: 80780, RSSI: -64
2026-08-10 21:36:58,ID: 253,ID2: 166, Timer: 80801, RSSI: -64
2026-08-10 21:36:58,ID: 253,ID2: 166, Timer: 80815, RSSI: -61
2026-08-10 21:36:58,ID: 253,ID2: 166, Timer: 80822, RSSI: -64
2026-08-10 21:36:58,ID: 253,ID2: 166, Timer: 80836, RSSI: -61
2026-08-10 21:36:58,ID: 253,ID2: 166, Timer: 80850, RSSI: -52
2026-08-10 21:36:58,ID: 253,ID2: 166, Timer: 80864, RSSI: -64
2026-08-10 21:36:58,ID: 253,ID2: 166, Timer: 80871, RSSI: -52
2026-08-10 21:36:58,ID: 253,ID2: 166, Timer: 80892, RSSI: -52
2026-08-10 21:36:58,ID: 253,ID2: 166, Timer: 80899, RSSI: -61
2026-08-10 21:36:58,ID: 253,ID2: 166, Timer: 80906, RSSI: -63
2026-08-10 21:36:58,ID: 253,ID2: 166, Timer: 80913, RSSI: -52
2026-08-10 21:36:58,ID: 253,ID2: 166, Timer: 80920, RSSI: -61
2026-08-10 21:36:58,ID: 253,ID2: 166, Timer: 80934, RSSI: -52
2026-08-10 21:36:58,ID: 253,ID2: 166, Timer: 80941, RSSI: -61
2026-08-10 21:36:58,ID: 253,ID2: 166, Timer: 80948, RSSI: -64
2026-08-10 21:36:58,ID: 253,ID2: 166, Timer: 80948, RSSI: -64
2026-08-10 21:36:58,ID: 253,ID2: 166, Timer: 80955, RSSI: -51
2026-08-10 21:36:58,ID: 253,ID2: 166, Timer: 80990, RSSI: -64
2026-08-10 21:36:58,ID: 253,ID2: 166, Timer: 81004, RSSI: -61
2026-08-10 21:36:58,ID: 253,ID2: 166, Timer: 81018, RSSI: -52
2026-08-10 21:36:58,ID: 253,ID2: 166, Timer: 81025, RSSI: -61
2026-08-10 21:36:58,ID: 253,ID2: 166, Timer: 81032, RSSI: -64
2026-08-10 21:36:58,ID: 253,ID2: 166, Timer: 81060, RSSI: -52
2026-08-10 21:36:58,ID: 253,ID2: 166, Timer: 81067, RSSI: -61
2026-08-10 21:36:58,ID: 253,ID2: 166, Timer: 81074, RSSI: -64
2026-08-10 21:36:58,ID: 253,ID2: 166, Timer: 81088, RSSI: -61
2026-08-10 21:36:58,ID: 253,ID2: 166, Timer: 81116, RSSI: -64
2026-08-10 21:36:58,ID: 253,ID2: 166, Timer: 81130, RSSI: -61
2026-08-10 21:36:58,ID: 253,ID2: 166, Timer: 81137, RSSI: -64
2026-08-10 21:36:58,ID: 253,ID2: 166, Timer: 81158, RSSI: -64
2026-08-10 21:36:58,ID: 253,ID2: 166, Timer: 81179, RSSI: -64
2026-08-10 21:36:58,ID: 253,ID2: 166, Timer: 81200, RSSI: -64
2026-08-10 21:36:58,ID: 253,ID2: 166, Timer: 81221, RSSI: -63
2026-08-10 21:36:58,ID: 253,ID2: 166, Timer: 81242, RSSI: -63
2026-08-10 21:36:58,ID: 253,ID2: 166, Timer: 81256, RSSI: -63
2026-08-10 21:36:58,ID: 253,ID2: 166, Timer: 81263, RSSI: -60
2026-08-10 21:36:58,ID: 253,ID2: 166, Timer: 81270, RSSI: -53
2026-08-10 21:36:58,ID: 253,ID2: 166, Timer: 81284, RSSI: -57
2026-08-10 21:36:58,ID: 253,ID2: 166, Timer: 81291, RSSI: -53
2026-08-10 21:36:58,ID: 253,ID2: 166, Timer: 81298, RSSI: -61
2026-08-10 21:36:58,ID: 253,ID2: 166, Timer: 81312, RSSI: -51
2026-08-10 21:36:58,ID: 253,ID2: 166, Timer: 81326, RSSI: -40
2026-08-10 21:36:58,ID: 253,ID2: 166, Timer: 81333, RSSI: -37
2026-08-10 21:36:58,ID: 253,ID2: 166, Timer: 81354, RSSI: -37
2026-08-10 21:36:58,ID: 253,ID2: 166, Timer: 81361, RSSI: -42
2026-08-10 21:36:58,ID: 253,ID2: 166, Timer: 81368, RSSI: -40
2026-08-10 21:36:58,ID: 253,ID2: 166, Timer: 81368, RSSI: -40
2026-08-10 21:36:58,ID: 253,ID2: 166, Timer: 81389, RSSI: -40
2026-08-10 21:36:58,ID: 253,ID2: 166, Timer: 81403, RSSI: -42
2026-08-10 21:36:58,ID: 253,ID2: 166, Timer: 81410, RSSI: -40
2026-08-10 21:36:58,ID: 253,ID2: 166, Timer: 81424, RSSI: -42
2026-08-10 21:36:58,ID: 253,ID2: 166, Timer: 81431, RSSI: -40
2026-08-10 21:36:58,ID: 253,ID2: 166, Timer: 81445, RSSI: -42
2026-08-10 21:36:58,ID: 253,ID2: 166, Timer: 81452, RSSI: -40
2026-08-10 21:36:58,ID: 253,ID2: 166, Timer: 81452, RSSI: -40
2026-08-10 21:36:58,ID: 253,ID2: 166, Timer: 81487, RSSI: -42
2026-08-10 21:36:58,ID: 253,ID2: 166, Timer: 81494, RSSI: -40
2026-08-10 21:36:58,ID: 253,ID2: 166, Timer: 81494, RSSI: -40
2026-08-10 21:36:58,ID: 253,ID2: 166, Timer: 81508, RSSI: -42
2026-08-10 21:36:58,ID: 253,ID2: 166, Timer: 81529, RSSI: -42
2026-08-10 21:36:58,ID: 253,ID2: 166, Timer: 81536, RSSI: -40
2026-08-10 21:36:58,ID: 253,ID2: 166, Timer: 81557, RSSI: -40
2026-08-10 21:36:58,ID: 253,ID2: 166, Timer: 81571, RSSI: -42
2026-08-10 21:36:58,ID: 253,ID2: 166, Timer: 81578, RSSI: -40
2026-08-10 21:36:58,ID: 253,ID2: 166, Timer: 81585, RSSI: -38
2026-08-10 21:36:58,ID: 253,ID2: 166, Timer: 81606, RSSI: -38
2026-08-10 21:36:58,ID: 253,ID2: 166, Timer: 81613, RSSI: -42
2026-08-10 21:36:58,ID: 253,ID2: 166, Timer: 81634, RSSI: -42
2026-08-10 21:36:58,ID: 253,ID2: 166, Timer: 81641, RSSI: -40
2026-08-10 21:36:58,ID: 253,ID2: 166, Timer: 81655, RSSI: -42
2026-08-10 21:36:58,ID: 253,ID2: 166, Timer: 81662, RSSI: -40
2026-08-10 21:36:58,ID: 253,ID2: 166, Timer: 81669, RSSI: -38
2026-08-10 21:36:58,ID: 253,ID2: 166, Timer: 81676, RSSI: -42
2026-08-10 21:36:58,ID: 253,ID2: 166, Timer: 81690, RSSI: -38
2026-08-10 21:36:58,ID: 253,ID2: 166, Timer: 81704, RSSI: -40
2026-08-10 21:36:58,ID: 253,ID2: 166, Timer: 81718, RSSI: -42
2026-08-10 21:36:58,ID: 253,ID2: 166, Timer: 81725, RSSI: -40
2026-08-10 21:36:58,ID: 253,ID2: 166, Timer: 81746, RSSI: -40
2026-08-10 21:36:58,ID: 253,ID2: 166, Timer: 81774, RSSI: -38
2026-08-10 21:36:58,ID: 253,ID2: 166, Timer: 81788, RSSI: -40
2026-08-10 21:36:58,ID: 253,ID2: 166, Timer: 81830, RSSI: -40
2026-08-10 21:36:58,ID: 253,ID2: 166, Timer: 81844, RSSI: -42
2026-08-10 21:36:58,ID: 253,ID2: 166, Timer: 81851, RSSI: -40
2026-08-10 21:36:58,ID: 253,ID2: 166, Timer: 81865, RSSI: -42
2026-08-10 21:36:58,ID: 253,ID2: 166, Timer: 81872, RSSI: -40
2026-08-10 21:36:58,ID: 253,ID2: 166, Timer: 81886, RSSI: -42
2026-08-10 21:36:58,ID: 253,ID2: 166, Timer: 81914, RSSI: -40
2026-08-10 21:36:58,ID: 253,ID2: 166, Timer: 81928, RSSI: -42
2026-08-10 21:36:58,ID: 253,ID2: 166, Timer: 81942, RSSI: -37
2026-08-10 21:36:58,ID: 253,ID2: 166, Timer: 81949, RSSI: -42
2026-08-10 21:36:58,ID: 253,ID2: 166, Timer: 81956, RSSI: -40
2026-08-10 21:36:58,ID: 253,ID2: 166, Timer: 81963, RSSI: -38
2026-08-10 21:36:58,ID: 253,ID2: 166, Timer: 81977, RSSI: -40
2026-08-10 21:36:58,ID: 253,ID2: 166, Timer: 81984, RSSI: -38
2026-08-10 21:36:58,ID: 253,ID2: 166, Timer: 81998, RSSI: -40
2026-08-10 21:36:58,ID: 253,ID2: 166, Timer: 82012, RSSI: -42
2026-08-10 21:36:58,ID: 253,ID2: 166, Timer: 82026, RSSI: -38
2026-08-10 21:36:58,ID: 253,ID2: 166, Timer: 82040, RSSI: -40
2026-08-10 21:36:58,ID: 253,ID2: 166, Timer: 82054, RSSI: -42
2026-08-10 21:36:58,ID: 253,ID2: 166, Timer: 82068, RSSI: -38
2026-08-10 21:36:58,ID: 253,ID2: 166, Timer: 82075, RSSI: -42
2026-08-10 21:36:58,ID: 253,ID2: 166, Timer: 82082, RSSI: -40
2026-08-10 21:36:58,ID: 253,ID2: 166, Timer: 82089, RSSI: -38
2026-08-10 21:36:58,ID: 253,ID2: 166, Timer: 82103, RSSI: -40
2026-08-10 21:36:58,ID: 253,ID2: 166, Timer: 82110, RSSI: -38
2026-08-10 21:36:58,ID: 253,ID2: 166, Timer: 82117, RSSI: -42
2026-08-10 21:36:58,ID: 253,ID2: 166, Timer: 82124, RSSI: -40
2026-08-10 21:36:58,ID: 253,ID2: 166, Timer: 82145, RSSI: -40
2026-08-10 21:36:58,ID: 253,ID2: 166, Timer: 82159, RSSI: -42
2026-08-10 21:36:58,ID: 253,ID2: 166, Timer: 82166, RSSI: -40
2026-08-10 21:36:58,ID: 253,ID2: 166, Timer: 82173, RSSI: -38
2026-08-10 21:36:58,ID: 253,ID2: 166, Timer: 82180, RSSI: -42
2026-08-10 21:36:58,ID: 253,ID2: 166, Timer: 82208, RSSI: -40
2026-08-10 21:36:58,ID: 253,ID2: 166, Timer: 82215, RSSI: -38
2026-08-10 21:36:58,ID: 253,ID2: 166, Timer: 82222, RSSI: -42
2026-08-10 21:36:58,ID: 253,ID2: 166, Timer: 82229, RSSI: -40
2026-08-10 21:36:58,ID: 253,ID2: 166, Timer: 82243, RSSI: -42
2026-08-10 21:36:58,ID: 253,ID2: 166, Timer: 82250, RSSI: -40
2026-08-10 21:36:58,ID: 253,ID2: 166, Timer: 82250, RSSI: -40
2026-08-10 21:36:58,ID: 253,ID2: 166, Timer: 82257, RSSI: -38
2026-08-10 21:36:58,ID: 253,ID2: 166, Timer: 82264, RSSI: -42
2026-08-10 21:36:58,ID: 253,ID2: 166, Timer: 82278, RSSI: -38
2026-08-10 21:36:58,ID: 253,ID2: 166, Timer: 82285, RSSI: -42
2026-08-10 21:36:58,ID: 253,ID2: 166, Timer: 82292, RSSI: -40
2026-08-10 21:36:58,ID: 253,ID2: 166, Timer: 82306, RSSI: -42
2026-08-10 21:36:58,ID: 253,ID2: 166, Timer: 82334, RSSI: -40
2026-08-10 21:36:58,ID: 253,ID2: 166, Timer: 82334, RSSI: -40
2026-08-10 21:36:58,ID: 253,ID2: 166, Timer: 82355, RSSI: -40
2026-08-10 21:36:58,ID: 253,ID2: 166, Timer: 82362, RSSI: -38
2026-08-10 21:36:58,ID: 253,ID2: 166, Timer: 82376, RSSI: -40
2026-08-10 21:36:58,ID: 253,ID2: 166, Timer: 82390, RSSI: -42
2026-08-10 21:36:58,ID: 253,ID2: 166, Timer: 82418, RSSI: -40
2026-08-10 21:36:58,ID: 253,ID2: 166, Timer: 82418, RSSI: -40
2026-08-10 21:36:58,ID: 253,ID2: 166, Timer: 82432, RSSI: -42
2026-08-10 21:36:58,ID: 253,ID2: 166, Timer: 82446, RSSI: -38
2026-08-10 21:36:58,ID: 253,ID2: 166, Timer: 82460, RSSI: -40
2026-08-10 21:36:58,ID: 253,ID2: 166, Timer: 82474, RSSI: -42
2026-08-10 21:36:58,ID: 253,ID2: 166, Timer: 82488, RSSI: -48
2026-08-10 21:36:58,ID: 253,ID2: 166, Timer: 82502, RSSI: -53
2026-08-10 21:36:58,ID: 253,ID2: 166, Timer: 82530, RSSI: -47
2026-08-10 21:36:58,ID: 253,ID2: 166, Timer: 82537, RSSI: -57
2026-08-10 21:36:58,ID: 253,ID2: 166, Timer: 82544, RSSI: -53
2026-08-10 21:36:58,ID: 253,ID2: 166, Timer: 82544, RSSI: -53
2026-08-10 21:36:58,ID: 253,ID2: 166, Timer: 82558, RSSI: -57
2026-08-10 21:36:58,ID: 253,ID2: 166, Timer: 82579, RSSI: -57
2026-08-10 21:36:58,ID: 253,ID2: 166, Timer: 82586, RSSI: -53
2026-08-10 21:36:58,ID: 253,ID2: 166, Timer: 82607, RSSI: -53
2026-08-10 21:36:58,ID: 253,ID2: 166, Timer: 82614, RSSI: -47
2026-08-10 21:36:58,ID: 253,ID2: 166, Timer: 82628, RSSI: -53
2026-08-10 21:36:58,ID: 253,ID2: 166, Timer: 82635, RSSI: -47
2026-08-10 21:36:58,ID: 253,ID2: 166, Timer: 82656, RSSI: -47
2026-08-10 21:36:58,ID: 253,ID2: 166, Timer: 82663, RSSI: -57
2026-08-10 21:36:58,ID: 253,ID2: 166, Timer: 82670, RSSI: -53
2026-08-10 21:36:58,ID: 253,ID2: 166, Timer: 82670, RSSI: -53
2026-08-10 21:36:58,ID: 253,ID2: 166, Timer: 82684, RSSI: -57
2026-08-10 21:36:58,ID: 253,ID2: 166, Timer: 82712, RSSI: -53
2026-08-10 21:36:58,ID: 253,ID2: 166, Timer: 82712, RSSI: -53
2026-08-10 21:36:58,ID: 253,ID2: 166, Timer: 82719, RSSI: -47
2026-08-10 21:36:58,ID: 253,ID2: 166, Timer: 82754, RSSI: -53
2026-08-10 21:36:58,ID: 253,ID2: 166, Timer: 82761, RSSI: -47
2026-08-10 21:36:58,ID: 253,ID2: 166, Timer: 82768, RSSI: -57
2026-08-10 21:36:58,ID: 253,ID2: 166, Timer: 82789, RSSI: -57
2026-08-10 21:36:58,ID: 253,ID2: 166, Timer: 82796, RSSI: -53
2026-08-10 21:36:58,ID: 253,ID2: 166, Timer: 82810, RSSI: -57
2026-08-10 21:36:58,ID: 253,ID2: 166, Timer: 82817, RSSI: -53
2026-08-10 21:36:58,ID: 253,ID2: 166, Timer: 82824, RSSI: -47
2026-08-10 21:36:58,ID: 253,ID2: 166, Timer: 82831, RSSI: -57
2026-08-10 21:36:58,ID: 253,ID2: 166, Timer: 82838, RSSI: -53
2026-08-10 21:36:58,ID: 253,ID2: 166, Timer: 82859, RSSI: -53
2026-08-10 21:36:58,ID: 253,ID2: 166, Timer: 82873, RSSI: -57
2026-08-10 21:36:58,ID: 253,ID2: 166, Timer: 82880, RSSI: -53
2026-08-10 21:36:58,ID: 253,ID2: 166, Timer: 82894, RSSI: -57
2026-08-10 21:36:58,ID: 253,ID2: 166, Timer: 82915, RSSI: -57
2026-08-10 21:36:58,ID: 253,ID2: 166, Timer: 82922, RSSI: -53
2026-08-10 21:36:58,ID: 253,ID2: 166, Timer: 82957, RSSI: -57
2026-08-10 21:36:58,ID: 253,ID2: 166, Timer: 82964, RSSI: -53
2026-08-10 21:36:58,ID: 253,ID2: 166, Timer: 82964, RSSI: -53
2026-08-10 21:36:58,ID: 253,ID2: 166, Timer: 82978, RSSI: -57
2026-08-10 21:36:58,ID: 253,ID2: 166, Timer: 82985, RSSI: -53
2026-08-10 21:36:58,ID: 253,ID2: 166, Timer: 82999, RSSI: -57
2026-08-10 21:36:58,ID: 253,ID2: 166, Timer: 83006, RSSI: -53
2026-08-10 21:36:58,ID: 253,ID2: 166, Timer: 83013, RSSI: -47
2026-08-10 21:36:58,ID: 253,ID2: 166, Timer: 83034, RSSI: -47
2026-08-10 21:36:58,ID: 253,ID2: 166, Timer: 83041, RSSI: -57
2026-08-10 21:36:58,ID: 253,ID2: 166, Timer: 83048, RSSI: -53
2026-08-10 21:36:58,ID: 253,ID2: 166, Timer: 83076, RSSI: -47
2026-08-10 21:36:58,ID: 253,ID2: 166, Timer: 83090, RSSI: -53
2026-08-10 21:36:58,ID: 253,ID2: 166, Timer: 83104, RSSI: -57
2026-08-10 21:36:58,ID: 253,ID2: 166, Timer: 83118, RSSI: -47
2026-08-10 21:36:58,ID: 253,ID2: 166, Timer: 83125, RSSI: -57
2026-08-10 21:36:58,ID: 253,ID2: 166, Timer: 83132, RSSI: -53
2026-08-10 21:36:58,ID: 253,ID2: 166, Timer: 83146, RSSI: -57
2026-08-10 21:36:58,ID: 253,ID2: 166, Timer: 83160, RSSI: -47
2026-08-10 21:36:58,ID: 253,ID2: 166, Timer: 83167, RSSI: -57
2026-08-10 21:36:58,ID: 253,ID2: 166, Timer: 83174, RSSI: -53
2026-08-10 21:36:58,ID: 253,ID2: 166, Timer: 83188, RSSI: -57
2026-08-10 21:36:58,ID: 253,ID2: 166, Timer: 83195, RSSI: -53
2026-08-10 21:36:58,ID: 253,ID2: 166, Timer: 83202, RSSI: -47
2026-08-10 21:36:58,ID: 253,ID2: 166, Timer: 83209, RSSI: -57
2026-08-10 21:36:58,ID: 253,ID2: 166, Timer: 83216, RSSI: -53
2026-08-10 21:36:58,ID: 253,ID2: 166, Timer: 83237, RSSI: -53
2026-08-10 21:36:58,ID: 253,ID2: 166, Timer: 83244, RSSI: -47
2026-08-10 21:36:58,ID: 253,ID2: 166, Timer: 83258, RSSI: -53
2026-08-10 21:36:58,ID: 253,ID2: 166, Timer: 83265, RSSI: -47
2026-08-10 21:36:58,ID: 253,ID2: 166, Timer: 83293, RSSI: -57
2026-08-10 21:36:58,ID: 253,ID2: 166, Timer: 83300, RSSI: -53
2026-08-10 21:36:58,ID: 253,ID2: 166, Timer: 83307, RSSI: -47
2026-08-10 21:36:58,ID: 253,ID2: 166, Timer: 83321, RSSI: -53
2026-08-10 21:36:58,ID: 253,ID2: 166, Timer: 83342, RSSI: -53
2026-08-10 21:36:58,ID: 253,ID2: 166, Timer: 83349, RSSI: -47
2026-08-10 21:36:58,ID: 253,ID2: 166, Timer: 83356, RSSI: -57
2026-08-10 21:36:58,ID: 253,ID2: 166, Timer: 83363, RSSI: -53
2026-08-10 21:36:58,ID: 253,ID2: 166, Timer: 83384, RSSI: -53
2026-08-10 21:36:58,ID: 253,ID2: 166, Timer: 83391, RSSI: -47
2026-08-10 21:36:58,ID: 253,ID2: 166, Timer: 83398, RSSI: -57
2026-08-10 21:36:58,ID: 253,ID2: 166, Timer: 83412, RSSI: -47
2026-08-10 21:36:58,ID: 253,ID2: 166, Timer: 83426, RSSI: -53
2026-08-10 21:36:58,ID: 253,ID2: 166, Timer: 83440, RSSI: -57
2026-08-10 21:36:58,ID: 253,ID2: 166, Timer: 83447, RSSI: -53
2026-08-10 21:36:58,ID: 253,ID2: 166, Timer: 83454, RSSI: -47
2026-08-10 21:36:58,ID: 253,ID2: 166, Timer: 83468, RSSI: -53
2026-08-10 21:36:58,ID: 253,ID2: 166, Timer: 83468, RSSI: -53
2026-08-10 21:36:58,ID: 253,ID2: 166, Timer: 83510, RSSI: -53
2026-08-10 21:36:58,ID: 253,ID2: 166, Timer: 83510, RSSI: -53
2026-08-10 21:36:58,ID: 253,ID2: 166, Timer: 83517, RSSI: -47
2026-08-10 21:36:58,ID: 253,ID2: 166, Timer: 83531, RSSI: -53
2026-08-10 21:36:58,ID: 253,ID2: 166, Timer: 83545, RSSI: -57
2026-08-10 21:36:58,ID: 253,ID2: 166, Timer: 83552, RSSI: -53
2026-08-10 21:36:58,ID: 253,ID2: 166, Timer: 83580, RSSI: -47
2026-08-10 21:36:58,ID: 253,ID2: 166, Timer: 83594, RSSI: -53
2026-08-10 21:36:58,ID: 253,ID2: 166, Timer: 83608, RSSI: -57
2026-08-10 21:36:58,ID: 253,ID2: 166, Timer: 83636, RSSI: -53
2026-08-10 21:36:58,ID: 253,ID2: 166, Timer: 83650, RSSI: -57
2026-08-10 21:36:58,ID: 253,ID2: 166, Timer: 83657, RSSI: -53
2026-08-10 21:36:58,ID: 253,ID2: 166, Timer: 83671, RSSI: -57
2026-08-10 21:36:58,ID: 253,ID2: 166, Timer: 83678, RSSI: -53
2026-08-10 21:36:58,ID: 253,Current Timer: 90824
2026-08-10 21:36:58,ID: 253,Contact Count: 0
2026-08-10 21:36:58,ID: 253,Voltage: 1809
2026-08-10 21:36:59,ID: 253,Current Timer: 90824
2026-08-10 21:36:59,ID: 253,Contact Count: 0
2026-08-10 21:36:59,ID: 253,Voltage: 1809
2026-08-10 21:36:59,ID: 253,Current Timer: 90825
2026-08-10 21:36:59,ID: 253,Contact Count: 0
2026-08-10 21:36:59,ID: 253,Voltage: 1809
2026-08-10 21:37:00,ID: 253,Current Timer: 90825
2026-08-10 21:37:00,ID: 253,Contact Count: 1
2026-08-10 21:37:00,ID: 253,Voltage: 1809
2026-08-10 21:37:00,ID: 253,ID2: 166, Timer: 90825, RSSI: -49
2026-08-10 21:37:00,ID: 253,Current Timer: 90826
2026-08-10 21:37:00,ID: 253,Contact Count: 0
2026-08-10 21:37:00,ID: 253,Voltage: 1809
2026-08-10 21:37:00,ID: 253,Current Timer: 90826
2026-08-10 21:37:00,ID: 253,Contact Count: 0
2026-08-10 21:37:00,ID: 253,Voltage: 1809
2026-08-10 21:37:01,ID: 253,Current Timer: 90826
2026-08-10 21:37:01,ID: 253,Contact Count: 0
2026-08-10 21:37:01,ID: 253,Voltage: 1809
2026-08-10 21:37:01,ID: 253,Current Timer: 90827
2026-08-10 21:37:01,ID: 253,Contact Count: 0
2026-08-10 21:37:01,ID: 253,Voltage: 1809
2026-08-10 21:37:02,ID: 253,Current Timer: 90827
2026-08-10 21:37:02,ID: 253,Contact Count: 0
2026-08-10 21:37:02,ID: 253,Voltage: 1809
2026-08-10 21:37:02,ID: 253,Current Timer: 90828
2026-08-10 21:37:02,ID: 253,Contact Count: 0
2026-08-10 21:37:02,ID: 253,Voltage: 1809
2026-08-10 21:37:03,ID: 253,Current Timer: 90828
2026-08-10 21:37:03,ID: 253,Contact Count: 0
2026-08-10 21:37:03,ID: 253,Voltage: 1809
2026-08-10 21:37:03,ID: 253,Current Timer: 90829
2026-08-10 21:37:03,ID: 253,Contact Count: 0
2026-08-10 21:37:03,ID: 253,Voltage: 1809
2026-08-10 21:40:29,ID: 253,Current Timer: 91035
2026-08-10 21:40:29,ID: 253,Contact Count: 14
2026-08-10 21:40:29,ID: 253,Voltage: 1809
2026-08-10 21:40:29,ID: 253,ID2: 166, Timer: 90846, RSSI: -48
2026-08-10 21:40:29,ID: 253,ID2: 166, Timer: 90860, RSSI: -48
2026-08-10 21:40:29,ID: 253,ID2: 166, Timer: 90895, RSSI: -51
2026-08-10 21:40:29,ID: 253,ID2: 166, Timer: 90916, RSSI: -50
2026-08-10 21:40:29,ID: 253,ID2: 166, Timer: 90930, RSSI: -51
2026-08-10 21:40:29,ID: 253,ID2: 166, Timer: 90937, RSSI: -51
2026-08-10 21:40:29,ID: 253,ID2: 166, Timer: 90944, RSSI: -50
2026-08-10 21:40:29,ID: 253,ID2: 166, Timer: 90944, RSSI: -49
2026-08-10 21:40:29,ID: 253,ID2: 166, Timer: 90951, RSSI: -51
2026-08-10 21:40:29,ID: 253,ID2: 166, Timer: 90965, RSSI: -50
2026-08-10 21:40:29,ID: 253,ID2: 166, Timer: 90972, RSSI: -51
2026-08-10 21:40:29,ID: 253,ID2: 166, Timer: 90986, RSSI: -50
2026-08-10 21:40:29,ID: 253,ID2: 166, Timer: 90993, RSSI: -51
2026-08-10 21:40:29,ID: 253,ID2: 166, Timer: 91028, RSSI: -50
2026-08-10 21:40:30,ID: 253,Current Timer: 91035
2026-08-10 21:40:30,ID: 253,Contact Count: 0
2026-08-10 21:40:30,ID: 253,Voltage: 1809
2026-08-10 21:40:30,ID: 253,Current Timer: 91036
2026-08-10 21:40:30,ID: 253,Contact Count: 0
2026-08-10 21:40:30,ID: 253,Voltage: 1809
2026-08-10 21:40:31,ID: 253,Current Timer: 91036
2026-08-10 21:40:31,ID: 253,Contact Count: 0
2026-08-10 21:40:31,ID: 253,Voltage: 1809
2026-08-10 21:40:31,ID: 253,Current Timer: 91037
2026-08-10 21:40:31,ID: 253,Contact Count: 0
2026-08-10 21:40:31,ID: 253,Voltage: 1809
2026-08-10 21:40:32,ID: 253,Current Timer: 91037
2026-08-10 21:40:32,ID: 253,Contact Count: 0
2026-08-10 21:40:32,ID: 253,Voltage: 1809
2026-08-10 21:40:32,ID: 253,Current Timer: 91038
2026-08-10 21:40:32,ID: 253,Contact Count: 0
2026-08-10 21:40:32,ID: 253,Voltage: 1809
2026-08-10 21:40:33,ID: 253,Current Timer: 91039
2026-08-10 21:40:33,ID: 253,Contact Count: 0
2026-08-10 21:40:33,ID: 253,Voltage: 1809
2026-08-10 21:40:34,ID: 253,Current Timer: 91039
2026-08-10 21:40:34,ID: 253,Contact Count: 0
2026-08-10 21:40:34,ID: 253,Voltage: 1809
2026-08-10 21:40:34,ID: 253,Current Timer: 91040
2026-08-10 21:40:34,ID: 253,Contact Count: 0
2026-08-10 21:40:34,ID: 253,Voltage: 1809
2026-08-10 21:40:35,ID: 253,Current Timer: 91040
2026-08-10 21:40:35,ID: 253,Contact Count: 0
2026-08-10 21:40:35,ID: 253,Voltage: 1809
2026-08-10 21:40:35,ID: 253,Current Timer: 91041
2026-08-10 21:40:35,ID: 253,Contact Count: 0
2026-08-10 21:40:35,ID: 253,Voltage: 1809
2026-08-10 21:40:36,ID: 253,Current Timer: 91041
2026-08-10 21:40:36,ID: 253,Contact Count: 0
2026-08-10 21:40:36,ID: 253,Voltage: 1809
2026-08-10 21:40:36,ID: 253,Current Timer: 91042
2026-08-10 21:40:36,ID: 253,Contact Count: 0
2026-08-10 21:40:36,ID: 253,Voltage: 1809
2026-08-10 21:40:37,ID: 253,Current Timer: 91042
2026-08-10 21:40:37,ID: 253,Contact Count: 0
2026-08-10 21:40:37,ID: 253,Voltage: 1809
2026-08-10 21:40:37,ID: 253,Current Timer: 91042
2026-08-10 21:40:37,ID: 253,Contact Count: 0
2026-08-10 21:40:37,ID: 253,Voltage: 1809
2026-08-10 21:40:37,ID: 253,Current Timer: 91043
2026-08-10 21:40:37,ID: 253,Contact Count: 0
2026-08-10 21:40:37,ID: 253,Voltage: 1809
2026-08-10 21:40:38,ID: 253,Current Timer: 91043
2026-08-10 21:40:38,ID: 253,Contact Count: 0
2026-08-10 21:40:38,ID: 253,Voltage: 1809
2026-08-10 21:40:38,ID: 253,Current Timer: 91044
2026-08-10 21:40:38,ID: 253,Contact Count: 0
2026-08-10 21:40:38,ID: 253,Voltage: 1809
2026-08-10 21:40:39,ID: 253,Current Timer: 91044
2026-08-10 21:40:39,ID: 253,Contact Count: 0
2026-08-10 21:40:39,ID: 253,Voltage: 1809
2026-08-10 21:40:39,ID: 253,Current Timer: 91045
2026-08-10 21:40:39,ID: 253,Contact Count: 0
2026-08-10 21:40:39,ID: 253,Voltage: 1809
2026-08-10 21:40:40,ID: 253,Current Timer: 91045
2026-08-10 21:40:40,ID: 253,Contact Count: 0
2026-08-10 21:40:40,ID: 253,Voltage: 1809
2026-08-10 21:40:40,ID: 253,Current Timer: 91046
2026-08-10 21:40:40,ID: 253,Contact Count: 0
2026-08-10 21:40:40,ID: 253,Voltage: 1809
2026-08-10 21:40:41,ID: 166,Current Timer: 9235
2026-08-10 21:40:41,ID: 166,Contact Count: 604
2026-08-10 21:40:41,ID: 166,Voltage: 2641
2026-08-10 21:40:41,ID: 166,ID2: 253, Timer: 7, RSSI: -33
2026-08-10 21:40:41,ID: 166,ID2: 253, Timer: 35, RSSI: -35
2026-08-10 21:40:41,ID: 166,ID2: 253, Timer: 42, RSSI: -34
2026-08-10 21:40:41,ID: 166,ID2: 253, Timer: 49, RSSI: -33
2026-08-10 21:40:41,ID: 166,ID2: 253, Timer: 56, RSSI: -35
2026-08-10 21:40:41,ID: 166,ID2: 253, Timer: 70, RSSI: -33
2026-08-10 21:40:41,ID: 166,ID2: 253, Timer: 84, RSSI: -34
2026-08-10 21:40:41,ID: 166,ID2: 253, Timer: 91, RSSI: -33
2026-08-10 21:40:41,ID: 166,ID2: 253, Timer: 126, RSSI: -34
2026-08-10 21:40:41,ID: 166,ID2: 253, Timer: 140, RSSI: -35
2026-08-10 21:40:41,ID: 166,ID2: 253, Timer: 154, RSSI: -33
2026-08-10 21:40:41,ID: 166,ID2: 253, Timer: 168, RSSI: -34
2026-08-10 21:40:41,ID: 166,ID2: 253, Timer: 175, RSSI: -33
2026-08-10 21:40:41,ID: 166,ID2: 253, Timer: 182, RSSI: -35
2026-08-10 21:40:41,ID: 166,ID2: 253, Timer: 189, RSSI: -34
2026-08-10 21:40:41,ID: 166,ID2: 253, Timer: 203, RSSI: -35
2026-08-10 21:40:41,ID: 166,ID2: 253, Timer: 210, RSSI: -34
2026-08-10 21:40:41,ID: 166,ID2: 253, Timer: 217, RSSI: -33
2026-08-10 21:40:41,ID: 166,ID2: 253, Timer: 224, RSSI: -35
2026-08-10 21:40:41,ID: 166,ID2: 253, Timer: 231, RSSI: -34
2026-08-10 21:40:41,ID: 166,ID2: 253, Timer: 245, RSSI: -35
2026-08-10 21:40:41,ID: 166,ID2: 253, Timer: 252, RSSI: -34
2026-08-10 21:40:41,ID: 166,ID2: 253, Timer: 273, RSSI: -34
2026-08-10 21:40:41,ID: 166,ID2: 253, Timer: 280, RSSI: -33
2026-08-10 21:40:41,ID: 166,ID2: 253, Timer: 294, RSSI: -34
2026-08-10 21:40:41,ID: 166,ID2: 253, Timer: 308, RSSI: -35
2026-08-10 21:40:41,ID: 166,ID2: 253, Timer: 329, RSSI: -35
2026-08-10 21:40:41,ID: 166,ID2: 253, Timer: 336, RSSI: -34
2026-08-10 21:40:41,ID: 166,ID2: 253, Timer: 336, RSSI: -34
2026-08-10 21:40:41,ID: 166,ID2: 253, Timer: 343, RSSI: -33
2026-08-10 21:40:41,ID: 166,ID2: 253, Timer: 350, RSSI: -35
2026-08-10 21:40:41,ID: 166,ID2: 253, Timer: 378, RSSI: -34
2026-08-10 21:40:41,ID: 166,ID2: 253, Timer: 385, RSSI: -33
2026-08-10 21:40:41,ID: 166,ID2: 253, Timer: 399, RSSI: -34
2026-08-10 21:40:41,ID: 166,ID2: 253, Timer: 420, RSSI: -34
2026-08-10 21:40:41,ID: 166,ID2: 253, Timer: 434, RSSI: -35
2026-08-10 21:40:41,ID: 166,ID2: 253, Timer: 455, RSSI: -35
2026-08-10 21:40:41,ID: 166,ID2: 253, Timer: 462, RSSI: -34
2026-08-10 21:40:41,ID: 166,ID2: 253, Timer: 469, RSSI: -33
2026-08-10 21:40:41,ID: 166,ID2: 253, Timer: 490, RSSI: -33
2026-08-10 21:40:41,ID: 166,ID2: 253, Timer: 497, RSSI: -35
2026-08-10 21:40:41,ID: 166,ID2: 253, Timer: 504, RSSI: -34
2026-08-10 21:40:41,ID: 166,ID2: 253, Timer: 546, RSSI: -34
2026-08-10 21:40:41,ID: 166,ID2: 253, Timer: 553, RSSI: -33
2026-08-10 21:40:41,ID: 166,ID2: 253, Timer: 567, RSSI: -34
2026-08-10 21:40:41,ID: 166,ID2: 253, Timer: 588, RSSI: -34
2026-08-10 21:40:41,ID: 166,ID2: 253, Timer: 595, RSSI: -33
2026-08-10 21:40:41,ID: 166,ID2: 253, Timer: 602, RSSI: -35
2026-08-10 21:40:41,ID: 166,ID2: 253, Timer: 609, RSSI: -34
2026-08-10 21:40:41,ID: 166,ID2: 253, Timer: 616, RSSI: -33
2026-08-10 21:40:41,ID: 166,ID2: 253, Timer: 630, RSSI: -34
2026-08-10 21:40:41,ID: 166,ID2: 253, Timer: 651, RSSI: -34
2026-08-10 21:40:41,ID: 166,ID2: 253, Timer: 672, RSSI: -46
2026-08-10 21:40:41,ID: 166,ID2: 253, Timer: 672, RSSI: -46
2026-08-10 21:40:41,ID: 166,ID2: 253, Timer: 679, RSSI: -43
2026-08-10 21:40:41,ID: 166,ID2: 253, Timer: 686, RSSI: -50
2026-08-10 21:40:41,ID: 166,ID2: 253, Timer: 714, RSSI: -47
2026-08-10 21:40:41,ID: 166,ID2: 253, Timer: 721, RSSI: -42
2026-08-10 21:40:41,ID: 166,ID2: 253, Timer: 728, RSSI: -50
2026-08-10 21:40:41,ID: 166,ID2: 253, Timer: 742, RSSI: -42
2026-08-10 21:40:41,ID: 166,ID2: 253, Timer: 756, RSSI: -47
2026-08-10 21:40:41,ID: 166,ID2: 253, Timer: 784, RSSI: -42
2026-08-10 21:40:41,ID: 166,ID2: 253, Timer: 798, RSSI: -47
2026-08-10 21:40:41,ID: 166,ID2: 253, Timer: 798, RSSI: -47
2026-08-10 21:40:41,ID: 166,ID2: 253, Timer: 812, RSSI: -50
2026-08-10 21:40:41,ID: 166,ID2: 253, Timer: 833, RSSI: -50
2026-08-10 21:40:41,ID: 166,ID2: 253, Timer: 840, RSSI: -47
2026-08-10 21:40:41,ID: 166,ID2: 253, Timer: 847, RSSI: -42
2026-08-10 21:40:41,ID: 166,ID2: 253, Timer: 854, RSSI: -50
2026-08-10 21:40:41,ID: 166,ID2: 253, Timer: 861, RSSI: -47
2026-08-10 21:40:41,ID: 166,ID2: 253, Timer: 875, RSSI: -50
2026-08-10 21:40:41,ID: 166,ID2: 253, Timer: 882, RSSI: -47
2026-08-10 21:40:41,ID: 166,ID2: 253, Timer: 889, RSSI: -42
2026-08-10 21:40:41,ID: 166,ID2: 253, Timer: 896, RSSI: -50
2026-08-10 21:40:41,ID: 166,ID2: 253, Timer: 924, RSSI: -47
2026-08-10 21:40:41,ID: 166,ID2: 253, Timer: 959, RSSI: -50
2026-08-10 21:40:41,ID: 166,ID2: 253, Timer: 966, RSSI: -47
2026-08-10 21:40:41,ID: 166,ID2: 253, Timer: 1001, RSSI: -50
2026-08-10 21:40:41,ID: 166,ID2: 253, Timer: 1008, RSSI: -47
2026-08-10 21:40:41,ID: 166,ID2: 253, Timer: 1043, RSSI: -50
2026-08-10 21:40:41,ID: 166,ID2: 253, Timer: 1050, RSSI: -47
2026-08-10 21:40:41,ID: 166,ID2: 253, Timer: 1078, RSSI: -42
2026-08-10 21:40:41,ID: 166,ID2: 253, Timer: 1085, RSSI: -50
2026-08-10 21:40:41,ID: 166,ID2: 253, Timer: 1092, RSSI: -47
2026-08-10 21:40:41,ID: 166,ID2: 253, Timer: 1106, RSSI: -50
2026-08-10 21:40:41,ID: 166,ID2: 253, Timer: 1113, RSSI: -47
2026-08-10 21:40:41,ID: 166,ID2: 253, Timer: 1127, RSSI: -50
2026-08-10 21:40:41,ID: 166,ID2: 253, Timer: 1134, RSSI: -47
2026-08-10 21:40:41,ID: 166,ID2: 253, Timer: 1148, RSSI: -50
2026-08-10 21:40:41,ID: 166,ID2: 253, Timer: 1155, RSSI: -47
2026-08-10 21:40:41,ID: 166,ID2: 253, Timer: 1176, RSSI: -47
2026-08-10 21:40:41,ID: 166,ID2: 253, Timer: 1190, RSSI: -50
2026-08-10 21:40:41,ID: 166,ID2: 253, Timer: 1204, RSSI: -42
2026-08-10 21:40:41,ID: 166,ID2: 253, Timer: 1218, RSSI: -47
2026-08-10 21:40:41,ID: 166,ID2: 253, Timer: 1218, RSSI: -47
2026-08-10 21:40:41,ID: 166,ID2: 253, Timer: 1246, RSSI: -43
2026-08-10 21:40:41,ID: 166,ID2: 253, Timer: 1260, RSSI: -47
2026-08-10 21:40:41,ID: 166,ID2: 253, Timer: 1267, RSSI: -42
2026-08-10 21:40:41,ID: 166,ID2: 253, Timer: 1295, RSSI: -50
2026-08-10 21:40:41,ID: 166,ID2: 253, Timer: 1302, RSSI: -47
2026-08-10 21:40:41,ID: 166,ID2: 253, Timer: 1316, RSSI: -50
2026-08-10 21:40:41,ID: 166,ID2: 253, Timer: 1337, RSSI: -50
2026-08-10 21:40:41,ID: 166,ID2: 253, Timer: 1344, RSSI: -47
2026-08-10 21:40:41,ID: 166,ID2: 253, Timer: 1379, RSSI: -50
2026-08-10 21:40:41,ID: 166,ID2: 253, Timer: 1386, RSSI: -47
2026-08-10 21:40:41,ID: 166,ID2: 253, Timer: 1407, RSSI: -47
2026-08-10 21:40:41,ID: 166,ID2: 253, Timer: 1428, RSSI: -47
2026-08-10 21:40:41,ID: 166,ID2: 253, Timer: 1435, RSSI: -43
2026-08-10 21:40:41,ID: 166,ID2: 253, Timer: 1449, RSSI: -47
2026-08-10 21:40:41,ID: 166,ID2: 253, Timer: 1456, RSSI: -42
2026-08-10 21:40:41,ID: 166,ID2: 253, Timer: 1470, RSSI: -47
2026-08-10 21:40:41,ID: 166,ID2: 253, Timer: 1477, RSSI: -43
2026-08-10 21:40:41,ID: 166,ID2: 253, Timer: 1498, RSSI: -43
2026-08-10 21:40:41,ID: 166,ID2: 253, Timer: 1505, RSSI: -50
2026-08-10 21:40:41,ID: 166,ID2: 253, Timer: 1512, RSSI: -47
2026-08-10 21:40:41,ID: 166,ID2: 253, Timer: 1526, RSSI: -50
2026-08-10 21:40:41,ID: 166,ID2: 253, Timer: 1533, RSSI: -47
2026-08-10 21:40:41,ID: 166,ID2: 253, Timer: 1540, RSSI: -42
2026-08-10 21:40:41,ID: 166,ID2: 253, Timer: 1554, RSSI: -47
2026-08-10 21:40:41,ID: 166,ID2: 253, Timer: 1554, RSSI: -47
2026-08-10 21:40:41,ID: 166,ID2: 253, Timer: 1582, RSSI: -42
2026-08-10 21:40:41,ID: 166,ID2: 253, Timer: 1589, RSSI: -50
2026-08-10 21:40:41,ID: 166,ID2: 253, Timer: 1596, RSSI: -47
2026-08-10 21:40:41,ID: 166,ID2: 253, Timer: 1596, RSSI: -47
2026-08-10 21:40:41,ID: 166,ID2: 253, Timer: 1603, RSSI: -42
2026-08-10 21:40:41,ID: 166,ID2: 253, Timer: 1617, RSSI: -47
2026-08-10 21:40:41,ID: 166,ID2: 253, Timer: 1631, RSSI: -50
2026-08-10 21:40:41,ID: 166,ID2: 253, Timer: 1638, RSSI: -47
2026-08-10 21:40:41,ID: 166,ID2: 253, Timer: 1652, RSSI: -50
2026-08-10 21:40:41,ID: 166,ID2: 253, Timer: 1659, RSSI: -47
2026-08-10 21:40:41,ID: 166,ID2: 253, Timer: 1673, RSSI: -50
2026-08-10 21:40:41,ID: 166,ID2: 253, Timer: 1680, RSSI: -47
2026-08-10 21:40:41,ID: 166,ID2: 253, Timer: 1680, RSSI: -47
2026-08-10 21:40:41,ID: 166,ID2: 253, Timer: 1687, RSSI: -42
2026-08-10 21:40:41,ID: 166,ID2: 253, Timer: 1715, RSSI: -50
2026-08-10 21:40:41,ID: 166,ID2: 253, Timer: 1722, RSSI: -47
2026-08-10 21:40:41,ID: 166,ID2: 253, Timer: 1750, RSSI: -43
2026-08-10 21:40:41,ID: 166,ID2: 253, Timer: 1764, RSSI: -47
2026-08-10 21:40:41,ID: 166,ID2: 253, Timer: 1778, RSSI: -50
2026-08-10 21:40:41,ID: 166,ID2: 253, Timer: 1806, RSSI: -47
2026-08-10 21:40:41,ID: 166,ID2: 253, Timer: 1806, RSSI: -47
2026-08-10 21:40:41,ID: 166,ID2: 253, Timer: 1820, RSSI: -50
2026-08-10 21:40:41,ID: 166,ID2: 253, Timer: 1827, RSSI: -47
2026-08-10 21:40:41,ID: 166,ID2: 253, Timer: 1834, RSSI: -42
2026-08-10 21:40:41,ID: 166,ID2: 253, Timer: 1848, RSSI: -47
2026-08-10 21:40:41,ID: 166,ID2: 253, Timer: 1855, RSSI: -42
2026-08-10 21:40:41,ID: 166,ID2: 253, Timer: 1869, RSSI: -47
2026-08-10 21:40:41,ID: 166,ID2: 253, Timer: 1890, RSSI: -47
2026-08-10 21:40:41,ID: 166,ID2: 253, Timer: 1890, RSSI: -47
2026-08-10 21:40:41,ID: 166,ID2: 253, Timer: 1897, RSSI: -42
2026-08-10 21:40:41,ID: 166,ID2: 253, Timer: 1911, RSSI: -47
2026-08-10 21:40:41,ID: 166,ID2: 253, Timer: 1918, RSSI: -42
2026-08-10 21:40:41,ID: 166,ID2: 253, Timer: 1932, RSSI: -47
2026-08-10 21:40:41,ID: 166,ID2: 253, Timer: 1960, RSSI: -42
2026-08-10 21:40:41,ID: 166,ID2: 253, Timer: 1974, RSSI: -47
2026-08-10 21:40:41,ID: 166,ID2: 253, Timer: 1974, RSSI: -47
2026-08-10 21:40:41,ID: 166,ID2: 253, Timer: 2002, RSSI: -42
2026-08-10 21:40:41,ID: 166,ID2: 253, Timer: 2009, RSSI: -50
2026-08-10 21:40:41,ID: 166,ID2: 253, Timer: 2016, RSSI: -47
2026-08-10 21:40:41,ID: 166,ID2: 253, Timer: 2023, RSSI: -42
2026-08-10 21:40:41,ID: 166,ID2: 253, Timer: 2030, RSSI: -50
2026-08-10 21:40:41,ID: 166,ID2: 253, Timer: 2044, RSSI: -43
2026-08-10 21:40:41,ID: 166,ID2: 253, Timer: 2058, RSSI: -47
2026-08-10 21:40:41,ID: 166,ID2: 253, Timer: 2065, RSSI: -42
2026-08-10 21:40:41,ID: 166,ID2: 253, Timer: 2079, RSSI: -47
2026-08-10 21:40:41,ID: 166,ID2: 253, Timer: 2100, RSSI: -47
2026-08-10 21:40:41,ID: 166,ID2: 253, Timer: 2114, RSSI: -50
2026-08-10 21:40:41,ID: 166,ID2: 253, Timer: 2121, RSSI: -47
2026-08-10 21:40:41,ID: 166,ID2: 253, Timer: 2128, RSSI: -42
2026-08-10 21:40:41,ID: 166,ID2: 253, Timer: 2142, RSSI: -47
2026-08-10 21:40:41,ID: 166,ID2: 253, Timer: 2149, RSSI: -42
2026-08-10 21:40:41,ID: 166,ID2: 253, Timer: 2156, RSSI: -50
2026-08-10 21:40:41,ID: 166,ID2: 253, Timer: 2163, RSSI: -47
2026-08-10 21:40:41,ID: 166,ID2: 253, Timer: 2170, RSSI: -43
2026-08-10 21:40:41,ID: 166,ID2: 253, Timer: 2184, RSSI: -47
2026-08-10 21:40:41,ID: 166,ID2: 253, Timer: 2184, RSSI: -47
2026-08-10 21:40:41,ID: 166,ID2: 253, Timer: 2198, RSSI: -50
2026-08-10 21:40:41,ID: 166,ID2: 253, Timer: 2219, RSSI: -50
2026-08-10 21:40:41,ID: 166,ID2: 253, Timer: 2226, RSSI: -47
2026-08-10 21:40:41,ID: 166,ID2: 253, Timer: 2240, RSSI: -50
2026-08-10 21:40:41,ID: 166,ID2: 253, Timer: 2268, RSSI: -47
2026-08-10 21:40:41,ID: 166,ID2: 253, Timer: 2303, RSSI: -50
2026-08-10 21:40:41,ID: 166,ID2: 253, Timer: 2310, RSSI: -47
2026-08-10 21:40:41,ID: 166,ID2: 253, Timer: 2317, RSSI: -42
2026-08-10 21:40:41,ID: 166,ID2: 253, Timer: 2352, RSSI: -47
2026-08-10 21:40:41,ID: 166,ID2: 253, Timer: 2366, RSSI: -50
2026-08-10 21:40:41,ID: 166,ID2: 253, Timer: 2373, RSSI: -47
2026-08-10 21:40:41,ID: 166,ID2: 253, Timer: 2380, RSSI: -42
2026-08-10 21:40:41,ID: 166,ID2: 253, Timer: 2387, RSSI: -50
2026-08-10 21:40:41,ID: 166,ID2: 253, Timer: 2394, RSSI: -47
2026-08-10 21:40:41,ID: 166,ID2: 253, Timer: 2422, RSSI: -42
2026-08-10 21:40:41,ID: 166,ID2: 253, Timer: 2429, RSSI: -50
2026-08-10 21:40:41,ID: 166,ID2: 253, Timer: 2436, RSSI: -47
2026-08-10 21:40:41,ID: 166,ID2: 253, Timer: 2443, RSSI: -42
2026-08-10 21:40:41,ID: 166,ID2: 253, Timer: 2457, RSSI: -47
2026-08-10 21:40:41,ID: 166,ID2: 253, Timer: 2471, RSSI: -50
2026-08-10 21:40:41,ID: 166,ID2: 253, Timer: 2478, RSSI: -47
2026-08-10 21:40:41,ID: 166,ID2: 253, Timer: 2499, RSSI: -47
2026-08-10 21:40:41,ID: 166,ID2: 253, Timer: 2506, RSSI: -42
2026-08-10 21:40:41,ID: 166,ID2: 253, Timer: 2520, RSSI: -47
2026-08-10 21:40:41,ID: 166,ID2: 253, Timer: 2534, RSSI: -50
2026-08-10 21:40:41,ID: 166,ID2: 253, Timer: 2548, RSSI: -42
2026-08-10 21:40:41,ID: 166,ID2: 253, Timer: 2555, RSSI: -50
2026-08-10 21:40:41,ID: 166,ID2: 253, Timer: 2562, RSSI: -47
2026-08-10 21:40:41,ID: 166,ID2: 253, Timer: 2590, RSSI: -42
2026-08-10 21:40:41,ID: 166,ID2: 253, Timer: 2597, RSSI: -50
2026-08-10 21:40:41,ID: 166,ID2: 253, Timer: 2604, RSSI: -47
2026-08-10 21:40:41,ID: 166,ID2: 253, Timer: 2632, RSSI: -42
2026-08-10 21:40:41,ID: 166,ID2: 253, Timer: 2639, RSSI: -50
2026-08-10 21:40:41,ID: 166,ID2: 253, Timer: 2646, RSSI: -47
2026-08-10 21:40:41,ID: 166,ID2: 253, Timer: 2695, RSSI: -43
2026-08-10 21:40:41,ID: 166,ID2: 253, Timer: 2709, RSSI: -47
2026-08-10 21:40:41,ID: 166,ID2: 253, Timer: 2716, RSSI: -42
2026-08-10 21:40:41,ID: 166,ID2: 253, Timer: 2737, RSSI: -42
2026-08-10 21:40:41,ID: 166,ID2: 253, Timer: 2765, RSSI: -50
2026-08-10 21:40:41,ID: 166,ID2: 253, Timer: 2772, RSSI: -47
2026-08-10 21:40:41,ID: 166,ID2: 253, Timer: 2793, RSSI: -47
2026-08-10 21:40:41,ID: 166,ID2: 253, Timer: 2814, RSSI: -47
2026-08-10 21:40:41,ID: 166,ID2: 253, Timer: 2814, RSSI: -47
2026-08-10 21:40:41,ID: 166,ID2: 253, Timer: 2821, RSSI: -42
2026-08-10 21:40:41,ID: 166,ID2: 253, Timer: 2856, RSSI: -47
2026-08-10 21:40:41,ID: 166,ID2: 253, Timer: 2856, RSSI: -47
2026-08-10 21:40:41,ID: 166,ID2: 253, Timer: 2891, RSSI: -50
2026-08-10 21:40:41,ID: 166,ID2: 253, Timer: 2898, RSSI: -47
2026-08-10 21:40:41,ID: 166,ID2: 253, Timer: 2912, RSSI: -50
2026-08-10 21:40:41,ID: 166,ID2: 253, Timer: 2933, RSSI: -50
2026-08-10 21:40:41,ID: 166,ID2: 253, Timer: 2940, RSSI: -47
2026-08-10 21:40:41,ID: 166,ID2: 253, Timer: 2947, RSSI: -42
2026-08-10 21:40:41,ID: 166,ID2: 253, Timer: 2954, RSSI: -50
2026-08-10 21:40:41,ID: 166,ID2: 253, Timer: 2968, RSSI: -43
2026-08-10 21:40:41,ID: 166,ID2: 253, Timer: 2975, RSSI: -50
2026-08-10 21:40:41,ID: 166,ID2: 253, Timer: 2982, RSSI: -47
2026-08-10 21:40:41,ID: 166,ID2: 253, Timer: 2989, RSSI: -42
2026-08-10 21:40:41,ID: 166,ID2: 253, Timer: 3010, RSSI: -42
2026-08-10 21:40:41,ID: 166,ID2: 253, Timer: 3017, RSSI: -50
2026-08-10 21:40:41,ID: 166,ID2: 253, Timer: 3024, RSSI: -47
2026-08-10 21:40:41,ID: 166,ID2: 253, Timer: 3031, RSSI: -42
2026-08-10 21:40:41,ID: 166,ID2: 253, Timer: 3045, RSSI: -47
2026-08-10 21:40:41,ID: 166,ID2: 253, Timer: 3066, RSSI: -47
2026-08-10 21:40:41,ID: 166,ID2: 253, Timer: 3073, RSSI: -42
2026-08-10 21:40:41,ID: 166,ID2: 253, Timer: 3101, RSSI: -50
2026-08-10 21:40:41,ID: 166,ID2: 253, Timer: 3108, RSSI: -47
2026-08-10 21:40:41,ID: 166,ID2: 253, Timer: 3143, RSSI: -50
2026-08-10 21:40:41,ID: 166,ID2: 253, Timer: 3150, RSSI: -47
2026-08-10 21:40:41,ID: 166,ID2: 253, Timer: 3150, RSSI: -47
2026-08-10 21:40:41,ID: 166,ID2: 253, Timer: 3171, RSSI: -47
2026-08-10 21:40:41,ID: 166,ID2: 253, Timer: 3192, RSSI: -47
2026-08-10 21:40:41,ID: 166,ID2: 253, Timer: 3192, RSSI: -47
2026-08-10 21:40:41,ID: 166,ID2: 253, Timer: 3199, RSSI: -42
2026-08-10 21:40:41,ID: 166,ID2: 253, Timer: 3206, RSSI: -50
2026-08-10 21:40:41,ID: 166,ID2: 253, Timer: 3234, RSSI: -47
2026-08-10 21:40:41,ID: 166,ID2: 253, Timer: 3248, RSSI: -50
2026-08-10 21:40:41,ID: 166,ID2: 253, Timer: 3255, RSSI: -47
2026-08-10 21:40:41,ID: 166,ID2: 253, Timer: 3276, RSSI: -47
2026-08-10 21:40:41,ID: 166,ID2: 253, Timer: 3290, RSSI: -50
2026-08-10 21:40:41,ID: 166,ID2: 253, Timer: 3311, RSSI: -50
2026-08-10 21:40:41,ID: 166,ID2: 253, Timer: 3318, RSSI: -47
2026-08-10 21:40:41,ID: 166,ID2: 253, Timer: 3353, RSSI: -50
2026-08-10 21:40:41,ID: 166,ID2: 253, Timer: 3360, RSSI: -47
2026-08-10 21:40:41,ID: 166,ID2: 253, Timer: 3360, RSSI: -47
2026-08-10 21:40:41,ID: 166,ID2: 253, Timer: 3374, RSSI: -50
2026-08-10 21:40:41,ID: 166,ID2: 253, Timer: 3381, RSSI: -47
2026-08-10 21:40:41,ID: 166,ID2: 253, Timer: 3402, RSSI: -47
2026-08-10 21:40:41,ID: 166,ID2: 253, Timer: 3409, RSSI: -42
2026-08-10 21:40:41,ID: 166,ID2: 253, Timer: 3430, RSSI: -42
2026-08-10 21:40:41,ID: 166,ID2: 253, Timer: 3444, RSSI: -47
2026-08-10 21:40:41,ID: 166,ID2: 253, Timer: 3458, RSSI: -50
2026-08-10 21:40:41,ID: 166,ID2: 253, Timer: 3465, RSSI: -47
2026-08-10 21:40:41,ID: 166,ID2: 253, Timer: 3486, RSSI: -47
2026-08-10 21:40:41,ID: 166,ID2: 253, Timer: 3493, RSSI: -42
2026-08-10 21:40:41,ID: 166,ID2: 253, Timer: 3514, RSSI: -42
2026-08-10 21:40:41,ID: 166,ID2: 253, Timer: 3521, RSSI: -50
2026-08-10 21:40:41,ID: 166,ID2: 253, Timer: 3528, RSSI: -47
2026-08-10 21:40:41,ID: 166,ID2: 253, Timer: 3542, RSSI: -50
2026-08-10 21:40:41,ID: 166,ID2: 253, Timer: 3570, RSSI: -47
2026-08-10 21:40:41,ID: 166,ID2: 253, Timer: 3598, RSSI: -42
2026-08-10 21:40:41,ID: 166,ID2: 253, Timer: 3612, RSSI: -47
2026-08-10 21:40:41,ID: 166,ID2: 253, Timer: 3619, RSSI: -42
2026-08-10 21:40:41,ID: 166,ID2: 253, Timer: 3626, RSSI: -50
2026-08-10 21:40:41,ID: 166,ID2: 253, Timer: 3633, RSSI: -47
2026-08-10 21:40:41,ID: 166,ID2: 253, Timer: 3654, RSSI: -47
2026-08-10 21:40:41,ID: 166,ID2: 253, Timer: 3661, RSSI: -42
2026-08-10 21:40:41,ID: 166,ID2: 253, Timer: 3675, RSSI: -47
2026-08-10 21:40:41,ID: 166,ID2: 253, Timer: 3682, RSSI: -42
2026-08-10 21:40:41,ID: 166,ID2: 253, Timer: 3696, RSSI: -47
2026-08-10 21:40:41,ID: 166,ID2: 253, Timer: 3759, RSSI: -47
2026-08-10 21:40:41,ID: 166,ID2: 253, Timer: 3766, RSSI: -42
2026-08-10 21:40:41,ID: 166,ID2: 253, Timer: 3780, RSSI: -47
2026-08-10 21:40:41,ID: 166,ID2: 253, Timer: 3794, RSSI: -50
2026-08-10 21:40:41,ID: 166,ID2: 253, Timer: 3808, RSSI: -42
2026-08-10 21:40:41,ID: 166,ID2: 253, Timer: 3822, RSSI: -47
2026-08-10 21:40:41,ID: 166,ID2: 253, Timer: 3829, RSSI: -42
2026-08-10 21:40:41,ID: 166,ID2: 253, Timer: 3836, RSSI: -50
2026-08-10 21:40:41,ID: 166,ID2: 253, Timer: 3843, RSSI: -47
2026-08-10 21:40:41,ID: 166,ID2: 253, Timer: 3850, RSSI: -42
2026-08-10 21:40:41,ID: 166,ID2: 253, Timer: 3864, RSSI: -47
2026-08-10 21:40:41,ID: 166,ID2: 253, Timer: 3906, RSSI: -47
2026-08-10 21:40:41,ID: 166,ID2: 253, Timer: 3920, RSSI: -50
2026-08-10 21:40:41,ID: 166,ID2: 253, Timer: 3941, RSSI: -50
2026-08-10 21:40:41,ID: 166,ID2: 253, Timer: 3948, RSSI: -47
2026-08-10 21:40:41,ID: 166,ID2: 253, Timer: 3962, RSSI: -50
2026-08-10 21:40:41,ID: 166,ID2: 253, Timer: 3990, RSSI: -47
2026-08-10 21:40:41,ID: 166,ID2: 253, Timer: 3990, RSSI: -47
2026-08-10 21:40:41,ID: 166,ID2: 253, Timer: 4004, RSSI: -50
2026-08-10 21:40:41,ID: 166,ID2: 253, Timer: 4025, RSSI: -50
2026-08-10 21:40:41,ID: 166,ID2: 253, Timer: 4032, RSSI: -47
2026-08-10 21:40:41,ID: 166,ID2: 253, Timer: 4046, RSSI: -50
2026-08-10 21:40:41,ID: 166,ID2: 253, Timer: 4074, RSSI: -47
2026-08-10 21:40:41,ID: 166,ID2: 253, Timer: 4074, RSSI: -47
2026-08-10 21:40:41,ID: 166,ID2: 253, Timer: 4088, RSSI: -50
2026-08-10 21:40:41,ID: 166,ID2: 253, Timer: 4102, RSSI: -42
2026-08-10 21:40:41,ID: 166,ID2: 253, Timer: 4109, RSSI: -50
2026-08-10 21:40:41,ID: 166,ID2: 253, Timer: 4116, RSSI: -47
2026-08-10 21:40:41,ID: 166,ID2: 253, Timer: 4123, RSSI: -42
2026-08-10 21:40:41,ID: 166,ID2: 253, Timer: 4158, RSSI: -47
2026-08-10 21:40:41,ID: 166,ID2: 253, Timer: 4193, RSSI: -50
2026-08-10 21:40:41,ID: 166,ID2: 253, Timer: 4200, RSSI: -47
2026-08-10 21:40:41,ID: 166,ID2: 253, Timer: 4207, RSSI: -42
2026-08-10 21:40:41,ID: 166,ID2: 253, Timer: 4221, RSSI: -47
2026-08-10 21:40:41,ID: 166,ID2: 253, Timer: 4228, RSSI: -42
2026-08-10 21:40:41,ID: 166,ID2: 253, Timer: 4235, RSSI: -50
2026-08-10 21:40:41,ID: 166,ID2: 253, Timer: 4242, RSSI: -47
2026-08-10 21:40:41,ID: 166,ID2: 253, Timer: 4242, RSSI: -47
2026-08-10 21:40:41,ID: 166,ID2: 253, Timer: 4263, RSSI: -47
2026-08-10 21:40:41,ID: 166,ID2: 253, Timer: 4270, RSSI: -43
2026-08-10 21:40:41,ID: 166,ID2: 253, Timer: 4273, RSSI: -50
2026-08-10 21:40:41,ID: 166,ID2: 253, Timer: 4573, RSSI: -47
2026-08-10 21:40:41,ID: 166,ID2: 253, Timer: 4873, RSSI: -43
2026-08-10 21:40:41,ID: 166,ID2: 253, Timer: 5125, RSSI: -41
2026-08-10 21:40:41,ID: 166,ID2: 253, Timer: 5153, RSSI: -56
2026-08-10 21:40:41,ID: 166,ID2: 253, Timer: 5160, RSSI: -70
2026-08-10 21:40:41,ID: 166,ID2: 253, Timer: 5167, RSSI: -52
2026-08-10 21:40:41,ID: 166,ID2: 253, Timer: 5188, RSSI: -53
2026-08-10 21:40:41,ID: 166,ID2: 253, Timer: 5202, RSSI: -43
2026-08-10 21:40:41,ID: 166,ID2: 253, Timer: 5216, RSSI: -44
2026-08-10 21:40:41,ID: 166,ID2: 253, Timer: 5230, RSSI: -42
2026-08-10 21:40:41,ID: 166,ID2: 253, Timer: 5251, RSSI: -42
2026-08-10 21:40:41,ID: 166,ID2: 253, Timer: 5265, RSSI: -43
2026-08-10 21:40:41,ID: 166,ID2: 253, Timer: 5293, RSSI: -42
2026-08-10 21:40:41,ID: 166,ID2: 253, Timer: 5307, RSSI: -43
2026-08-10 21:40:41,ID: 166,ID2: 253, Timer: 5321, RSSI: -45
2026-08-10 21:40:41,ID: 166,ID2: 253, Timer: 5328, RSSI: -43
2026-08-10 21:40:41,ID: 166,ID2: 253, Timer: 5342, RSSI: -44
2026-08-10 21:40:41,ID: 166,ID2: 253, Timer: 5349, RSSI: -43
2026-08-10 21:40:41,ID: 166,ID2: 253, Timer: 5363, RSSI: -45
2026-08-10 21:40:41,ID: 166,ID2: 253, Timer: 5370, RSSI: -43
2026-08-10 21:40:41,ID: 166,ID2: 253, Timer: 5370, RSSI: -43
2026-08-10 21:40:41,ID: 166,ID2: 253, Timer: 5398, RSSI: -42
2026-08-10 21:40:41,ID: 166,ID2: 253, Timer: 5412, RSSI: -43
2026-08-10 21:40:41,ID: 166,ID2: 253, Timer: 5426, RSSI: -45
2026-08-10 21:40:41,ID: 166,ID2: 253, Timer: 5440, RSSI: -42
2026-08-10 21:40:41,ID: 166,ID2: 253, Timer: 5454, RSSI: -43
2026-08-10 21:40:41,ID: 166,ID2: 253, Timer: 5496, RSSI: -44
2026-08-10 21:40:41,ID: 166,ID2: 253, Timer: 5517, RSSI: -43
2026-08-10 21:40:41,ID: 166,ID2: 253, Timer: 5524, RSSI: -42
2026-08-10 21:40:41,ID: 166,ID2: 253, Timer: 5538, RSSI: -43
2026-08-10 21:40:41,ID: 166,ID2: 253, Timer: 5538, RSSI: -43
2026-08-10 21:40:41,ID: 166,ID2: 253, Timer: 5552, RSSI: -44
2026-08-10 21:40:41,ID: 166,ID2: 253, Timer: 5559, RSSI: -43
2026-08-10 21:40:41,ID: 166,ID2: 253, Timer: 5580, RSSI: -43
2026-08-10 21:40:41,ID: 166,ID2: 253, Timer: 5608, RSSI: -42
2026-08-10 21:40:41,ID: 166,ID2: 253, Timer: 5622, RSSI: -43
2026-08-10 21:40:41,ID: 166,ID2: 253, Timer: 5636, RSSI: -44
2026-08-10 21:40:41,ID: 166,ID2: 253, Timer: 5650, RSSI: -42
2026-08-10 21:40:41,ID: 166,ID2: 253, Timer: 5664, RSSI: -43
2026-08-10 21:40:41,ID: 166,ID2: 253, Timer: 5664, RSSI: -43
2026-08-10 21:40:41,ID: 166,ID2: 253, Timer: 5699, RSSI: -44
2026-08-10 21:40:41,ID: 166,ID2: 253, Timer: 5706, RSSI: -43
2026-08-10 21:40:41,ID: 166,ID2: 253, Timer: 5734, RSSI: -42
2026-08-10 21:40:41,ID: 166,ID2: 253, Timer: 5741, RSSI: -45
2026-08-10 21:40:41,ID: 166,ID2: 253, Timer: 5748, RSSI: -44
2026-08-10 21:40:41,ID: 166,ID2: 253, Timer: 5755, RSSI: -42
2026-08-10 21:40:41,ID: 166,ID2: 253, Timer: 5783, RSSI: -45
2026-08-10 21:40:41,ID: 166,ID2: 253, Timer: 5790, RSSI: -43
2026-08-10 21:40:41,ID: 166,ID2: 253, Timer: 5804, RSSI: -44
2026-08-10 21:40:41,ID: 166,ID2: 253, Timer: 5811, RSSI: -43
2026-08-10 21:40:41,ID: 166,ID2: 253, Timer: 5832, RSSI: -43
2026-08-10 21:40:41,ID: 166,ID2: 253, Timer: 5846, RSSI: -45
2026-08-10 21:40:41,ID: 166,ID2: 253, Timer: 5853, RSSI: -43
2026-08-10 21:40:41,ID: 166,ID2: 253, Timer: 5860, RSSI: -42
2026-08-10 21:40:41,ID: 166,ID2: 253, Timer: 5874, RSSI: -44
2026-08-10 21:40:41,ID: 166,ID2: 253, Timer: 5888, RSSI: -45
2026-08-10 21:40:41,ID: 166,ID2: 253, Timer: 5916, RSSI: -43
2026-08-10 21:40:41,ID: 166,ID2: 253, Timer: 5923, RSSI: -42
2026-08-10 21:40:41,ID: 166,ID2: 253, Timer: 5944, RSSI: -42
2026-08-10 21:40:41,ID: 166,ID2: 253, Timer: 5958, RSSI: -43
2026-08-10 21:40:41,ID: 166,ID2: 253, Timer: 5965, RSSI: -42
2026-08-10 21:40:41,ID: 166,ID2: 253, Timer: 5993, RSSI: -44
2026-08-10 21:40:41,ID: 166,ID2: 253, Timer: 6000, RSSI: -43
2026-08-10 21:40:41,ID: 166,ID2: 253, Timer: 6035, RSSI: -44
2026-08-10 21:40:41,ID: 166,ID2: 253, Timer: 6042, RSSI: -44
2026-08-10 21:40:41,ID: 166,ID2: 253, Timer: 6049, RSSI: -42
2026-08-10 21:40:41,ID: 166,ID2: 253, Timer: 6056, RSSI: -44
2026-08-10 21:40:41,ID: 166,ID2: 253, Timer: 6063, RSSI: -43
2026-08-10 21:40:41,ID: 166,ID2: 253, Timer: 6070, RSSI: -42
2026-08-10 21:40:41,ID: 166,ID2: 253, Timer: 6084, RSSI: -43
2026-08-10 21:40:41,ID: 166,ID2: 253, Timer: 6091, RSSI: -42
2026-08-10 21:40:41,ID: 166,ID2: 253, Timer: 6105, RSSI: -43
2026-08-10 21:40:41,ID: 166,ID2: 253, Timer: 6112, RSSI: -42
2026-08-10 21:40:41,ID: 166,ID2: 253, Timer: 6126, RSSI: -43
2026-08-10 21:40:41,ID: 166,ID2: 253, Timer: 6133, RSSI: -42
2026-08-10 21:40:41,ID: 166,ID2: 253, Timer: 6140, RSSI: -44
2026-08-10 21:40:41,ID: 166,ID2: 253, Timer: 6168, RSSI: -43
2026-08-10 21:40:41,ID: 166,ID2: 253, Timer: 6175, RSSI: -42
2026-08-10 21:40:41,ID: 166,ID2: 253, Timer: 6182, RSSI: -44
2026-08-10 21:40:41,ID: 166,ID2: 253, Timer: 6189, RSSI: -43
2026-08-10 21:40:41,ID: 166,ID2: 253, Timer: 6203, RSSI: -44
2026-08-10 21:40:41,ID: 166,ID2: 253, Timer: 6210, RSSI: -43
2026-08-10 21:40:41,ID: 166,ID2: 253, Timer: 6210, RSSI: -43
2026-08-10 21:40:41,ID: 166,ID2: 253, Timer: 6217, RSSI: -42
2026-08-10 21:40:41,ID: 166,ID2: 253, Timer: 6224, RSSI: -44
2026-08-10 21:40:41,ID: 166,ID2: 253, Timer: 6238, RSSI: -42
2026-08-10 21:40:41,ID: 166,ID2: 253, Timer: 6252, RSSI: -43
2026-08-10 21:40:41,ID: 166,ID2: 253, Timer: 6259, RSSI: -42
2026-08-10 21:40:41,ID: 166,ID2: 253, Timer: 6287, RSSI: -45
2026-08-10 21:40:41,ID: 166,ID2: 253, Timer: 6294, RSSI: -43
2026-08-10 21:40:41,ID: 166,ID2: 253, Timer: 6301, RSSI: -42
2026-08-10 21:40:41,ID: 166,ID2: 253, Timer: 6315, RSSI: -43
2026-08-10 21:40:41,ID: 166,ID2: 253, Timer: 6322, RSSI: -42
2026-08-10 21:40:41,ID: 166,ID2: 253, Timer: 6329, RSSI: -45
2026-08-10 21:40:41,ID: 166,ID2: 253, Timer: 6350, RSSI: -45
2026-08-10 21:40:41,ID: 166,ID2: 253, Timer: 6371, RSSI: -44
2026-08-10 21:40:41,ID: 166,ID2: 253, Timer: 6378, RSSI: -43
2026-08-10 21:40:41,ID: 166,ID2: 253, Timer: 6392, RSSI: -44
2026-08-10 21:40:41,ID: 166,ID2: 253, Timer: 6406, RSSI: -42
2026-08-10 21:40:41,ID: 166,ID2: 253, Timer: 6420, RSSI: -43
2026-08-10 21:40:41,ID: 166,ID2: 253, Timer: 6462, RSSI: -43
2026-08-10 21:40:41,ID: 166,ID2: 253, Timer: 6469, RSSI: -42
2026-08-10 21:40:41,ID: 166,ID2: 253, Timer: 6483, RSSI: -43
2026-08-10 21:40:41,ID: 166,ID2: 253, Timer: 6490, RSSI: -42
2026-08-10 21:40:41,ID: 166,ID2: 253, Timer: 6518, RSSI: -44
2026-08-10 21:40:41,ID: 166,ID2: 253, Timer: 6546, RSSI: -43
2026-08-10 21:40:41,ID: 166,ID2: 253, Timer: 6553, RSSI: -42
2026-08-10 21:40:41,ID: 166,ID2: 253, Timer: 6560, RSSI: -44
2026-08-10 21:40:41,ID: 166,ID2: 253, Timer: 6567, RSSI: -43
2026-08-10 21:40:41,ID: 166,ID2: 253, Timer: 6581, RSSI: -44
2026-08-10 21:40:41,ID: 166,ID2: 253, Timer: 6588, RSSI: -43
2026-08-10 21:40:41,ID: 166,ID2: 253, Timer: 6588, RSSI: -43
2026-08-10 21:40:41,ID: 166,ID2: 253, Timer: 6609, RSSI: -43
2026-08-10 21:40:41,ID: 166,ID2: 253, Timer: 6616, RSSI: -42
2026-08-10 21:40:41,ID: 166,ID2: 253, Timer: 6623, RSSI: -44
2026-08-10 21:40:41,ID: 166,ID2: 253, Timer: 6630, RSSI: -43
2026-08-10 21:40:41,ID: 166,ID2: 253, Timer: 6630, RSSI: -44
2026-08-10 21:40:41,ID: 166,ID2: 253, Timer: 6644, RSSI: -45
2026-08-10 21:40:41,ID: 166,ID2: 253, Timer: 6658, RSSI: -42
2026-08-10 21:40:41,ID: 166,ID2: 253, Timer: 6672, RSSI: -43
2026-08-10 21:40:41,ID: 166,ID2: 253, Timer: 6693, RSSI: -43
2026-08-10 21:40:41,ID: 166,ID2: 253, Timer: 6707, RSSI: -45
2026-08-10 21:40:41,ID: 166,ID2: 253, Timer: 6714, RSSI: -43
2026-08-10 21:40:41,ID: 166,ID2: 253, Timer: 6735, RSSI: -43
2026-08-10 21:40:41,ID: 166,ID2: 253, Timer: 6756, RSSI: -43
2026-08-10 21:40:41,ID: 166,ID2: 253, Timer: 6784, RSSI: -42
2026-08-10 21:40:41,ID: 166,ID2: 253, Timer: 6798, RSSI: -43
2026-08-10 21:40:41,ID: 166,ID2: 253, Timer: 6805, RSSI: -42
2026-08-10 21:40:41,ID: 166,ID2: 253, Timer: 6840, RSSI: -44
2026-08-10 21:40:41,ID: 166,ID2: 253, Timer: 6840, RSSI: -43
2026-08-10 21:40:41,ID: 166,ID2: 253, Timer: 6847, RSSI: -42
2026-08-10 21:40:41,ID: 166,ID2: 253, Timer: 6882, RSSI: -43
2026-08-10 21:40:41,ID: 166,ID2: 253, Timer: 6889, RSSI: -42
2026-08-10 21:40:41,ID: 166,ID2: 253, Timer: 6903, RSSI: -43
2026-08-10 21:40:41,ID: 166,ID2: 253, Timer: 6910, RSSI: -42
2026-08-10 21:40:41,ID: 166,ID2: 253, Timer: 6924, RSSI: -43
2026-08-10 21:40:41,ID: 166,ID2: 253, Timer: 6966, RSSI: -43
2026-08-10 21:40:41,ID: 166,ID2: 253, Timer: 6980, RSSI: -44
2026-08-10 21:40:41,ID: 166,ID2: 253, Timer: 7008, RSSI: -43
2026-08-10 21:40:41,ID: 166,ID2: 253, Timer: 7008, RSSI: -43
2026-08-10 21:40:41,ID: 166,ID2: 253, Timer: 7015, RSSI: -42
2026-08-10 21:40:41,ID: 166,ID2: 253, Timer: 7022, RSSI: -45
2026-08-10 21:40:41,ID: 166,ID2: 253, Timer: 7043, RSSI: -44
2026-08-10 21:40:41,ID: 166,ID2: 253, Timer: 7050, RSSI: -43
2026-08-10 21:40:41,ID: 166,ID2: 253, Timer: 7064, RSSI: -44
2026-08-10 21:40:41,ID: 166,ID2: 253, Timer: 7078, RSSI: -42
2026-08-10 21:40:41,ID: 166,ID2: 253, Timer: 7092, RSSI: -43
2026-08-10 21:40:41,ID: 166,ID2: 253, Timer: 7113, RSSI: -44
2026-08-10 21:40:41,ID: 166,ID2: 253, Timer: 7120, RSSI: -42
2026-08-10 21:40:41,ID: 166,ID2: 253, Timer: 7127, RSSI: -45
2026-08-10 21:40:41,ID: 166,ID2: 253, Timer: 7134, RSSI: -43
2026-08-10 21:40:41,ID: 166,ID2: 253, Timer: 7162, RSSI: -42
2026-08-10 21:40:41,ID: 166,ID2: 253, Timer: 7176, RSSI: -43
2026-08-10 21:40:41,ID: 166,ID2: 253, Timer: 7183, RSSI: -42
2026-08-10 21:40:41,ID: 166,ID2: 253, Timer: 7204, RSSI: -42
2026-08-10 21:40:41,ID: 166,ID2: 253, Timer: 7211, RSSI: -44
2026-08-10 21:40:41,ID: 166,ID2: 253, Timer: 7218, RSSI: -43
2026-08-10 21:40:41,ID: 166,ID2: 253, Timer: 7232, RSSI: -44
2026-08-10 21:40:41,ID: 166,ID2: 253, Timer: 7253, RSSI: -45
2026-08-10 21:40:41,ID: 166,ID2: 253, Timer: 7260, RSSI: -43
2026-08-10 21:40:41,ID: 166,ID2: 253, Timer: 7288, RSSI: -42
2026-08-10 21:40:41,ID: 166,ID2: 253, Timer: 7302, RSSI: -43
2026-08-10 21:40:41,ID: 166,ID2: 253, Timer: 7309, RSSI: -42
2026-08-10 21:40:41,ID: 166,ID2: 253, Timer: 7323, RSSI: -43
2026-08-10 21:40:41,ID: 166,ID2: 253, Timer: 7344, RSSI: -43
2026-08-10 21:40:41,ID: 166,ID2: 253, Timer: 7379, RSSI: -44
2026-08-10 21:40:41,ID: 166,ID2: 253, Timer: 7386, RSSI: -43
2026-08-10 21:40:41,ID: 166,ID2: 253, Timer: 7393, RSSI: -42
2026-08-10 21:40:41,ID: 166,ID2: 253, Timer: 7400, RSSI: -45
2026-08-10 21:40:41,ID: 166,ID2: 253, Timer: 7428, RSSI: -43
2026-08-10 21:40:41,ID: 166,ID2: 253, Timer: 7435, RSSI: -42
2026-08-10 21:40:41,ID: 166,ID2: 253, Timer: 7442, RSSI: -45
2026-08-10 21:40:41,ID: 166,ID2: 253, Timer: 7456, RSSI: -42
2026-08-10 21:40:41,ID: 166,ID2: 253, Timer: 7470, RSSI: -43
2026-08-10 21:40:41,ID: 166,ID2: 253, Timer: 7477, RSSI: -42
2026-08-10 21:40:41,ID: 166,ID2: 253, Timer: 7484, RSSI: -45
2026-08-10 21:40:41,ID: 166,ID2: 253, Timer: 7505, RSSI: -44
2026-08-10 21:40:41,ID: 166,ID2: 253, Timer: 7512, RSSI: -43
2026-08-10 21:40:41,ID: 166,ID2: 253, Timer: 7519, RSSI: -42
2026-08-10 21:40:41,ID: 166,ID2: 253, Timer: 7554, RSSI: -43
2026-08-10 21:40:41,ID: 166,ID2: 253, Timer: 7561, RSSI: -42
2026-08-10 21:40:41,ID: 166,ID2: 253, Timer: 7568, RSSI: -44
2026-08-10 21:40:41,ID: 166,ID2: 253, Timer: 7589, RSSI: -44
2026-08-10 21:40:41,ID: 166,ID2: 253, Timer: 7596, RSSI: -43
2026-08-10 21:40:41,ID: 166,ID2: 253, Timer: 7638, RSSI: -43
2026-08-10 21:40:41,ID: 166,ID2: 253, Timer: 7638, RSSI: -43
2026-08-10 21:40:41,ID: 166,ID2: 253, Timer: 7659, RSSI: -43
2026-08-10 21:40:41,ID: 166,ID2: 253, Timer: 7666, RSSI: -42
2026-08-10 21:40:41,ID: 166,ID2: 253, Timer: 7673, RSSI: -45
2026-08-10 21:40:41,ID: 166,ID2: 253, Timer: 7680, RSSI: -43
2026-08-10 21:40:41,ID: 166,ID2: 253, Timer: 7687, RSSI: -42
2026-08-10 21:40:41,ID: 166,ID2: 253, Timer: 7708, RSSI: -42
2026-08-10 21:40:41,ID: 166,ID2: 253, Timer: 7722, RSSI: -43
2026-08-10 21:40:41,ID: 166,ID2: 253, Timer: 7750, RSSI: -42
2026-08-10 21:40:41,ID: 166,ID2: 253, Timer: 7757, RSSI: -44
2026-08-10 21:40:41,ID: 166,ID2: 253, Timer: 7764, RSSI: -43
2026-08-10 21:40:41,ID: 166,ID2: 253, Timer: 7778, RSSI: -44
2026-08-10 21:40:41,ID: 166,ID2: 253, Timer: 7799, RSSI: -44
2026-08-10 21:40:41,ID: 166,ID2: 253, Timer: 7806, RSSI: -43
2026-08-10 21:40:41,ID: 166,ID2: 253, Timer: 7820, RSSI: -45
2026-08-10 21:40:41,ID: 166,ID2: 253, Timer: 7827, RSSI: -43
2026-08-10 21:40:41,ID: 166,ID2: 253, Timer: 7848, RSSI: -44
2026-08-10 21:40:41,ID: 166,ID2: 253, Timer: 7862, RSSI: -44
2026-08-10 21:40:41,ID: 166,ID2: 253, Timer: 7869, RSSI: -43
2026-08-10 21:40:41,ID: 166,ID2: 253, Timer: 7890, RSSI: -43
2026-08-10 21:40:41,ID: 166,ID2: 253, Timer: 7932, RSSI: -43
2026-08-10 21:40:41,ID: 166,ID2: 253, Timer: 7932, RSSI: -43
2026-08-10 21:40:41,ID: 166,ID2: 253, Timer: 7939, RSSI: -42
2026-08-10 21:40:41,ID: 166,ID2: 253, Timer: 7946, RSSI: -44
2026-08-10 21:40:41,ID: 166,ID2: 253, Timer: 7953, RSSI: -43
2026-08-10 21:40:41,ID: 166,ID2: 253, Timer: 7974, RSSI: -43
2026-08-10 21:40:41,ID: 166,ID2: 253, Timer: 7974, RSSI: -43
2026-08-10 21:40:41,ID: 166,ID2: 253, Timer: 7981, RSSI: -42
2026-08-10 21:40:41,ID: 166,ID2: 253, Timer: 7988, RSSI: -45
2026-08-10 21:40:41,ID: 166,ID2: 253, Timer: 7995, RSSI: -43
2026-08-10 21:40:41,ID: 166,ID2: 253, Timer: 8016, RSSI: -43
2026-08-10 21:40:41,ID: 166,ID2: 253, Timer: 8023, RSSI: -42
2026-08-10 21:40:41,ID: 166,ID2: 253, Timer: 8030, RSSI: -44
2026-08-10 21:40:41,ID: 166,ID2: 253, Timer: 8037, RSSI: -43
2026-08-10 21:40:41,ID: 166,ID2: 253, Timer: 8044, RSSI: -42
2026-08-10 21:40:41,ID: 166,ID2: 253, Timer: 8051, RSSI: -45
2026-08-10 21:40:41,ID: 166,ID2: 253, Timer: 8058, RSSI: -43
2026-08-10 21:40:41,ID: 166,ID2: 253, Timer: 8100, RSSI: -43
2026-08-10 21:40:41,ID: 166,ID2: 253, Timer: 8121, RSSI: -44
2026-08-10 21:40:41,ID: 166,ID2: 253, Timer: 8142, RSSI: -43
2026-08-10 21:40:41,ID: 166,ID2: 253, Timer: 8170, RSSI: -42
2026-08-10 21:40:41,ID: 166,ID2: 253, Timer: 8184, RSSI: -43
2026-08-10 21:40:41,ID: 166,ID2: 253, Timer: 8205, RSSI: -43
2026-08-10 21:40:41,ID: 166,ID2: 253, Timer: 8226, RSSI: -44
2026-08-10 21:40:41,ID: 166,ID2: 253, Timer: 8247, RSSI: -44
2026-08-10 21:40:41,ID: 166,ID2: 253, Timer: 8261, RSSI: -45
2026-08-10 21:40:41,ID: 166,ID2: 253, Timer: 8268, RSSI: -43
2026-08-10 21:40:41,ID: 166,ID2: 253, Timer: 8282, RSSI: -45
2026-08-10 21:40:41,ID: 166,ID2: 253, Timer: 8289, RSSI: -43
2026-08-10 21:40:41,ID: 166,ID2: 253, Timer: 8310, RSSI: -43
2026-08-10 21:40:41,ID: 166,ID2: 253, Timer: 8338, RSSI: -42
2026-08-10 21:40:41,ID: 166,ID2: 253, Timer: 8345, RSSI: -45
2026-08-10 21:40:41,ID: 166,ID2: 253, Timer: 8352, RSSI: -43
2026-08-10 21:40:41,ID: 166,ID2: 253, Timer: 8359, RSSI: -42
2026-08-10 21:40:41,ID: 166,ID2: 253, Timer: 8366, RSSI: -45
2026-08-10 21:40:41,ID: 166,ID2: 253, Timer: 8387, RSSI: -44
2026-08-10 21:40:41,ID: 166,ID2: 253, Timer: 8394, RSSI: -43
2026-08-10 21:40:41,ID: 166,ID2: 253, Timer: 8401, RSSI: -42
2026-08-10 21:40:41,ID: 166,ID2: 253, Timer: 8408, RSSI: -45
2026-08-10 21:40:41,ID: 166,ID2: 253, Timer: 8422, RSSI: -42
2026-08-10 21:40:41,ID: 166,ID2: 253, Timer: 8436, RSSI: -45
2026-08-10 21:40:41,ID: 166,ID2: 253, Timer: 8443, RSSI: -43
2026-08-10 21:40:41,ID: 166,ID2: 253, Timer: 8457, RSSI: -45
2026-08-10 21:40:41,ID: 166,ID2: 253, Timer: 8464, RSSI: -43
2026-08-10 21:40:41,ID: 166,ID2: 253, Timer: 8478, RSSI: -44
2026-08-10 21:40:41,ID: 166,ID2: 253, Timer: 8478, RSSI: -44
2026-08-10 21:40:41,ID: 166,ID2: 253, Timer: 8499, RSSI: -44
2026-08-10 21:40:41,ID: 166,ID2: 253, Timer: 8506, RSSI: -42
2026-08-10 21:40:41,ID: 166,ID2: 253, Timer: 8513, RSSI: -42
2026-08-10 21:40:41,ID: 166,ID2: 253, Timer: 8520, RSSI: -47
2026-08-10 21:40:41,ID: 166,ID2: 253, Timer: 8541, RSSI: -46
2026-08-10 21:40:41,ID: 166,ID2: 253, Timer: 8555, RSSI: -45
2026-08-10 21:40:41,ID: 166,ID2: 253, Timer: 8562, RSSI: -46
2026-08-10 21:40:41,ID: 166,ID2: 253, Timer: 8590, RSSI: -43
2026-08-10 21:40:41,ID: 166,ID2: 253, Timer: 8604, RSSI: -46
2026-08-10 21:40:41,ID: 166,ID2: 253, Timer: 8611, RSSI: -43
2026-08-10 21:40:41,ID: 166,ID2: 253, Timer: 8618, RSSI: -46
2026-08-10 21:40:41,ID: 166,ID2: 253, Timer: 8625, RSSI: -46
2026-08-10 21:40:41,ID: 166,ID2: 253, Timer: 8632, RSSI: -41
2026-08-10 21:40:41,ID: 166,ID2: 253, Timer: 8646, RSSI: -45
2026-08-10 21:40:41,ID: 166,ID2: 253, Timer: 8646, RSSI: -45
2026-08-10 21:40:41,ID: 166,ID2: 253, Timer: 8674, RSSI: -42
2026-08-10 21:40:41,ID: 166,ID2: 253, Timer: 8681, RSSI: -46
2026-08-10 21:40:41,ID: 166,ID2: 253, Timer: 8688, RSSI: -46
2026-08-10 21:40:41,ID: 166,ID2: 253, Timer: 8695, RSSI: -42
2026-08-10 21:40:41,ID: 166,ID2: 253, Timer: 8723, RSSI: -47
2026-08-10 21:40:41,ID: 166,ID2: 253, Timer: 8730, RSSI: -46
2026-08-10 21:40:41,ID: 166,ID2: 253, Timer: 8751, RSSI: -46
2026-08-10 21:40:41,ID: 166,ID2: 253, Timer: 8758, RSSI: -43
2026-08-10 21:40:41,ID: 166,ID2: 253, Timer: 8765, RSSI: -47
2026-08-10 21:40:41,ID: 166,ID2: 253, Timer: 8772, RSSI: -46
2026-08-10 21:40:41,ID: 166,ID2: 253, Timer: 8792, RSSI: -45
2026-08-10 21:40:41,ID: 166,ID2: 253, Timer: 9092, RSSI: -43
2026-08-10 21:40:41,ID: 166,Eco Session Enter: 4273, Leave: 5118
2026-08-10 21:45:14,ID: 253,Current Timer: 91320
2026-08-10 21:45:14,ID: 253,Contact Count: 15
2026-08-10 21:45:14,ID: 253,Voltage: 1809
2026-08-10 21:45:14,ID: 253,ID2: 166, Timer: 91049, RSSI: -50
2026-08-10 21:45:14,ID: 253,ID2: 166, Timer: 91056, RSSI: -50
2026-08-10 21:45:14,ID: 253,ID2: 166, Timer: 91063, RSSI: -50
2026-08-10 21:45:14,ID: 253,ID2: 166, Timer: 91070, RSSI: -49
2026-08-10 21:45:14,ID: 253,ID2: 166, Timer: 91077, RSSI: -50
2026-08-10 21:45:14,ID: 253,ID2: 166, Timer: 91084, RSSI: -51
2026-08-10 21:45:14,ID: 253,ID2: 166, Timer: 91091, RSSI: -50
2026-08-10 21:45:14,ID: 253,ID2: 166, Timer: 91098, RSSI: -50
2026-08-10 21:45:14,ID: 253,ID2: 166, Timer: 91112, RSSI: -50
2026-08-10 21:45:14,ID: 253,ID2: 166, Timer: 91126, RSSI: -51
2026-08-10 21:45:14,ID: 253,ID2: 166, Timer: 91147, RSSI: -50
2026-08-10 21:45:14,ID: 253,ID2: 166, Timer: 91154, RSSI: -49
2026-08-10 21:45:14,ID: 253,ID2: 166, Timer: 91168, RSSI: -51
2026-08-10 21:45:14,ID: 253,ID2: 166, Timer: 91196, RSSI: -49
2026-08-10 21:45:14,ID: 253,ID2: 166, Timer: 91203, RSSI: -51
2026-08-10 21:45:15,ID: 253,Current Timer: 91320
2026-08-10 21:45:15,ID: 253,Contact Count: 0
2026-08-10 21:45:15,ID: 253,Voltage: 1809
2026-08-10 21:45:15,ID: 253,Current Timer: 91321
2026-08-10 21:45:15,ID: 253,Contact Count: 0
2026-08-10 21:45:15,ID: 253,Voltage: 1809
2026-08-10 21:45:16,ID: 253,Current Timer: 91321
2026-08-10 21:45:16,ID: 253,Contact Count: 0
2026-08-10 21:45:16,ID: 253,Voltage: 1809
2026-08-10 21:45:16,ID: 253,Current Timer: 91322
2026-08-10 21:45:16,ID: 253,Contact Count: 0
2026-08-10 21:45:16,ID: 253,Voltage: 1809
2026-08-10 21:45:17,ID: 253,Current Timer: 91322
2026-08-10 21:45:17,ID: 253,Contact Count: 0
2026-08-10 21:45:17,ID: 253,Voltage: 1809
2026-08-10 21:45:17,ID: 166,Current Timer: 9511
2026-08-10 21:45:17,ID: 166,Contact Count: 1
2026-08-10 21:45:17,ID: 166,Voltage: 2641
2026-08-10 21:45:17,ID: 166,ID2: 253, Timer: 9392, RSSI: -47
2026-08-10 21:45:18,ID: 166,Current Timer: 9511
2026-08-10 21:45:18,ID: 166,Contact Count: 0
2026-08-10 21:45:18,ID: 166,Voltage: 2641
2026-08-10 21:45:18,ID: 166,Current Timer: 9512
2026-08-10 21:45:18,ID: 166,Contact Count: 0
2026-08-10 21:45:18,ID: 166,Voltage: 2641
2026-08-10 21:45:19,ID: 166,Current Timer: 9512
2026-08-10 21:45:19,ID: 166,Contact Count: 0
2026-08-10 21:45:19,ID: 166,Voltage: 2641
2026-08-10 21:45:19,ID: 166,Current Timer: 9513
2026-08-10 21:45:19,ID: 166,Contact Count: 0
2026-08-10 21:45:19,ID: 166,Voltage: 2641
2026-08-10 21:45:20,ID: 166,Current Timer: 9513
2026-08-10 21:45:20,ID: 166,Contact Count: 0
2026-08-10 21:45:20,ID: 166,Voltage: 2641
2026-08-10 21:45:20,ID: 166,Current Timer: 9514
2026-08-10 21:45:20,ID: 166,Contact Count: 0
2026-08-10 21:45:20,ID: 166,Voltage: 2641
2026-08-10 21:45:21,ID: 166,Current Timer: 9514
2026-08-10 21:45:21,ID: 166,Contact Count: 0
2026-08-10 21:45:21,ID: 166,Voltage: 2641
2026-08-10 21:45:21,ID: 253,Current Timer: 91327
2026-08-10 21:45:21,ID: 253,Contact Count: 0
2026-08-10 21:45:21,ID: 253,Voltage: 1809
2026-08-10 21:45:22,ID: 253,Current Timer: 91327
2026-08-10 21:45:22,ID: 253,Contact Count: 0
2026-08-10 21:45:22,ID: 253,Voltage: 1809
2026-08-10 21:45:22,ID: 253,Current Timer: 91328
2026-08-10 21:45:22,ID: 253,Contact Count: 0
2026-08-10 21:45:22,ID: 253,Voltage: 1809
2026-08-10 21:46:22,ID: 166,Current Timer: 9575
2026-08-10 21:46:22,ID: 166,Contact Count: 0
2026-08-10 21:46:22,ID: 166,Voltage: 2641
2026-08-10 21:46:22,ID: 166,Current Timer: 9576
2026-08-10 21:46:22,ID: 166,Contact Count: 0
2026-08-10 21:46:22,ID: 166,Voltage: 2641
2026-08-10 21:46:23,ID: 166,Current Timer: 9576
2026-08-10 21:46:23,ID: 166,Contact Count: 0
2026-08-10 21:46:23,ID: 166,Voltage: 2641
2026-08-10 21:46:23,ID: 166,Current Timer: 9577
2026-08-10 21:46:23,ID: 166,Contact Count: 0
2026-08-10 21:46:23,ID: 166,Voltage: 2641
2026-08-10 21:46:24,ID: 166,Current Timer: 9577
2026-08-10 21:46:24,ID: 166,Contact Count: 0
2026-08-10 21:46:24,ID: 166,Voltage: 2641
2026-08-10 21:46:24,ID: 166,Current Timer: 9578
2026-08-10 21:46:24,ID: 166,Contact Count: 0
2026-08-10 21:46:24,ID: 166,Voltage: 2641
2026-08-10 21:46:25,ID: 166,Current Timer: 9578
2026-08-10 21:46:25,ID: 166,Contact Count: 0
2026-08-10 21:46:25,ID: 166,Voltage: 2641
2026-08-10 21:46:25,ID: 166,Current Timer: 9579
2026-08-10 21:46:25,ID: 166,Contact Count: 0
2026-08-10 21:46:25,ID: 166,Voltage: 2641
2026-08-10 21:46:26,ID: 253,Current Timer: 91391
2026-08-10 21:46:26,ID: 253,Contact Count: 0
2026-08-10 21:46:26,ID: 253,Voltage: 1809
2026-08-10 21:46:26,ID: 253,Current Timer: 91392
2026-08-10 21:46:26,ID: 253,Contact Count: 0
2026-08-10 21:46:26,ID: 253,Voltage: 1809
2026-08-10 21:46:27,ID: 253,Current Timer: 91392
2026-08-10 21:46:27,ID: 253,Contact Count: 0
2026-08-10 21:46:27,ID: 253,Voltage: 1809
2026-08-10 21:46:27,ID: 253,Current Timer: 91393
2026-08-10 21:46:27,ID: 253,Contact Count: 0
2026-08-10 21:46:27,ID: 253,Voltage: 1809
2026-08-10 21:46:28,ID: 253,Current Timer: 91393
2026-08-10 21:46:28,ID: 253,Contact Count: 0
2026-08-10 21:46:28,ID: 253,Voltage: 1809
2026-08-10 21:46:28,ID: 253,Current Timer: 91394
2026-08-10 21:46:28,ID: 253,Contact Count: 0
2026-08-10 21:46:28,ID: 253,Voltage: 1809
2026-08-10 21:46:29,ID: 253,Current Timer: 91394
2026-08-10 21:46:29,ID: 253,Contact Count: 0
2026-08-10 21:46:29,ID: 253,Voltage: 1809
2026-08-10 21:46:29,ID: 253,Current Timer: 91395
2026-08-10 21:46:29,ID: 253,Contact Count: 0
2026-08-10 21:46:29,ID: 253,Voltage: 1809
2026-08-10 21:46:30,ID: 253,Current Timer: 91395
2026-08-10 21:46:30,ID: 253,Contact Count: 0
2026-08-10 21:46:30,ID: 253,Voltage: 1809
2026-08-10 21:46:30,ID: 253,Current Timer: 91396
2026-08-10 21:46:30,ID: 253,Contact Count: 0
2026-08-10 21:46:30,ID: 253,Voltage: 1809
2026-08-10 21:46:31,ID: 253,Current Timer: 91396
2026-08-10 21:46:31,ID: 253,Contact Count: 0
2026-08-10 21:46:31,ID: 253,Voltage: 1809
2026-08-10 21:46:31,ID: 253,Current Timer: 91397
2026-08-10 21:46:31,ID: 253,Contact Count: 0
2026-08-10 21:46:31,ID: 253,Voltage: 1809
2026-08-10 21:46:32,ID: 253,Current Timer: 91397
2026-08-10 21:46:32,ID: 253,Contact Count: 0
2026-08-10 21:46:32,ID: 253,Voltage: 1809
2026-08-10 21:46:32,ID: 253,Current Timer: 91398
2026-08-10 21:46:32,ID: 253,Contact Count: 0
2026-08-10 21:46:32,ID: 253,Voltage: 1809
2026-08-10 21:46:32,ID: 253,Current Timer: 91398
2026-08-10 21:46:32,ID: 253,Contact Count: 0
2026-08-10 21:46:32,ID: 253,Voltage: 1809
2026-08-10 21:46:33,ID: 166,Current Timer: 9587
2026-08-10 21:46:33,ID: 166,Contact Count: 0
2026-08-10 21:46:33,ID: 166,Voltage: 2641
2026-08-10 21:48:53,ID: 253,Current Timer: 91538
2026-08-10 21:48:53,ID: 253,Contact Count: 0
2026-08-10 21:48:53,ID: 253,Voltage: 1809
2026-08-10 21:48:53,ID: 253,Current Timer: 91539
2026-08-10 21:48:53,ID: 253,Contact Count: 0
2026-08-10 21:48:53,ID: 253,Voltage: 1809
2026-08-10 21:48:54,ID: 253,Current Timer: 91539
2026-08-10 21:48:54,ID: 253,Contact Count: 0
2026-08-10 21:48:54,ID: 253,Voltage: 1809
2026-08-10 21:48:54,ID: 253,Current Timer: 91540
2026-08-10 21:48:54,ID: 253,Contact Count: 0
2026-08-10 21:48:54,ID: 253,Voltage: 1809
2026-08-10 21:48:55,ID: 253,Current Timer: 91540
2026-08-10 21:48:55,ID: 253,Contact Count: 0
2026-08-10 21:48:55,ID: 253,Voltage: 1809
2026-08-10 21:48:55,ID: 253,Current Timer: 91541
2026-08-10 21:48:55,ID: 253,Contact Count: 0
2026-08-10 21:48:55,ID: 253,Voltage: 1809
2026-08-10 21:48:56,ID: 253,Current Timer: 91541
2026-08-10 21:48:56,ID: 253,Contact Count: 0
2026-08-10 21:48:56,ID: 253,Voltage: 1809
2026-08-10 21:48:56,ID: 253,Current Timer: 91542
2026-08-10 21:48:56,ID: 253,Contact Count: 0
2026-08-10 21:48:56,ID: 253,Voltage: 1809
2026-08-10 21:48:57,ID: 253,Current Timer: 91542
2026-08-10 21:48:57,ID: 253,Contact Count: 0
2026-08-10 21:48:57,ID: 253,Voltage: 1809
2026-08-10 21:48:57,ID: 253,Current Timer: 91543
2026-08-10 21:48:57,ID: 253,Contact Count: 0
2026-08-10 21:48:57,ID: 253,Voltage: 1809
2026-08-10 21:48:58,ID: 166,Current Timer: 9731
2026-08-10 21:48:58,ID: 166,Contact Count: 3
2026-08-10 21:48:58,ID: 166,Voltage: 2641
2026-08-10 21:48:58,ID: 166,ID2: 253, Timer: 9664, RSSI: -55
2026-08-10 21:48:58,ID: 166,ID2: 253, Timer: 9699, RSSI: -51
2026-08-10 21:48:58,ID: 166,ID2: 253, Timer: 9720, RSSI: -50
2026-08-10 21:48:58,ID: 166,Eco Session Enter: 8792, Leave: 9657
2026-08-10 21:48:58,ID: 253,Current Timer: 91544
2026-08-10 21:48:58,ID: 253,Contact Count: 0
2026-08-10 21:48:58,ID: 253,Voltage: 1809
2026-08-10 21:48:59,ID: 253,Current Timer: 91544
2026-08-10 21:48:59,ID: 253,Contact Count: 0
2026-08-10 21:48:59,ID: 253,Voltage: 1809
2026-08-10 21:48:59,ID: 253,Current Timer: 91544
2026-08-10 21:48:59,ID: 253,Contact Count: 0
2026-08-10 21:48:59,ID: 253,Voltage: 1809
2026-08-10 21:48:59,ID: 166,Current Timer: 9733
2026-08-10 21:48:59,ID: 166,Contact Count: 0
2026-08-10 21:48:59,ID: 166,Voltage: 2641
2026-08-10 21:49:00,ID: 166,Current Timer: 9734
2026-08-10 21:49:00,ID: 166,Contact Count: 0
2026-08-10 21:49:00,ID: 166,Voltage: 2641
2026-08-10 21:49:00,ID: 166,Current Timer: 9734
2026-08-10 21:49:00,ID: 166,Contact Count: 0
2026-08-10 21:49:00,ID: 166,Voltage: 2641
2026-08-10 21:49:01,ID: 166,Current Timer: 9735
2026-08-10 21:49:01,ID: 166,Contact Count: 0
2026-08-10 21:49:01,ID: 166,Voltage: 2641
2026-08-10 21:49:02,ID: 166,Current Timer: 9735
2026-08-10 21:49:02,ID: 166,Contact Count: 0
2026-08-10 21:49:02,ID: 166,Voltage: 2641
2026-08-10 21:49:02,ID: 166,Current Timer: 9736
2026-08-10 21:49:02,ID: 166,Contact Count: 0
2026-08-10 21:49:02,ID: 166,Voltage: 2641
2026-08-10 21:49:03,ID: 166,Current Timer: 9736
2026-08-10 21:49:03,ID: 166,Contact Count: 0
2026-08-10 21:49:03,ID: 166,Voltage: 2641
2026-08-10 21:49:03,ID: 166,Current Timer: 9737
2026-08-10 21:49:03,ID: 166,Contact Count: 0
2026-08-10 21:49:03,ID: 166,Voltage: 2641
2026-08-10 21:49:04,ID: 166,Current Timer: 9737
2026-08-10 21:49:04,ID: 166,Contact Count: 0
2026-08-10 21:49:04,ID: 166,Voltage: 2641
2026-08-10 21:49:04,ID: 166,Current Timer: 9738
2026-08-10 21:49:04,ID: 166,Contact Count: 0
2026-08-10 21:49:04,ID: 166,Voltage: 2641
2026-08-10 21:49:04,ID: 166,Current Timer: 9738
2026-08-10 21:49:04,ID: 166,Contact Count: 0
2026-08-10 21:49:04,ID: 166,Voltage: 2641
2026-08-10 21:49:05,ID: 166,Current Timer: 9739
2026-08-10 21:49:05,ID: 166,Contact Count: 0
2026-08-10 21:49:05,ID: 166,Voltage: 2641
2026-08-10 21:49:06,ID: 253,Current Timer: 91551
2026-08-10 21:49:06,ID: 253,Contact Count: 0
2026-08-10 21:49:06,ID: 253,Voltage: 1809
2026-08-10 21:49:06,ID: 253,Current Timer: 91552
2026-08-10 21:49:06,ID: 253,Contact Count: 0
2026-08-10 21:49:06,ID: 253,Voltage: 1809
2026-08-10 21:49:07,ID: 166,Current Timer: 9740
2026-08-10 21:49:07,ID: 166,Contact Count: 0
2026-08-10 21:49:07,ID: 166,Voltage: 2641
2026-08-10 21:49:46,ID: 166,Current Timer: 9780
2026-08-10 21:49:46,ID: 166,Contact Count: 4
2026-08-10 21:49:46,ID: 166,Voltage: 2641
2026-08-10 21:49:46,ID: 166,ID2: 253, Timer: 9741, RSSI: -51
2026-08-10 21:49:46,ID: 166,ID2: 253, Timer: 9741, RSSI: -51
2026-08-10 21:49:46,ID: 166,ID2: 253, Timer: 9762, RSSI: -52
2026-08-10 21:49:46,ID: 166,ID2: 253, Timer: 9769, RSSI: -52
2026-08-10 21:49:47,ID: 166,Current Timer: 9781
2026-08-10 21:49:47,ID: 166,Contact Count: 0
2026-08-10 21:49:47,ID: 166,Voltage: 2641
2026-08-10 21:49:47,ID: 166,Current Timer: 9781
2026-08-10 21:49:47,ID: 166,Contact Count: 0
2026-08-10 21:49:47,ID: 166,Voltage: 2641
2026-08-10 21:49:48,ID: 166,Current Timer: 9782
2026-08-10 21:49:48,ID: 166,Contact Count: 0
2026-08-10 21:49:48,ID: 166,Voltage: 2641
2026-08-10 21:49:48,ID: 253,Current Timer: 91594
2026-08-10 21:49:48,ID: 253,Contact Count: 0
2026-08-10 21:49:48,ID: 253,Voltage: 1809
2026-08-10 21:49:49,ID: 166,Current Timer: 9783
2026-08-10 21:49:49,ID: 166,Contact Count: 0
2026-08-10 21:49:49,ID: 166,Voltage: 2641
2026-08-10 21:49:49,ID: 166,Current Timer: 9783
2026-08-10 21:49:49,ID: 166,Contact Count: 0
2026-08-10 21:49:49,ID: 166,Voltage: 2641
2026-08-10 21:49:50,ID: 166,Current Timer: 9784
2026-08-10 21:49:50,ID: 166,Contact Count: 1
2026-08-10 21:49:50,ID: 166,Voltage: 2641
2026-08-10 21:49:50,ID: 166,ID2: 253, Timer: 9783, RSSI: -51
2026-08-10 21:49:51,ID: 166,Current Timer: 9784
2026-08-10 21:49:51,ID: 166,Contact Count: 0
2026-08-10 21:49:51,ID: 166,Voltage: 2641
2026-08-10 21:49:51,ID: 166,Current Timer: 9785
2026-08-10 21:49:51,ID: 166,Contact Count: 0
2026-08-10 21:49:51,ID: 166,Voltage: 2641
2026-08-10 21:49:52,ID: 166,Current Timer: 9785
2026-08-10 21:49:52,ID: 166,Contact Count: 0
2026-08-10 21:49:52,ID: 166,Voltage: 2641
2026-08-10 21:49:52,ID: 253,Current Timer: 91597
2026-08-10 21:49:52,ID: 253,Contact Count: 0
2026-08-10 21:49:52,ID: 253,Voltage: 1809
2026-08-10 21:49:52,ID: 253,Current Timer: 91598
2026-08-10 21:49:52,ID: 253,Contact Count: 0
2026-08-10 21:49:52,ID: 253,Voltage: 1809
2026-08-10 21:49:53,ID: 253,Current Timer: 91598
2026-08-10 21:49:53,ID: 253,Contact Count: 0
2026-08-10 21:49:53,ID: 253,Voltage: 1809
2026-08-10 21:49:54,ID: 253,Current Timer: 91599
2026-08-10 21:49:54,ID: 253,Contact Count: 0
2026-08-10 21:49:54,ID: 253,Voltage: 1809
2026-08-10 21:49:54,ID: 253,Current Timer: 91600
2026-08-10 21:49:54,ID: 253,Contact Count: 0
2026-08-10 21:49:54,ID: 253,Voltage: 1809
2026-08-10 21:49:54,ID: 253,Current Timer: 91600
2026-08-10 21:49:54,ID: 253,Contact Count: 0
2026-08-10 21:49:54,ID: 253,Voltage: 1809
2026-08-10 21:49:55,ID: 253,Current Timer: 91600
2026-08-10 21:49:55,ID: 253,Contact Count: 0
2026-08-10 21:49:55,ID: 253,Voltage: 1809
2026-08-10 21:49:55,ID: 166,Current Timer: 9789
2026-08-10 21:49:55,ID: 166,Contact Count: 0
2026-08-10 21:49:55,ID: 166,Voltage: 2641
2026-08-10 21:49:56,ID: 166,Current Timer: 9790
2026-08-10 21:49:56,ID: 166,Contact Count: 0
2026-08-10 21:49:56,ID: 166,Voltage: 2641
2026-08-10 21:49:56,ID: 166,Current Timer: 9790
2026-08-10 21:49:56,ID: 166,Contact Count: 0
2026-08-10 21:49:56,ID: 166,Voltage: 2641
2026-08-10 21:49:57,ID: 166,Current Timer: 9791
2026-08-10 21:49:57,ID: 166,Contact Count: 0
2026-08-10 21:49:57,ID: 166,Voltage: 2641
2026-08-10 21:59:36,ID: 166,Current Timer: 10369
2026-08-10 21:59:36,ID: 166,Contact Count: 44
2026-08-10 21:59:36,ID: 166,Voltage: 2641
2026-08-10 21:59:36,ID: 166,ID2: 253, Timer: 9797, RSSI: -44
2026-08-10 21:59:36,ID: 166,ID2: 253, Timer: 9804, RSSI: -52
2026-08-10 21:59:36,ID: 166,ID2: 253, Timer: 9825, RSSI: -47
2026-08-10 21:59:36,ID: 166,ID2: 253, Timer: 9846, RSSI: -46
2026-08-10 21:59:36,ID: 166,ID2: 253, Timer: 9860, RSSI: -45
2026-08-10 21:59:36,ID: 166,ID2: 253, Timer: 9867, RSSI: -47
2026-08-10 21:59:36,ID: 166,ID2: 253, Timer: 9909, RSSI: -47
2026-08-10 21:59:36,ID: 166,ID2: 253, Timer: 9909, RSSI: -47
2026-08-10 21:59:36,ID: 166,ID2: 253, Timer: 9916, RSSI: -49
2026-08-10 21:59:36,ID: 166,ID2: 253, Timer: 9937, RSSI: -47
2026-08-10 21:59:36,ID: 166,ID2: 253, Timer: 9951, RSSI: -50
2026-08-10 21:59:36,ID: 166,ID2: 253, Timer: 9951, RSSI: -50
2026-08-10 21:59:36,ID: 166,ID2: 253, Timer: 9958, RSSI: -47
2026-08-10 21:59:36,ID: 166,ID2: 253, Timer: 9979, RSSI: -48
2026-08-10 21:59:36,ID: 166,ID2: 253, Timer: 9993, RSSI: -50
2026-08-10 21:59:36,ID: 166,ID2: 253, Timer: 10014, RSSI: -50
2026-08-10 21:59:36,ID: 166,ID2: 253, Timer: 10035, RSSI: -50
2026-08-10 21:59:36,ID: 166,ID2: 253, Timer: 10035, RSSI: -50
2026-08-10 21:59:36,ID: 166,ID2: 253, Timer: 10042, RSSI: -47
2026-08-10 21:59:36,ID: 166,ID2: 253, Timer: 10063, RSSI: -48
2026-08-10 21:59:36,ID: 166,ID2: 253, Timer: 10077, RSSI: -50
2026-08-10 21:59:36,ID: 166,ID2: 253, Timer: 10091, RSSI: -44
2026-08-10 21:59:36,ID: 166,ID2: 253, Timer: 10098, RSSI: -51
2026-08-10 21:59:36,ID: 166,ID2: 253, Timer: 10119, RSSI: -51
2026-08-10 21:59:36,ID: 166,ID2: 253, Timer: 10119, RSSI: -51
2026-08-10 21:59:36,ID: 166,ID2: 253, Timer: 10126, RSSI: -48
2026-08-10 21:59:36,ID: 166,ID2: 253, Timer: 10147, RSSI: -49
2026-08-10 21:59:36,ID: 166,ID2: 253, Timer: 10161, RSSI: -51
2026-08-10 21:59:36,ID: 166,ID2: 253, Timer: 10168, RSSI: -49
2026-08-10 21:59:36,ID: 166,ID2: 253, Timer: 10182, RSSI: -51
2026-08-10 21:59:36,ID: 166,ID2: 253, Timer: 10196, RSSI: -44
2026-08-10 21:59:36,ID: 166,ID2: 253, Timer: 10203, RSSI: -51
2026-08-10 21:59:36,ID: 166,ID2: 253, Timer: 10203, RSSI: -51
2026-08-10 21:59:36,ID: 166,ID2: 253, Timer: 10210, RSSI: -49
2026-08-10 21:59:36,ID: 166,ID2: 253, Timer: 10245, RSSI: -51
2026-08-10 21:59:36,ID: 166,ID2: 253, Timer: 10287, RSSI: -48
2026-08-10 21:59:36,ID: 166,ID2: 253, Timer: 10294, RSSI: -50
2026-08-10 21:59:36,ID: 166,ID2: 253, Timer: 10308, RSSI: -47
2026-08-10 21:59:36,ID: 166,ID2: 253, Timer: 10315, RSSI: -50
2026-08-10 21:59:36,ID: 166,ID2: 4, Timer: 10315, RSSI: -59
2026-08-10 21:59:36,ID: 166,ID2: 253, Timer: 10322, RSSI: -45
2026-08-10 21:59:36,ID: 166,ID2: 4, Timer: 10329, RSSI: -61
2026-08-10 21:59:36,ID: 166,ID2: 253, Timer: 10329, RSSI: -48
2026-08-10 21:59:36,ID: 166,ID2: 253, Timer: 10343, RSSI: -45
2026-08-10 21:59:36,ID: 166,Current Timer: 10370
2026-08-10 21:59:36,ID: 166,Contact Count: 0
2026-08-10 21:59:36,ID: 166,Voltage: 2641
2026-08-10 21:59:36,ID: 166,Current Timer: 10370
2026-08-10 21:59:36,ID: 166,Contact Count: 0
2026-08-10 21:59:36,ID: 166,Voltage: 2641
2026-08-10 21:59:37,ID: 166,Current Timer: 10371
2026-08-10 21:59:37,ID: 166,Contact Count: 0
2026-08-10 21:59:37,ID: 166,Voltage: 2641
2026-08-10 21:59:38,ID: 166,Current Timer: 10372
2026-08-10 21:59:38,ID: 166,Contact Count: 0
2026-08-10 21:59:38,ID: 166,Voltage: 2641
2026-08-10 21:59:38,ID: 166,Current Timer: 10372
2026-08-10 21:59:38,ID: 166,Contact Count: 0
2026-08-10 21:59:38,ID: 166,Voltage: 2641
2026-08-10 21:59:39,ID: 166,Current Timer: 10372
2026-08-10 21:59:39,ID: 166,Contact Count: 0
2026-08-10 21:59:39,ID: 166,Voltage: 2641
2026-08-10 21:59:39,ID: 166,Current Timer: 10373
2026-08-10 21:59:39,ID: 166,Contact Count: 0
2026-08-10 21:59:39,ID: 166,Voltage: 2641
2026-08-10 21:59:40,ID: 166,Current Timer: 10373
2026-08-10 21:59:40,ID: 166,Contact Count: 0
2026-08-10 21:59:40,ID: 166,Voltage: 2641
2026-08-10 21:59:40,ID: 166,Current Timer: 10374
2026-08-10 21:59:40,ID: 166,Contact Count: 0
2026-08-10 21:59:40,ID: 166,Voltage: 2641
2026-08-10 21:59:41,ID: 166,Current Timer: 10375
2026-08-10 21:59:41,ID: 166,Contact Count: 0
2026-08-10 21:59:41,ID: 166,Voltage: 2641
2026-08-10 22:10:07,ID: 169,Current Timer: 660
2026-08-10 22:10:07,ID: 169,Contact Count: 40
2026-08-10 22:10:07,ID: 169,Voltage: 3019
2026-08-10 22:10:07,ID: 169,ID2: 166, Timer: 69, RSSI: -67
2026-08-10 22:10:07,ID: 169,ID2: 166, Timer: 90, RSSI: -69
2026-08-10 22:10:07,ID: 169,ID2: 166, Timer: 97, RSSI: -73
2026-08-10 22:10:07,ID: 169,ID2: 166, Timer: 111, RSSI: -71
2026-08-10 22:10:07,ID: 169,ID2: 166, Timer: 125, RSSI: -69
2026-08-10 22:10:07,ID: 169,ID2: 166, Timer: 139, RSSI: -71
2026-08-10 22:10:07,ID: 169,ID2: 166, Timer: 174, RSSI: -65
2026-08-10 22:10:07,ID: 169,ID2: 166, Timer: 181, RSSI: -60
2026-08-10 22:10:07,ID: 169,ID2: 166, Timer: 202, RSSI: -58
2026-08-10 22:10:07,ID: 169,ID2: 166, Timer: 230, RSSI: -59
2026-08-10 22:10:07,ID: 169,ID2: 166, Timer: 244, RSSI: -57
2026-08-10 22:10:07,ID: 169,ID2: 166, Timer: 251, RSSI: -59
2026-08-10 22:10:07,ID: 169,ID2: 166, Timer: 265, RSSI: -58
2026-08-10 22:10:07,ID: 169,ID2: 166, Timer: 272, RSSI: -59
2026-08-10 22:10:07,ID: 169,ID2: 166, Timer: 279, RSSI: -60
2026-08-10 22:10:07,ID: 169,ID2: 166, Timer: 300, RSSI: -60
2026-08-10 22:10:07,ID: 169,ID2: 166, Timer: 307, RSSI: -58
2026-08-10 22:10:07,ID: 169,ID2: 166, Timer: 321, RSSI: -60
2026-08-10 22:10:07,ID: 169,ID2: 166, Timer: 349, RSSI: -58
2026-08-10 22:10:07,ID: 169,ID2: 166, Timer: 349, RSSI: -58
2026-08-10 22:10:07,ID: 169,ID2: 166, Timer: 356, RSSI: -59
2026-08-10 22:10:07,ID: 169,ID2: 166, Timer: 377, RSSI: -59
2026-08-10 22:10:07,ID: 169,ID2: 166, Timer: 405, RSSI: -60
2026-08-10 22:10:07,ID: 169,ID2: 166, Timer: 419, RSSI: -59
2026-08-10 22:10:07,ID: 169,ID2: 166, Timer: 433, RSSI: -57
2026-08-10 22:10:07,ID: 169,ID2: 166, Timer: 433, RSSI: -57
2026-08-10 22:10:07,ID: 169,ID2: 166, Timer: 475, RSSI: -57
2026-08-10 22:10:07,ID: 169,ID2: 166, Timer: 496, RSSI: -57
2026-08-10 22:10:07,ID: 169,ID2: 166, Timer: 510, RSSI: -60
2026-08-10 22:10:07,ID: 169,ID2: 166, Timer: 517, RSSI: -58
2026-08-10 22:10:07,ID: 169,ID2: 166, Timer: 538, RSSI: -63
2026-08-10 22:10:07,ID: 169,ID2: 166, Timer: 545, RSSI: -58
2026-08-10 22:10:07,ID: 169,ID2: 166, Timer: 552, RSSI: -62
2026-08-10 22:10:07,ID: 169,ID2: 166, Timer: 559, RSSI: -62
2026-08-10 22:10:07,ID: 169,ID2: 166, Timer: 566, RSSI: -58
2026-08-10 22:10:07,ID: 169,ID2: 166, Timer: 587, RSSI: -59
2026-08-10 22:10:07,ID: 169,ID2: 166, Timer: 601, RSSI: -62
2026-08-10 22:10:07,ID: 169,ID2: 166, Timer: 636, RSSI: -61
2026-08-10 22:10:07,ID: 169,ID2: 166, Timer: 643, RSSI: -62
2026-08-10 22:10:07,ID: 169,ID2: 166, Timer: 650, RSSI: -59
2026-08-10 22:10:07,ID: 169,Current Timer: 660
2026-08-10 22:10:07,ID: 169,Contact Count: 0
2026-08-10 22:10:07,ID: 169,Voltage: 3019
2026-08-10 22:10:08,ID: 169,Current Timer: 661
2026-08-10 22:10:08,ID: 169,Contact Count: 0
2026-08-10 22:10:08,ID: 169,Voltage: 3019
2026-08-10 22:10:09,ID: 169,Current Timer: 662
2026-08-10 22:10:09,ID: 169,Contact Count: 0
2026-08-10 22:10:09,ID: 169,Voltage: 3019
2026-08-10 22:10:09,ID: 169,Current Timer: 662
2026-08-10 22:10:09,ID: 169,Contact Count: 0
2026-08-10 22:10:09,ID: 169,Voltage: 3019
2026-08-10 22:10:10,ID: 169,Current Timer: 663
2026-08-10 22:10:10,ID: 169,Contact Count: 0
2026-08-10 22:10:10,ID: 169,Voltage: 3019
2026-08-10 22:10:10,ID: 169,Current Timer: 663
2026-08-10 22:10:10,ID: 169,Contact Count: 0
2026-08-10 22:10:10,ID: 169,Voltage: 3019
2026-08-10 22:10:11,ID: 169,Current Timer: 663
2026-08-10 22:10:11,ID: 169,Contact Count: 0
2026-08-10 22:10:11,ID: 169,Voltage: 3019
2026-08-10 22:10:11,ID: 166,Current Timer: 582
2026-08-10 22:10:11,ID: 166,Contact Count: 44
2026-08-10 22:10:11,ID: 166,Voltage: 2601
2026-08-10 22:10:11,ID: 166,ID2: 169, Timer: 21, RSSI: -71
2026-08-10 22:10:11,ID: 166,ID2: 169, Timer: 42, RSSI: -69
2026-08-10 22:10:11,ID: 166,ID2: 169, Timer: 49, RSSI: -68
2026-08-10 22:10:11,ID: 166,ID2: 169, Timer: 84, RSSI: -66
2026-08-10 22:10:11,ID: 166,ID2: 169, Timer: 84, RSSI: -67
2026-08-10 22:10:11,ID: 166,ID2: 169, Timer: 91, RSSI: -61
2026-08-10 22:10:11,ID: 166,ID2: 169, Timer: 105, RSSI: -66
2026-08-10 22:10:11,ID: 166,ID2: 169, Timer: 112, RSSI: -63
2026-08-10 22:10:11,ID: 166,ID2: 169, Timer: 126, RSSI: -55
2026-08-10 22:10:11,ID: 166,ID2: 169, Timer: 140, RSSI: -58
2026-08-10 22:10:11,ID: 166,ID2: 169, Timer: 147, RSSI: -55
2026-08-10 22:10:11,ID: 166,ID2: 169, Timer: 154, RSSI: -58
2026-08-10 22:10:11,ID: 166,ID2: 169, Timer: 168, RSSI: -55
2026-08-10 22:10:11,ID: 166,ID2: 169, Timer: 189, RSSI: -55
2026-08-10 22:10:11,ID: 166,ID2: 169, Timer: 203, RSSI: -58
2026-08-10 22:10:11,ID: 166,ID2: 169, Timer: 210, RSSI: -55
2026-08-10 22:10:11,ID: 166,ID2: 169, Timer: 210, RSSI: -55
2026-08-10 22:10:11,ID: 166,ID2: 169, Timer: 224, RSSI: -58
2026-08-10 22:10:11,ID: 166,ID2: 169, Timer: 238, RSSI: -57
2026-08-10 22:10:11,ID: 166,ID2: 169, Timer: 245, RSSI: -58
2026-08-10 22:10:11,ID: 166,ID2: 169, Timer: 252, RSSI: -55
2026-08-10 22:10:11,ID: 166,ID2: 169, Timer: 252, RSSI: -55
2026-08-10 22:10:11,ID: 166,ID2: 169, Timer: 287, RSSI: -58
2026-08-10 22:10:11,ID: 166,ID2: 169, Timer: 294, RSSI: -55
2026-08-10 22:10:11,ID: 166,ID2: 169, Timer: 308, RSSI: -58
2026-08-10 22:10:11,ID: 166,ID2: 169, Timer: 336, RSSI: -55
2026-08-10 22:10:11,ID: 166,ID2: 169, Timer: 336, RSSI: -55
2026-08-10 22:10:11,ID: 166,ID2: 169, Timer: 343, RSSI: -58
2026-08-10 22:10:11,ID: 166,ID2: 169, Timer: 378, RSSI: -55
2026-08-10 22:10:11,ID: 166,ID2: 169, Timer: 399, RSSI: -55
2026-08-10 22:10:11,ID: 166,ID2: 169, Timer: 406, RSSI: -58
2026-08-10 22:10:11,ID: 166,ID2: 169, Timer: 420, RSSI: -55
2026-08-10 22:10:11,ID: 166,ID2: 169, Timer: 441, RSSI: -61
2026-08-10 22:10:11,ID: 166,ID2: 169, Timer: 448, RSSI: -56
2026-08-10 22:10:11,ID: 166,ID2: 169, Timer: 455, RSSI: -61
2026-08-10 22:10:11,ID: 166,ID2: 169, Timer: 462, RSSI: -61
2026-08-10 22:10:11,ID: 166,ID2: 169, Timer: 497, RSSI: -60
2026-08-10 22:10:11,ID: 166,ID2: 169, Timer: 504, RSSI: -60
2026-08-10 22:10:11,ID: 166,ID2: 169, Timer: 546, RSSI: -59
2026-08-10 22:10:11,ID: 166,ID2: 169, Timer: 546, RSSI: -59
2026-08-10 22:10:11,ID: 166,ID2: 169, Timer: 553, RSSI: -58
2026-08-10 22:10:11,ID: 166,ID2: 169, Timer: 560, RSSI: -59
2026-08-10 22:10:11,ID: 166,ID2: 169, Timer: 567, RSSI: -60
2026-08-10 22:10:11,ID: 166,ID2: 169, Timer: 574, RSSI: -58
2026-08-10 22:10:12,ID: 169,Current Timer: 664
2026-08-10 22:10:12,ID: 169,Contact Count: 1
2026-08-10 22:10:12,ID: 169,Voltage: 3019
2026-08-10 22:10:12,ID: 169,ID2: 166, Timer: 664, RSSI: -62
2026-08-10 22:10:12,ID: 166,Current Timer: 583
2026-08-10 22:10:12,ID: 166,Contact Count: 0
2026-08-10 22:10:12,ID: 166,Voltage: 2601
2026-08-10 22:10:13,ID: 166,Current Timer: 584
2026-08-10 22:10:13,ID: 166,Contact Count: 0
2026-08-10 22:10:13,ID: 166,Voltage: 2601
2026-08-10 22:10:13,ID: 166,Current Timer: 584
2026-08-10 22:10:13,ID: 166,Contact Count: 0
2026-08-10 22:10:13,ID: 166,Voltage: 2601
2026-08-10 22:10:14,ID: 166,Current Timer: 585
2026-08-10 22:10:14,ID: 166,Contact Count: 0
2026-08-10 22:10:14,ID: 166,Voltage: 2601
2026-08-10 22:10:14,ID: 166,Current Timer: 585
2026-08-10 22:10:14,ID: 166,Contact Count: 0
2026-08-10 22:10:14,ID: 166,Voltage: 2601
2026-08-10 22:12:06,ID: 166,Current Timer: 697
2026-08-10 22:12:06,ID: 166,Contact Count: 10
2026-08-10 22:12:06,ID: 166,Voltage: 2601
2026-08-10 22:12:06,ID: 166,ID2: 169, Timer: 588, RSSI: -59
2026-08-10 22:12:06,ID: 166,ID2: 169, Timer: 588, RSSI: -59
2026-08-10 22:12:06,ID: 166,ID2: 169, Timer: 595, RSSI: -57
2026-08-10 22:12:06,ID: 166,ID2: 169, Timer: 602, RSSI: -60
2026-08-10 22:12:06,ID: 166,ID2: 169, Timer: 609, RSSI: -59
2026-08-10 22:12:06,ID: 166,ID2: 169, Timer: 637, RSSI: -58
2026-08-10 22:12:06,ID: 166,ID2: 169, Timer: 651, RSSI: -58
2026-08-10 22:12:06,ID: 166,ID2: 169, Timer: 672, RSSI: -59
2026-08-10 22:12:06,ID: 166,ID2: 169, Timer: 679, RSSI: -58
2026-08-10 22:12:06,ID: 166,ID2: 169, Timer: 693, RSSI: -60
2026-08-10 22:12:06,ID: 166,Current Timer: 697
2026-08-10 22:12:06,ID: 166,Contact Count: 0
2026-08-10 22:12:06,ID: 166,Voltage: 2601
2026-08-10 22:12:07,ID: 169,Current Timer: 780
2026-08-10 22:12:07,ID: 169,Contact Count: 8
2026-08-10 22:12:07,ID: 169,Voltage: 3019
2026-08-10 22:12:07,ID: 169,ID2: 166, Timer: 685, RSSI: -61
2026-08-10 22:12:07,ID: 169,ID2: 166, Timer: 685, RSSI: -61
2026-08-10 22:12:07,ID: 169,ID2: 166, Timer: 692, RSSI: -59
2026-08-10 22:12:07,ID: 169,ID2: 166, Timer: 720, RSSI: -62
2026-08-10 22:12:07,ID: 169,ID2: 166, Timer: 727, RSSI: -61
2026-08-10 22:12:07,ID: 169,ID2: 166, Timer: 741, RSSI: -62
2026-08-10 22:12:07,ID: 169,ID2: 166, Timer: 762, RSSI: -63
2026-08-10 22:12:07,ID: 169,ID2: 166, Timer: 769, RSSI: -62
2026-08-10 22:12:08,ID: 169,Current Timer: 780
2026-08-10 22:12:08,ID: 169,Contact Count: 0
2026-08-10 22:12:08,ID: 169,Voltage: 3019
2026-08-10 22:12:08,ID: 169,Current Timer: 781
2026-08-10 22:12:08,ID: 169,Contact Count: 0
2026-08-10 22:12:08,ID: 169,Voltage: 3019
2026-08-10 22:12:09,ID: 166,Current Timer: 699
2026-08-10 22:12:09,ID: 166,Contact Count: 0
2026-08-10 22:12:09,ID: 166,Voltage: 2601
2026-08-10 22:12:09,ID: 166,Current Timer: 700
2026-08-10 22:12:09,ID: 166,Contact Count: 0
2026-08-10 22:12:09,ID: 166,Voltage: 2601
2026-08-10 22:12:10,ID: 166,Current Timer: 700
2026-08-10 22:12:10,ID: 166,Contact Count: 0
2026-08-10 22:12:10,ID: 166,Voltage: 2601
2026-08-10 22:12:10,ID: 166,Current Timer: 701
2026-08-10 22:12:10,ID: 166,Contact Count: 0
2026-08-10 22:12:10,ID: 166,Voltage: 2601
2026-08-10 22:14:04,ID: 166,Current Timer: 815
2026-08-10 22:14:04,ID: 166,Contact Count: 6
2026-08-10 22:14:04,ID: 166,Voltage: 2601
2026-08-10 22:14:04,ID: 166,ID2: 169, Timer: 714, RSSI: -59
2026-08-10 22:14:04,ID: 166,ID2: 169, Timer: 749, RSSI: -79
2026-08-10 22:14:04,ID: 166,ID2: 169, Timer: 756, RSSI: -80
2026-08-10 22:14:04,ID: 166,ID2: 169, Timer: 763, RSSI: -75
2026-08-10 22:14:04,ID: 166,ID2: 169, Timer: 770, RSSI: -79
2026-08-10 22:14:04,ID: 166,ID2: 169, Timer: 805, RSSI: -75
2026-08-10 22:14:05,ID: 166,Current Timer: 816
2026-08-10 22:14:05,ID: 166,Contact Count: 0
2026-08-10 22:14:05,ID: 166,Voltage: 2601
2026-08-10 22:14:06,ID: 169,Current Timer: 898
2026-08-10 22:14:06,ID: 169,Contact Count: 3
2026-08-10 22:14:06,ID: 169,Voltage: 3019
2026-08-10 22:14:07,ID: 169,Current Timer: 899
2026-08-10 22:14:07,ID: 169,Contact Count: 0
2026-08-10 22:14:07,ID: 169,Voltage: 3019
2026-08-10 22:14:07,ID: 169,Current Timer: 900
2026-08-10 22:14:07,ID: 169,Contact Count: 0
2026-08-10 22:14:07,ID: 169,Voltage: 3019
2026-08-10 22:14:08,ID: 169,Current Timer: 901
2026-08-10 22:14:08,ID: 169,Contact Count: 0
2026-08-10 22:14:08,ID: 169,Voltage: 3019
2026-08-10 22:14:08,ID: 169,Current Timer: 901
2026-08-10 22:14:08,ID: 169,Contact Count: 0
2026-08-10 22:14:08,ID: 169,Voltage: 3019
2026-08-10 22:14:09,ID: 169,Current Timer: 902
2026-08-10 22:14:09,ID: 169,Contact Count: 0
2026-08-10 22:14:09,ID: 169,Voltage: 3019
2026-08-10 22:14:09,ID: 169,Current Timer: 902
2026-08-10 22:14:09,ID: 169,Contact Count: 0
2026-08-10 22:14:09,ID: 169,Voltage: 3019
2026-08-10 22:14:10,ID: 169,Current Timer: 903
2026-08-10 22:14:10,ID: 169,Contact Count: 0
2026-08-10 22:14:10,ID: 169,Voltage: 3019
2026-08-10 22:14:10,ID: 169,Current Timer: 903
2026-08-10 22:14:10,ID: 169,Contact Count: 0
2026-08-10 22:14:10,ID: 169,Voltage: 3019
2026-08-10 22:14:11,ID: 169,Current Timer: 904
2026-08-10 22:14:11,ID: 169,Contact Count: 0
2026-08-10 22:14:11,ID: 169,Voltage: 3019
2026-08-10 22:14:12,ID: 166,Current Timer: 823
2026-08-10 22:14:12,ID: 166,Contact Count: 0
2026-08-10 22:14:12,ID: 166,Voltage: 2601
2026-08-10 22:15:20,ID: 166,Current Timer: 891
2026-08-10 22:15:20,ID: 166,Contact Count: 3
2026-08-10 22:15:20,ID: 166,Voltage: 2601
2026-08-10 22:15:20,ID: 166,ID2: 169, Timer: 826, RSSI: -76
2026-08-10 22:15:20,ID: 166,ID2: 169, Timer: 868, RSSI: -75
2026-08-10 22:15:20,ID: 166,ID2: 169, Timer: 882, RSSI: -75
2026-08-10 22:15:21,ID: 166,Current Timer: 892
2026-08-10 22:15:21,ID: 166,Contact Count: 0
2026-08-10 22:15:21,ID: 166,Voltage: 2601
2026-08-10 22:15:21,ID: 166,Current Timer: 892
2026-08-10 22:15:21,ID: 166,Contact Count: 0
2026-08-10 22:15:21,ID: 166,Voltage: 2601
2026-08-10 22:15:22,ID: 169,Current Timer: 975
2026-08-10 22:15:22,ID: 169,Contact Count: 5
2026-08-10 22:15:22,ID: 169,Voltage: 3019
2026-08-10 22:15:22,ID: 169,ID2: 166, Timer: 923, RSSI: -75
2026-08-10 22:15:22,ID: 169,ID2: 166, Timer: 937, RSSI: -78
2026-08-10 22:15:22,ID: 169,ID2: 166, Timer: 937, RSSI: -78
2026-08-10 22:15:22,ID: 169,ID2: 166, Timer: 958, RSSI: -78
2026-08-10 22:15:22,ID: 169,ID2: 166, Timer: 965, RSSI: -76
2026-08-10 22:15:22,ID: 169,Current Timer: 975
2026-08-10 22:15:22,ID: 169,Contact Count: 0
2026-08-10 22:15:22,ID: 169,Voltage: 3019
2026-08-10 22:15:23,ID: 166,Current Timer: 894
2026-08-10 22:15:23,ID: 166,Contact Count: 0
2026-08-10 22:15:23,ID: 166,Voltage: 2601
2026-08-10 22:15:23,ID: 166,Current Timer: 894
2026-08-10 22:15:23,ID: 166,Contact Count: 0
2026-08-10 22:15:23,ID: 166,Voltage: 2601
2026-08-10 22:15:24,ID: 166,Current Timer: 895
2026-08-10 22:15:24,ID: 166,Contact Count: 0
2026-08-10 22:15:24,ID: 166,Voltage: 2601
2026-08-10 22:15:24,ID: 166,Current Timer: 895
2026-08-10 22:15:24,ID: 166,Contact Count: 0
2026-08-10 22:15:24,ID: 166,Voltage: 2601
2026-08-10 22:15:25,ID: 166,Current Timer: 896
2026-08-10 22:15:25,ID: 166,Contact Count: 0
2026-08-10 22:15:25,ID: 166,Voltage: 2601
2026-08-10 22:15:25,ID: 166,Current Timer: 896
2026-08-10 22:15:25,ID: 166,Contact Count: 0
2026-08-10 22:15:25,ID: 166,Voltage: 2601
2026-08-10 22:15:26,ID: 166,Current Timer: 897
2026-08-10 22:15:26,ID: 166,Contact Count: 0
2026-08-10 22:15:26,ID: 166,Voltage: 2601
2026-08-10 22:15:26,ID: 166,Current Timer: 897
2026-08-10 22:15:26,ID: 166,Contact Count: 0
2026-08-10 22:15:26,ID: 166,Voltage: 2601
2026-08-10 22:15:27,ID: 166,Current Timer: 897
2026-08-10 22:15:27,ID: 166,Contact Count: 0
2026-08-10 22:15:27,ID: 166,Voltage: 2601
2026-08-10 22:15:27,ID: 166,Current Timer: 898
2026-08-10 22:15:27,ID: 166,Contact Count: 0
2026-08-10 22:15:27,ID: 166,Voltage: 2601
2026-08-10 22:15:28,ID: 166,Current Timer: 899
2026-08-10 22:15:28,ID: 166,Contact Count: 0
2026-08-10 22:15:28,ID: 166,Voltage: 2601
2026-08-10 22:15:28,ID: 166,Current Timer: 899
2026-08-10 22:15:28,ID: 166,Contact Count: 0
2026-08-10 22:15:28,ID: 166,Voltage: 2601
2026-08-10 22:15:29,ID: 166,Current Timer: 899
2026-08-10 22:15:29,ID: 166,Contact Count: 0
2026-08-10 22:15:29,ID: 166,Voltage: 2601
2026-08-10 22:16:36,ID: 166,Current Timer: 967
2026-08-10 22:16:36,ID: 166,Contact Count: 2
2026-08-10 22:16:36,ID: 166,Voltage: 2601
2026-08-10 22:16:36,ID: 166,ID2: 169, Timer: 917, RSSI: -78
2026-08-10 22:16:36,ID: 166,ID2: 169, Timer: 924, RSSI: -76
2026-08-10 22:16:37,ID: 169,Current Timer: 1050
2026-08-10 22:16:37,ID: 169,Contact Count: 6
2026-08-10 22:16:37,ID: 169,Voltage: 3019
2026-08-10 22:16:37,ID: 169,ID2: 166, Timer: 979, RSSI: -77
2026-08-10 22:16:37,ID: 169,ID2: 166, Timer: 986, RSSI: -76
2026-08-10 22:16:37,ID: 169,ID2: 166, Timer: 993, RSSI: -79
2026-08-10 22:16:37,ID: 169,ID2: 166, Timer: 1014, RSSI: -79
2026-08-10 22:16:37,ID: 169,ID2: 166, Timer: 1021, RSSI: -78
2026-08-10 22:16:37,ID: 169,ID2: 166, Timer: 1035, RSSI: -77
2026-08-10 22:16:37,ID: 169,Current Timer: 1050
2026-08-10 22:16:37,ID: 169,Contact Count: 0
2026-08-10 22:16:37,ID: 169,Voltage: 3019
2026-08-10 22:16:38,ID: 169,Current Timer: 1051
2026-08-10 22:16:38,ID: 169,Contact Count: 0
2026-08-10 22:16:38,ID: 169,Voltage: 3019
2026-08-10 22:16:38,ID: 169,Current Timer: 1051
2026-08-10 22:16:38,ID: 169,Contact Count: 0
2026-08-10 22:16:38,ID: 169,Voltage: 3019
2026-08-10 22:16:39,ID: 166,Current Timer: 970
2026-08-10 22:16:39,ID: 166,Contact Count: 0
2026-08-10 22:16:39,ID: 166,Voltage: 2601
2026-08-10 22:16:40,ID: 166,Current Timer: 970
2026-08-10 22:16:40,ID: 166,Contact Count: 0
2026-08-10 22:16:40,ID: 166,Voltage: 2601
2026-08-10 22:16:40,ID: 166,Current Timer: 971
2026-08-10 22:16:40,ID: 166,Contact Count: 0
2026-08-10 22:16:40,ID: 166,Voltage: 2601
2026-08-10 22:16:41,ID: 169,Current Timer: 1053
2026-08-10 22:16:41,ID: 169,Contact Count: 0
2026-08-10 22:16:41,ID: 169,Voltage: 3019
2026-08-10 22:16:41,ID: 169,Current Timer: 1054
2026-08-10 22:16:41,ID: 169,Contact Count: 0
2026-08-10 22:16:41,ID: 169,Voltage: 3019
2026-08-10 22:16:41,ID: 169,Current Timer: 1054
2026-08-10 22:16:41,ID: 169,Contact Count: 0
2026-08-10 22:16:41,ID: 169,Voltage: 3019
2026-08-10 22:16:42,ID: 169,Current Timer: 1055
2026-08-10 22:16:42,ID: 169,Contact Count: 0
2026-08-10 22:16:42,ID: 169,Voltage: 3019
2026-08-10 22:16:43,ID: 166,Current Timer: 974
2026-08-10 22:16:43,ID: 166,Contact Count: 0
2026-08-10 22:16:43,ID: 166,Voltage: 2601
2026-08-10 22:16:44,ID: 166,Current Timer: 975
2026-08-10 22:16:44,ID: 166,Contact Count: 0
2026-08-10 22:16:44,ID: 166,Voltage: 2601
2026-08-10 22:16:44,ID: 166,Current Timer: 975
2026-08-10 22:16:44,ID: 166,Contact Count: 0
2026-08-10 22:16:44,ID: 166,Voltage: 2601
2026-08-10 22:16:45,ID: 169,Current Timer: 1058
2026-08-10 22:16:45,ID: 169,Contact Count: 1
2026-08-10 22:16:45,ID: 169,Voltage: 3019
2026-08-10 22:16:45,ID: 169,ID2: 166, Timer: 1056, RSSI: -78
2026-08-10 22:16:45,ID: 169,Current Timer: 1058
2026-08-10 22:16:45,ID: 169,Contact Count: 0
2026-08-10 22:16:45,ID: 169,Voltage: 3019
2026-08-10 22:16:46,ID: 169,Current Timer: 1059
2026-08-10 22:16:46,ID: 169,Contact Count: 0
2026-08-10 22:16:46,ID: 169,Voltage: 3019
2026-08-10 22:16:46,ID: 169,Current Timer: 1059
2026-08-10 22:16:46,ID: 169,Contact Count: 0
2026-08-10 22:16:46,ID: 169,Voltage: 3019
2026-08-10 22:16:47,ID: 169,Current Timer: 1060
2026-08-10 22:16:47,ID: 169,Contact Count: 0
2026-08-10 22:16:47,ID: 169,Voltage: 3019
2026-08-10 22:16:48,ID: 169,Current Timer: 1061
2026-08-10 22:16:48,ID: 169,Contact Count: 0
2026-08-10 22:16:48,ID: 169,Voltage: 3019
2026-08-10 22:18:56,ID: 169,Current Timer: 1189
2026-08-10 22:18:56,ID: 169,Contact Count: 2
2026-08-10 22:18:56,ID: 169,Voltage: 3019
2026-08-10 22:18:56,ID: 169,ID2: 166, Timer: 1063, RSSI: -77
2026-08-10 22:18:56,ID: 169,ID2: 166, Timer: 1105, RSSI: -77
2026-08-10 22:18:57,ID: 166,Current Timer: 1108
2026-08-10 22:18:57,ID: 166,Contact Count: 5
2026-08-10 22:18:57,ID: 166,Voltage: 2601
2026-08-10 22:18:57,ID: 166,ID2: 169, Timer: 987, RSSI: -75
2026-08-10 22:18:57,ID: 166,ID2: 169, Timer: 994, RSSI: -74
2026-08-10 22:18:57,ID: 166,ID2: 169, Timer: 1008, RSSI: -75
2026-08-10 22:18:57,ID: 166,ID2: 169, Timer: 1015, RSSI: -74
2026-08-10 22:18:57,ID: 166,ID2: 169, Timer: 1036, RSSI: -76
2026-08-10 22:18:57,ID: 166,Current Timer: 1108
2026-08-10 22:18:57,ID: 166,Contact Count: 0
2026-08-10 22:18:57,ID: 166,Voltage: 2601
2026-08-10 22:18:58,ID: 169,Current Timer: 1191
2026-08-10 22:18:58,ID: 169,Contact Count: 0
2026-08-10 22:18:58,ID: 169,Voltage: 3019
2026-08-10 22:18:58,ID: 166,Current Timer: 1109
2026-08-10 22:18:58,ID: 166,Contact Count: 0
2026-08-10 22:18:58,ID: 166,Voltage: 2601
2026-08-10 22:18:59,ID: 166,Current Timer: 1110
2026-08-10 22:18:59,ID: 166,Contact Count: 0
2026-08-10 22:18:59,ID: 166,Voltage: 2601
2026-08-10 22:19:00,ID: 166,Current Timer: 1111
2026-08-10 22:19:00,ID: 166,Contact Count: 0
2026-08-10 22:19:00,ID: 166,Voltage: 2601
2026-08-10 22:19:01,ID: 166,Current Timer: 1112
2026-08-10 22:19:01,ID: 166,Contact Count: 0
2026-08-10 22:19:01,ID: 166,Voltage: 2601
2026-08-10 22:19:01,ID: 169,Current Timer: 1194
2026-08-10 22:19:01,ID: 169,Contact Count: 0
2026-08-10 22:19:01,ID: 169,Voltage: 3019
2026-08-10 22:19:02,ID: 169,Current Timer: 1195
2026-08-10 22:19:02,ID: 169,Contact Count: 0
2026-08-10 22:19:02,ID: 169,Voltage: 3019
2026-08-10 22:19:03,ID: 166,Current Timer: 1114
2026-08-10 22:19:03,ID: 166,Contact Count: 0
2026-08-10 22:19:03,ID: 166,Voltage: 2601
2026-08-10 22:19:03,ID: 166,Current Timer: 1114
2026-08-10 22:19:03,ID: 166,Contact Count: 0
2026-08-10 22:19:03,ID: 166,Voltage: 2601
2026-08-10 22:20:46,ID: 169,Current Timer: 1299
2026-08-10 22:20:46,ID: 169,Contact Count: 0
2026-08-10 22:20:46,ID: 169,Voltage: 3019
2026-08-10 22:20:47,ID: 169,Current Timer: 1300
2026-08-10 22:20:47,ID: 169,Contact Count: 0
2026-08-10 22:20:47,ID: 169,Voltage: 3019
2026-08-10 22:20:48,ID: 166,Current Timer: 1219
2026-08-10 22:20:48,ID: 166,Contact Count: 3
2026-08-10 22:20:48,ID: 166,Voltage: 2601
2026-08-10 22:20:48,ID: 166,ID2: 169, Timer: 1176, RSSI: -50
2026-08-10 22:20:48,ID: 166,ID2: 169, Timer: 1176, RSSI: -49
2026-08-10 22:20:48,ID: 166,ID2: 169, Timer: 1183, RSSI: -77
2026-08-10 22:20:48,ID: 169,Current Timer: 1301
2026-08-10 22:20:48,ID: 169,Contact Count: 0
2026-08-10 22:20:48,ID: 169,Voltage: 3019
2026-08-10 22:20:49,ID: 169,Current Timer: 1302
2026-08-10 22:20:49,ID: 169,Contact Count: 0
2026-08-10 22:20:49,ID: 169,Voltage: 3019
2026-08-10 22:20:49,ID: 169,Current Timer: 1302
2026-08-10 22:20:49,ID: 169,Contact Count: 0
2026-08-10 22:20:49,ID: 169,Voltage: 3019
2026-08-10 22:20:49,ID: 169,Current Timer: 1302
2026-08-10 22:20:49,ID: 169,Contact Count: 0
2026-08-10 22:20:49,ID: 169,Voltage: 3019
2026-08-10 22:20:50,ID: 169,Current Timer: 1303
2026-08-10 22:20:50,ID: 169,Contact Count: 0
2026-08-10 22:20:50,ID: 169,Voltage: 3019
2026-08-10 22:20:50,ID: 169,Current Timer: 1303
2026-08-10 22:20:50,ID: 169,Contact Count: 0
2026-08-10 22:20:50,ID: 169,Voltage: 3019
2026-08-10 22:20:51,ID: 169,Current Timer: 1304
2026-08-10 22:20:51,ID: 169,Contact Count: 0
2026-08-10 22:20:51,ID: 169,Voltage: 3019
2026-08-10 22:20:51,ID: 169,Current Timer: 1304
2026-08-10 22:20:51,ID: 169,Contact Count: 0
2026-08-10 22:20:51,ID: 169,Voltage: 3019
2026-08-10 22:20:52,ID: 169,Current Timer: 1305
2026-08-10 22:20:52,ID: 169,Contact Count: 0
2026-08-10 22:20:52,ID: 169,Voltage: 3019
2026-08-10 22:20:52,ID: 166,Current Timer: 1223
2026-08-10 22:20:52,ID: 166,Contact Count: 0
2026-08-10 22:20:52,ID: 166,Voltage: 2601
2026-08-10 22:20:53,ID: 166,Current Timer: 1224
2026-08-10 22:20:53,ID: 166,Contact Count: 0
2026-08-10 22:20:53,ID: 166,Voltage: 2601
2026-08-10 22:21:09,ID: 166,Current Timer: 1240
2026-08-10 22:21:09,ID: 166,Contact Count: 0
2026-08-10 22:21:09,ID: 166,Voltage: 2601
2026-08-10 22:21:09,ID: 166,Current Timer: 1240
2026-08-10 22:21:09,ID: 166,Contact Count: 0
2026-08-10 22:21:09,ID: 166,Voltage: 2601
2026-08-10 22:21:10,ID: 166,Current Timer: 1241
2026-08-10 22:21:10,ID: 166,Contact Count: 0
2026-08-10 22:21:10,ID: 166,Voltage: 2601
2026-08-10 22:21:10,ID: 166,Current Timer: 1241
2026-08-10 22:21:10,ID: 166,Contact Count: 0
2026-08-10 22:21:10,ID: 166,Voltage: 2601
2026-08-10 22:21:11,ID: 166,Current Timer: 1242
2026-08-10 22:21:11,ID: 166,Contact Count: 0
2026-08-10 22:21:11,ID: 166,Voltage: 2601
2026-08-10 22:21:12,ID: 166,Current Timer: 1243
2026-08-10 22:21:12,ID: 166,Contact Count: 0
2026-08-10 22:21:12,ID: 166,Voltage: 2601
2026-08-10 22:21:12,ID: 166,Current Timer: 1243
2026-08-10 22:21:12,ID: 166,Contact Count: 0
2026-08-10 22:21:12,ID: 166,Voltage: 2601
2026-08-10 22:21:13,ID: 166,Current Timer: 1244
2026-08-10 22:21:13,ID: 166,Contact Count: 0
2026-08-10 22:21:13,ID: 166,Voltage: 2601
2026-08-10 22:21:14,ID: 169,Current Timer: 1327
2026-08-10 22:21:14,ID: 169,Contact Count: 0
2026-08-10 22:21:14,ID: 169,Voltage: 3019
2026-08-10 22:21:14,ID: 169,Current Timer: 1327
2026-08-10 22:21:14,ID: 169,Contact Count: 0
2026-08-10 22:21:14,ID: 169,Voltage: 3019
2026-08-10 22:21:15,ID: 169,Current Timer: 1328
2026-08-10 22:21:15,ID: 169,Contact Count: 0
2026-08-10 22:21:15,ID: 169,Voltage: 3019
2026-08-10 22:21:15,ID: 169,Current Timer: 1328
2026-08-10 22:21:15,ID: 169,Contact Count: 0
2026-08-10 22:21:15,ID: 169,Voltage: 3019
2026-08-10 22:21:16,ID: 169,Current Timer: 1329
2026-08-10 22:21:16,ID: 169,Contact Count: 0
2026-08-10 22:21:16,ID: 169,Voltage: 3019
2026-08-10 22:21:16,ID: 169,Current Timer: 1329
2026-08-10 22:21:16,ID: 169,Contact Count: 0
2026-08-10 22:21:16,ID: 169,Voltage: 3019
2026-08-10 22:21:17,ID: 169,Current Timer: 1330
2026-08-10 22:21:17,ID: 169,Contact Count: 0
2026-08-10 22:21:17,ID: 169,Voltage: 3019
2026-08-10 22:21:17,ID: 169,Current Timer: 1330
2026-08-10 22:21:17,ID: 169,Contact Count: 0
2026-08-10 22:21:17,ID: 169,Voltage: 3019
2026-08-10 22:21:18,ID: 169,Current Timer: 1331
2026-08-10 22:21:18,ID: 169,Contact Count: 0
2026-08-10 22:21:18,ID: 169,Voltage: 3019
2026-08-10 22:21:47,ID: 169,Current Timer: 1360
2026-08-10 22:21:47,ID: 169,Contact Count: 2
2026-08-10 22:21:47,ID: 169,Voltage: 3019
2026-08-10 22:21:47,ID: 169,ID2: 166, Timer: 1350, RSSI: -42
2026-08-10 22:21:47,ID: 169,ID2: 166, Timer: 1357, RSSI: -47
2026-08-10 22:21:47,ID: 169,Current Timer: 1360
2026-08-10 22:21:47,ID: 169,Contact Count: 0
2026-08-10 22:21:47,ID: 169,Voltage: 3019
2026-08-10 22:21:48,ID: 169,Current Timer: 1361
2026-08-10 22:21:48,ID: 169,Contact Count: 0
2026-08-10 22:21:48,ID: 169,Voltage: 3019
2026-08-10 22:21:48,ID: 169,Current Timer: 1361
2026-08-10 22:21:48,ID: 169,Contact Count: 0
2026-08-10 22:21:48,ID: 169,Voltage: 3019
2026-08-10 22:21:48,ID: 169,Current Timer: 1361
2026-08-10 22:21:48,ID: 169,Contact Count: 0
2026-08-10 22:21:48,ID: 169,Voltage: 3019
2026-08-10 22:21:49,ID: 169,Current Timer: 1362
2026-08-10 22:21:49,ID: 169,Contact Count: 0
2026-08-10 22:21:49,ID: 169,Voltage: 3019
2026-08-10 22:21:50,ID: 166,Current Timer: 1281
2026-08-10 22:21:50,ID: 166,Contact Count: 1
2026-08-10 22:21:50,ID: 166,Voltage: 2601
2026-08-10 22:21:50,ID: 166,ID2: 169, Timer: 1267, RSSI: -36
2026-08-10 22:21:50,ID: 166,Current Timer: 1281
2026-08-10 22:21:50,ID: 166,Contact Count: 0
2026-08-10 22:21:50,ID: 166,Voltage: 2601
2026-08-10 22:21:50,ID: 166,Current Timer: 1281
2026-08-10 22:21:50,ID: 166,Contact Count: 0
2026-08-10 22:21:50,ID: 166,Voltage: 2601
2026-08-10 22:23:04,ID: 166,Current Timer: 1355
2026-08-10 22:23:04,ID: 166,Contact Count: 1
2026-08-10 22:23:04,ID: 166,Voltage: 2601
2026-08-10 22:23:04,ID: 166,ID2: 169, Timer: 1288, RSSI: -56
2026-08-10 22:23:04,ID: 169,Current Timer: 1437
2026-08-10 22:23:04,ID: 169,Contact Count: 0
2026-08-10 22:23:04,ID: 169,Voltage: 3019
2026-08-10 22:23:05,ID: 169,Current Timer: 1438
2026-08-10 22:23:05,ID: 169,Contact Count: 0
2026-08-10 22:23:05,ID: 169,Voltage: 3019
2026-08-10 22:23:05,ID: 169,Current Timer: 1438
2026-08-10 22:23:05,ID: 169,Contact Count: 0
2026-08-10 22:23:05,ID: 169,Voltage: 3019
2026-08-10 22:23:06,ID: 169,Current Timer: 1439
2026-08-10 22:23:06,ID: 169,Contact Count: 0
2026-08-10 22:23:06,ID: 169,Voltage: 3019
2026-08-10 22:23:08,ID: 166,Current Timer: 1359
2026-08-10 22:23:08,ID: 166,Contact Count: 0
2026-08-10 22:23:08,ID: 166,Voltage: 2601
2026-08-10 22:23:10,ID: 166,Current Timer: 1361
2026-08-10 22:23:10,ID: 166,Contact Count: 0
2026-08-10 22:23:10,ID: 166,Voltage: 2601
2026-08-10 22:23:42,ID: 169,Current Timer: 1475
2026-08-10 22:23:42,ID: 169,Contact Count: 0
2026-08-10 22:23:42,ID: 169,Voltage: 3019
2026-08-10 22:23:42,ID: 169,Current Timer: 1475
2026-08-10 22:23:42,ID: 169,Contact Count: 0
2026-08-10 22:23:42,ID: 169,Voltage: 3019
2026-08-10 22:23:43,ID: 169,Current Timer: 1476
2026-08-10 22:23:43,ID: 169,Contact Count: 1
2026-08-10 22:23:43,ID: 169,Voltage: 3019
2026-08-10 22:23:43,ID: 169,ID2: 166, Timer: 1476, RSSI: -37
2026-08-10 22:23:44,ID: 169,Current Timer: 1477
2026-08-10 22:23:44,ID: 169,Contact Count: 0
2026-08-10 22:23:44,ID: 169,Voltage: 3019
2026-08-10 22:23:44,ID: 169,Current Timer: 1477
2026-08-10 22:23:44,ID: 169,Contact Count: 0
2026-08-10 22:23:44,ID: 169,Voltage: 3019
2026-08-10 22:23:45,ID: 169,Current Timer: 1478
2026-08-10 22:23:45,ID: 169,Contact Count: 0
2026-08-10 22:23:45,ID: 169,Voltage: 3019
2026-08-10 22:23:45,ID: 169,Current Timer: 1478
2026-08-10 22:23:45,ID: 169,Contact Count: 0
2026-08-10 22:23:45,ID: 169,Voltage: 3019
2026-08-10 22:23:46,ID: 166,Current Timer: 1397
2026-08-10 22:23:46,ID: 166,Contact Count: 2
2026-08-10 22:23:46,ID: 166,Voltage: 2601
2026-08-10 22:23:46,ID: 166,ID2: 169, Timer: 1386, RSSI: -34
2026-08-10 22:23:46,ID: 166,ID2: 169, Timer: 1393, RSSI: -36
2026-08-10 22:23:46,ID: 169,Current Timer: 1479
2026-08-10 22:23:46,ID: 169,Contact Count: 0
2026-08-10 22:23:46,ID: 169,Voltage: 3019
2026-08-10 22:23:47,ID: 169,Current Timer: 1480
2026-08-10 22:23:47,ID: 169,Contact Count: 0
2026-08-10 22:23:47,ID: 169,Voltage: 3019
2026-08-10 22:23:47,ID: 169,Current Timer: 1480
2026-08-10 22:23:47,ID: 169,Contact Count: 0
2026-08-10 22:23:47,ID: 169,Voltage: 3019
2026-08-10 22:27:15,ID: 169,Current Timer: 1688
2026-08-10 22:27:15,ID: 169,Contact Count: 14
2026-08-10 22:27:15,ID: 169,Voltage: 3019
2026-08-10 22:27:15,ID: 169,ID2: 166, Timer: 1483, RSSI: -39
2026-08-10 22:27:15,ID: 169,ID2: 166, Timer: 1483, RSSI: -39
2026-08-10 22:27:15,ID: 169,ID2: 166, Timer: 1497, RSSI: -38
2026-08-10 22:27:15,ID: 169,ID2: 166, Timer: 1518, RSSI: -40
2026-08-10 22:27:15,ID: 169,ID2: 166, Timer: 1525, RSSI: -35
2026-08-10 22:27:15,ID: 169,ID2: 166, Timer: 1539, RSSI: -37
2026-08-10 22:27:15,ID: 169,ID2: 166, Timer: 1546, RSSI: -35
2026-08-10 22:27:15,ID: 169,ID2: 166, Timer: 1567, RSSI: -35
2026-08-10 22:27:15,ID: 169,ID2: 166, Timer: 1588, RSSI: -32
2026-08-10 22:27:15,ID: 169,ID2: 166, Timer: 1609, RSSI: -30
2026-08-10 22:27:15,ID: 169,ID2: 166, Timer: 1616, RSSI: -32
2026-08-10 22:27:15,ID: 169,ID2: 166, Timer: 1623, RSSI: -31
2026-08-10 22:27:15,ID: 169,ID2: 166, Timer: 1651, RSSI: -93
2026-08-10 22:27:15,ID: 169,ID2: 166, Timer: 1665, RSSI: -93
2026-08-10 22:27:15,ID: 166,Current Timer: 1606
2026-08-10 22:27:15,ID: 166,Contact Count: 9
2026-08-10 22:27:15,ID: 166,Voltage: 2601
2026-08-10 22:27:15,ID: 166,ID2: 169, Timer: 1407, RSSI: -34
2026-08-10 22:27:15,ID: 166,ID2: 169, Timer: 1428, RSSI: -34
2026-08-10 22:27:15,ID: 166,ID2: 169, Timer: 1435, RSSI: -34
2026-08-10 22:27:15,ID: 166,ID2: 169, Timer: 1470, RSSI: -33
2026-08-10 22:27:15,ID: 166,ID2: 169, Timer: 1491, RSSI: -33
2026-08-10 22:27:15,ID: 166,ID2: 169, Timer: 1498, RSSI: -36
2026-08-10 22:27:15,ID: 166,ID2: 169, Timer: 1505, RSSI: -30
2026-08-10 22:27:15,ID: 166,ID2: 169, Timer: 1533, RSSI: -28
2026-08-10 22:27:15,ID: 166,ID2: 169, Timer: 1547, RSSI: -27
2026-08-10 22:27:15,ID: 166,Current Timer: 1607
2026-08-10 22:27:15,ID: 166,Contact Count: 0
2026-08-10 22:27:15,ID: 166,Voltage: 2601
2026-08-10 22:27:17,ID: 166,Current Timer: 1608
2026-08-10 22:27:17,ID: 166,Contact Count: 0
2026-08-10 22:27:17,ID: 166,Voltage: 2601
2026-08-10 22:27:18,ID: 169,Current Timer: 1691
2026-08-10 22:27:18,ID: 169,Contact Count: 0
2026-08-10 22:27:18,ID: 169,Voltage: 3019
2026-08-10 22:27:18,ID: 169,Current Timer: 1691
2026-08-10 22:27:18,ID: 169,Contact Count: 0
2026-08-10 22:27:18,ID: 169,Voltage: 3019
2026-08-10 22:27:42,ID: 166,Current Timer: 1633
2026-08-10 22:27:42,ID: 166,Contact Count: 0
2026-08-10 22:27:42,ID: 166,Voltage: 2601
2026-08-10 22:27:42,ID: 166,Current Timer: 1633
2026-08-10 22:27:42,ID: 166,Contact Count: 0
2026-08-10 22:27:42,ID: 166,Voltage: 2601
2026-08-10 22:27:43,ID: 166,Current Timer: 1634
2026-08-10 22:27:43,ID: 166,Contact Count: 0
2026-08-10 22:27:43,ID: 166,Voltage: 2601
2026-08-10 22:27:43,ID: 166,Current Timer: 1634
2026-08-10 22:27:43,ID: 166,Contact Count: 0
2026-08-10 22:27:43,ID: 166,Voltage: 2601
2026-08-10 22:27:44,ID: 166,Current Timer: 1635
2026-08-10 22:27:44,ID: 166,Contact Count: 0
2026-08-10 22:27:44,ID: 166,Voltage: 2601
2026-08-10 22:27:44,ID: 166,Current Timer: 1635
2026-08-10 22:27:44,ID: 166,Contact Count: 0
2026-08-10 22:27:44,ID: 166,Voltage: 2601
2026-08-10 22:27:45,ID: 166,Current Timer: 1636
2026-08-10 22:27:45,ID: 166,Contact Count: 0
2026-08-10 22:27:45,ID: 166,Voltage: 2601
2026-08-10 22:27:46,ID: 169,Current Timer: 1719
2026-08-10 22:27:46,ID: 169,Contact Count: 0
2026-08-10 22:27:46,ID: 169,Voltage: 3019
2026-08-10 22:27:46,ID: 169,Current Timer: 1719
2026-08-10 22:27:46,ID: 169,Contact Count: 0
2026-08-10 22:27:46,ID: 169,Voltage: 3019
2026-08-10 22:27:47,ID: 169,Current Timer: 1720
2026-08-10 22:27:47,ID: 169,Contact Count: 0
2026-08-10 22:27:47,ID: 169,Voltage: 3019
2026-08-10 22:27:48,ID: 166,Current Timer: 1639
2026-08-10 22:27:48,ID: 166,Contact Count: 1
2026-08-10 22:27:48,ID: 166,Voltage: 2601
2026-08-10 22:27:48,ID: 166,ID2: 169, Timer: 1638, RSSI: -91
2026-08-10 22:27:48,ID: 169,Current Timer: 1721
2026-08-10 22:27:48,ID: 169,Contact Count: 0
2026-08-10 22:27:48,ID: 169,Voltage: 3019
2026-08-10 22:27:49,ID: 166,Current Timer: 1640
2026-08-10 22:27:49,ID: 166,Contact Count: 0
2026-08-10 22:27:49,ID: 166,Voltage: 2601
2026-08-10 22:27:49,ID: 166,Current Timer: 1640
2026-08-10 22:27:49,ID: 166,Contact Count: 0
2026-08-10 22:27:49,ID: 166,Voltage: 2601
2026-08-10 22:27:50,ID: 166,Current Timer: 1641
2026-08-10 22:27:50,ID: 166,Contact Count: 0
2026-08-10 22:27:50,ID: 166,Voltage: 2601
2026-08-10 22:27:50,ID: 166,Current Timer: 1641
2026-08-10 22:27:50,ID: 166,Contact Count: 0
2026-08-10 22:27:50,ID: 166,Voltage: 2601
2026-08-10 22:27:51,ID: 166,Current Timer: 1642
2026-08-10 22:27:51,ID: 166,Contact Count: 0
2026-08-10 22:27:51,ID: 166,Voltage: 2601
2026-08-10 22:27:51,ID: 166,Current Timer: 1642
2026-08-10 22:27:51,ID: 166,Contact Count: 0
2026-08-10 22:27:51,ID: 166,Voltage: 2601
2026-08-10 22:27:51,ID: 166,Current Timer: 1643
2026-08-10 22:27:51,ID: 166,Contact Count: 0
2026-08-10 22:27:51,ID: 166,Voltage: 2601
2026-08-10 22:27:52,ID: 166,Current Timer: 1643
2026-08-10 22:27:52,ID: 166,Contact Count: 0
2026-08-10 22:27:52,ID: 166,Voltage: 2601
2026-08-10 22:27:52,ID: 166,Current Timer: 1643
2026-08-10 22:27:52,ID: 166,Contact Count: 0
2026-08-10 22:27:52,ID: 166,Voltage: 2601
2026-08-10 22:27:53,ID: 166,Current Timer: 1644
2026-08-10 22:27:53,ID: 166,Contact Count: 0
2026-08-10 22:27:53,ID: 166,Voltage: 2601
2026-08-10 22:27:53,ID: 166,Current Timer: 1644
2026-08-10 22:27:53,ID: 166,Contact Count: 0
2026-08-10 22:27:53,ID: 166,Voltage: 2601
2026-08-10 22:27:54,ID: 166,Current Timer: 1645
2026-08-10 22:27:54,ID: 166,Contact Count: 0
2026-08-10 22:27:54,ID: 166,Voltage: 2601
2026-08-10 22:27:54,ID: 166,Current Timer: 1645
2026-08-10 22:27:54,ID: 166,Contact Count: 0
2026-08-10 22:27:54,ID: 166,Voltage: 2601
2026-08-10 22:27:55,ID: 166,Current Timer: 1646
2026-08-10 22:27:55,ID: 166,Contact Count: 0
2026-08-10 22:27:55,ID: 166,Voltage: 2601
2026-08-10 22:27:55,ID: 166,Current Timer: 1646
2026-08-10 22:27:55,ID: 166,Contact Count: 0
2026-08-10 22:27:55,ID: 166,Voltage: 2601
2026-08-10 22:27:56,ID: 166,Current Timer: 1647
2026-08-10 22:27:56,ID: 166,Contact Count: 0
2026-08-10 22:27:56,ID: 166,Voltage: 2601
2026-08-10 22:27:56,ID: 166,Current Timer: 1647
2026-08-10 22:27:56,ID: 166,Contact Count: 0
2026-08-10 22:27:56,ID: 166,Voltage: 2601
2026-08-10 22:27:57,ID: 166,Current Timer: 1648
2026-08-10 22:27:57,ID: 166,Contact Count: 0
2026-08-10 22:27:57,ID: 166,Voltage: 2601
2026-08-10 22:27:58,ID: 169,Current Timer: 1731
2026-08-10 22:27:58,ID: 169,Contact Count: 0
2026-08-10 22:27:58,ID: 169,Voltage: 3019
2026-08-10 22:27:59,ID: 166,Current Timer: 1650
2026-08-10 22:27:59,ID: 166,Contact Count: 0
2026-08-10 22:27:59,ID: 166,Voltage: 2601
2026-08-10 22:27:59,ID: 166,Current Timer: 1650
2026-08-10 22:27:59,ID: 166,Contact Count: 0
2026-08-10 22:27:59,ID: 166,Voltage: 2601
2026-08-10 22:28:00,ID: 166,Current Timer: 1651
2026-08-10 22:28:00,ID: 166,Contact Count: 0
2026-08-10 22:28:00,ID: 166,Voltage: 2601
2026-08-10 22:28:00,ID: 166,Current Timer: 1651
2026-08-10 22:28:00,ID: 166,Contact Count: 0
2026-08-10 22:28:00,ID: 166,Voltage: 2601
2026-08-10 22:28:00,ID: 166,Current Timer: 1652
2026-08-10 22:28:00,ID: 166,Contact Count: 0
2026-08-10 22:28:00,ID: 166,Voltage: 2601
2026-08-10 22:28:01,ID: 166,Current Timer: 1652
2026-08-10 22:28:01,ID: 166,Contact Count: 0
2026-08-10 22:28:01,ID: 166,Voltage: 2601
2026-08-10 22:28:01,ID: 166,Current Timer: 1653
2026-08-10 22:28:01,ID: 166,Contact Count: 0
2026-08-10 22:28:01,ID: 166,Voltage: 2601
2026-08-10 22:28:02,ID: 166,Current Timer: 1653
2026-08-10 22:28:02,ID: 166,Contact Count: 0
2026-08-10 22:28:02,ID: 166,Voltage: 2601
2026-08-10 22:28:02,ID: 166,Current Timer: 1654
2026-08-10 22:28:02,ID: 166,Contact Count: 0
2026-08-10 22:28:02,ID: 166,Voltage: 2601
2026-08-10 22:28:03,ID: 166,Current Timer: 1654
2026-08-10 22:28:03,ID: 166,Contact Count: 0
2026-08-10 22:28:03,ID: 166,Voltage: 2601
2026-08-10 22:28:03,ID: 166,Current Timer: 1654
2026-08-10 22:28:03,ID: 166,Contact Count: 0
2026-08-10 22:28:03,ID: 166,Voltage: 2601
2026-08-10 22:28:04,ID: 166,Current Timer: 1655
2026-08-10 22:28:04,ID: 166,Contact Count: 0
2026-08-10 22:28:04,ID: 166,Voltage: 2601
2026-08-10 22:28:05,ID: 166,Current Timer: 1656
2026-08-10 22:28:05,ID: 166,Contact Count: 0
2026-08-10 22:28:05,ID: 166,Voltage: 2601
2026-08-10 22:28:26,ID: 166,Current Timer: 1677
2026-08-10 22:28:26,ID: 166,Contact Count: 0
2026-08-10 22:28:26,ID: 166,Voltage: 2601
2026-08-10 22:28:26,ID: 169,Current Timer: 1760
2026-08-10 22:28:26,ID: 169,Contact Count: 2
2026-08-10 22:28:26,ID: 169,Voltage: 3019
2026-08-10 22:28:26,ID: 169,ID2: 166, Timer: 1735, RSSI: -90
2026-08-10 22:28:26,ID: 169,ID2: 166, Timer: 1749, RSSI: -95
2026-08-10 22:28:27,ID: 166,Current Timer: 1678
2026-08-10 22:28:27,ID: 166,Contact Count: 0
2026-08-10 22:28:27,ID: 166,Voltage: 2601
2026-08-10 22:28:28,ID: 166,Current Timer: 1679
2026-08-10 22:28:28,ID: 166,Contact Count: 0
2026-08-10 22:28:28,ID: 166,Voltage: 2601
2026-08-10 22:28:29,ID: 166,Current Timer: 1680
2026-08-10 22:28:29,ID: 166,Contact Count: 0
2026-08-10 22:28:29,ID: 166,Voltage: 2601
2026-08-10 22:28:30,ID: 166,Current Timer: 1681
2026-08-10 22:28:30,ID: 166,Contact Count: 0
2026-08-10 22:28:30,ID: 166,Voltage: 2601
2026-08-10 22:28:30,ID: 169,Current Timer: 1763
2026-08-10 22:28:30,ID: 169,Contact Count: 0
2026-08-10 22:28:30,ID: 169,Voltage: 3019
2026-08-10 22:28:31,ID: 166,Current Timer: 1682
2026-08-10 22:28:31,ID: 166,Contact Count: 0
2026-08-10 22:28:31,ID: 166,Voltage: 2601
2026-08-10 22:29:10,ID: 166,Current Timer: 1721
2026-08-10 22:29:10,ID: 166,Contact Count: 4
2026-08-10 22:29:10,ID: 166,Voltage: 2601
2026-08-10 22:29:10,ID: 166,ID2: 169, Timer: 1687, RSSI: -70
2026-08-10 22:29:10,ID: 166,ID2: 169, Timer: 1694, RSSI: -68
2026-08-10 22:29:10,ID: 166,ID2: 169, Timer: 1708, RSSI: -70
2026-08-10 22:29:10,ID: 166,ID2: 169, Timer: 1715, RSSI: -68
2026-08-10 22:29:11,ID: 166,Current Timer: 1722
2026-08-10 22:29:11,ID: 166,Contact Count: 0
2026-08-10 22:29:11,ID: 166,Voltage: 2601
2026-08-10 22:29:11,ID: 169,Current Timer: 1804
2026-08-10 22:29:11,ID: 169,Contact Count: 2
2026-08-10 22:29:11,ID: 169,Voltage: 3019
2026-08-10 22:29:11,ID: 169,ID2: 166, Timer: 1777, RSSI: -70
2026-08-10 22:29:11,ID: 169,ID2: 166, Timer: 1777, RSSI: -70
2026-08-10 22:29:12,ID: 169,Current Timer: 1805
2026-08-10 22:29:12,ID: 169,Contact Count: 0
2026-08-10 22:29:12,ID: 169,Voltage: 3019
2026-08-10 22:29:13,ID: 166,Current Timer: 1725
2026-08-10 22:29:13,ID: 166,Contact Count: 0
2026-08-10 22:29:13,ID: 166,Voltage: 2601
2026-08-10 22:29:14,ID: 166,Current Timer: 1725
2026-08-10 22:29:14,ID: 166,Contact Count: 0
2026-08-10 22:29:14,ID: 166,Voltage: 2601
2026-08-10 22:29:14,ID: 166,Current Timer: 1725
2026-08-10 22:29:14,ID: 166,Contact Count: 0
2026-08-10 22:29:14,ID: 166,Voltage: 2601
2026-08-10 22:29:15,ID: 166,Current Timer: 1726
2026-08-10 22:29:15,ID: 166,Contact Count: 0
2026-08-10 22:29:15,ID: 166,Voltage: 2601
2026-08-10 22:29:15,ID: 166,Current Timer: 1726
2026-08-10 22:29:15,ID: 166,Contact Count: 0
2026-08-10 22:29:15,ID: 166,Voltage: 2601
2026-08-10 22:30:01,ID: 166,Current Timer: 1772
2026-08-10 22:30:01,ID: 166,Contact Count: 2
2026-08-10 22:30:01,ID: 166,Voltage: 2601
2026-08-10 22:30:01,ID: 166,ID2: 169, Timer: 1743, RSSI: -71
2026-08-10 22:30:01,ID: 166,ID2: 169, Timer: 1764, RSSI: -77
2026-08-10 22:30:02,ID: 166,Current Timer: 1773
2026-08-10 22:30:02,ID: 166,Contact Count: 0
2026-08-10 22:30:02,ID: 166,Voltage: 2601
2026-08-10 22:30:02,ID: 166,Current Timer: 1773
2026-08-10 22:30:02,ID: 166,Contact Count: 0
2026-08-10 22:30:02,ID: 166,Voltage: 2601
2026-08-10 22:30:03,ID: 166,Current Timer: 1774
2026-08-10 22:30:03,ID: 166,Contact Count: 0
2026-08-10 22:30:03,ID: 166,Voltage: 2601
2026-08-10 22:30:03,ID: 169,Current Timer: 1856
2026-08-10 22:30:03,ID: 169,Contact Count: 3
2026-08-10 22:30:03,ID: 169,Voltage: 3019
2026-08-10 22:30:03,ID: 169,ID2: 166, Timer: 1812, RSSI: -71
2026-08-10 22:30:03,ID: 169,ID2: 166, Timer: 1819, RSSI: -53
2026-08-10 22:30:03,ID: 169,ID2: 166, Timer: 1833, RSSI: -81
2026-08-10 22:30:04,ID: 169,Current Timer: 1857
2026-08-10 22:30:04,ID: 169,Contact Count: 0
2026-08-10 22:30:04,ID: 169,Voltage: 3019
2026-08-10 22:30:04,ID: 169,Current Timer: 1857
2026-08-10 22:30:04,ID: 169,Contact Count: 0
2026-08-10 22:30:04,ID: 169,Voltage: 3019
2026-08-10 22:30:05,ID: 169,Current Timer: 1858
2026-08-10 22:30:05,ID: 169,Contact Count: 0
2026-08-10 22:30:05,ID: 169,Voltage: 3019
2026-08-10 22:30:05,ID: 169,Current Timer: 1858
2026-08-10 22:30:05,ID: 169,Contact Count: 0
2026-08-10 22:30:05,ID: 169,Voltage: 3019
2026-08-10 22:30:06,ID: 169,Current Timer: 1859
2026-08-10 22:30:06,ID: 169,Contact Count: 0
2026-08-10 22:30:06,ID: 169,Voltage: 3019
2026-08-10 22:30:06,ID: 169,Current Timer: 1859
2026-08-10 22:30:06,ID: 169,Contact Count: 0
2026-08-10 22:30:06,ID: 169,Voltage: 3019
2026-08-10 22:30:07,ID: 166,Current Timer: 1778
2026-08-10 22:30:07,ID: 166,Contact Count: 0
2026-08-10 22:30:07,ID: 166,Voltage: 2601
2026-08-10 22:30:07,ID: 166,Current Timer: 1778
2026-08-10 22:30:07,ID: 166,Contact Count: 0
2026-08-10 22:30:07,ID: 166,Voltage: 2601
2026-08-10 22:31:07,ID: 166,Current Timer: 1838
2026-08-10 22:31:07,ID: 166,Contact Count: 2
2026-08-10 22:31:07,ID: 166,Voltage: 2601
2026-08-10 22:31:07,ID: 166,ID2: 169, Timer: 1785, RSSI: -80
2026-08-10 22:31:07,ID: 166,ID2: 169, Timer: 1827, RSSI: -72
2026-08-10 22:31:08,ID: 169,Current Timer: 1921
2026-08-10 22:31:08,ID: 169,Contact Count: 4
2026-08-10 22:31:08,ID: 169,Voltage: 3019
2026-08-10 22:31:08,ID: 169,Current Timer: 1921
2026-08-10 22:31:08,ID: 169,Contact Count: 0
2026-08-10 22:31:08,ID: 169,Voltage: 3019
2026-08-10 22:31:09,ID: 169,Current Timer: 1922
2026-08-10 22:31:09,ID: 169,Contact Count: 0
2026-08-10 22:31:09,ID: 169,Voltage: 3019
2026-08-10 22:31:09,ID: 169,Current Timer: 1922
2026-08-10 22:31:09,ID: 169,Contact Count: 0
2026-08-10 22:31:09,ID: 169,Voltage: 3019
2026-08-10 22:31:10,ID: 166,Current Timer: 1841
2026-08-10 22:31:10,ID: 166,Contact Count: 0
2026-08-10 22:31:10,ID: 166,Voltage: 2601
2026-08-10 22:31:10,ID: 166,Current Timer: 1841
2026-08-10 22:31:10,ID: 166,Contact Count: 0
2026-08-10 22:31:10,ID: 166,Voltage: 2601
2026-08-10 22:31:11,ID: 166,Current Timer: 1842
2026-08-10 22:31:11,ID: 166,Contact Count: 0
2026-08-10 22:31:11,ID: 166,Voltage: 2601
2026-08-10 22:31:11,ID: 166,Current Timer: 1843
2026-08-10 22:31:11,ID: 166,Contact Count: 0
2026-08-10 22:31:11,ID: 166,Voltage: 2601
2026-08-10 22:31:12,ID: 166,Current Timer: 1843
2026-08-10 22:31:12,ID: 166,Contact Count: 0
2026-08-10 22:31:12,ID: 166,Voltage: 2601
2026-08-10 22:31:12,ID: 166,Current Timer: 1843
2026-08-10 22:31:12,ID: 166,Contact Count: 0
2026-08-10 22:31:12,ID: 166,Voltage: 2601
