2026-08-11 07:36:43,ID: 169,Current Timer: 32625
2026-08-11 07:36:43,ID: 169,Contact Count: 2600
2026-08-11 07:36:43,ID: 169,Voltage: 2926
2026-08-11 07:36:43,ID: 169,ID2: 166, Timer: 21, RSSI: -32
2026-08-11 07:36:43,ID: 169,ID2: 166, Timer: 35, RSSI: -36
2026-08-11 07:36:43,ID: 169,ID2: 166, Timer: 42, RSSI: -32
2026-08-11 07:36:43,ID: 169,ID2: 166, Timer: 56, RSSI: -36
2026-08-11 07:36:43,ID: 169,ID2: 166, Timer: 84, RSSI: -32
2026-08-11 07:36:43,ID: 169,ID2: 166, Timer: 119, RSSI: -36
2026-08-11 07:36:43,ID: 169,ID2: 166, Timer: 126, RSSI: -32
2026-08-11 07:36:43,ID: 169,ID2: 166, Timer: 140, RSSI: -36
2026-08-11 07:36:43,ID: 169,ID2: 166, Timer: 161, RSSI: -36
2026-08-11 07:36:43,ID: 169,ID2: 166, Timer: 168, RSSI: -32
2026-08-11 07:36:43,ID: 169,ID2: 166, Timer: 175, RSSI: -28
2026-08-11 07:36:43,ID: 169,ID2: 166, Timer: 182, RSSI: -36
2026-08-11 07:36:43,ID: 169,ID2: 166, Timer: 196, RSSI: -28
2026-08-11 07:36:43,ID: 169,ID2: 166, Timer: 210, RSSI: -32
2026-08-11 07:36:43,ID: 169,ID2: 166, Timer: 210, RSSI: -32
2026-08-11 07:36:43,ID: 169,ID2: 166, Timer: 217, RSSI: -28
2026-08-11 07:36:43,ID: 169,ID2: 166, Timer: 224, RSSI: -36
2026-08-11 07:36:43,ID: 169,ID2: 166, Timer: 231, RSSI: -32
2026-08-11 07:36:43,ID: 169,ID2: 166, Timer: 252, RSSI: -32
2026-08-11 07:36:43,ID: 169,ID2: 166, Timer: 280, RSSI: -28
2026-08-11 07:36:43,ID: 169,ID2: 166, Timer: 294, RSSI: -32
2026-08-11 07:36:43,ID: 169,ID2: 166, Timer: 308, RSSI: -36
2026-08-11 07:36:43,ID: 169,ID2: 166, Timer: 315, RSSI: -32
2026-08-11 07:36:43,ID: 169,ID2: 166, Timer: 329, RSSI: -36
2026-08-11 07:36:43,ID: 169,ID2: 166, Timer: 336, RSSI: -32
2026-08-11 07:36:43,ID: 169,ID2: 166, Timer: 343, RSSI: -28
2026-08-11 07:36:43,ID: 169,ID2: 166, Timer: 364, RSSI: -28
2026-08-11 07:36:43,ID: 169,ID2: 166, Timer: 378, RSSI: -32
2026-08-11 07:36:43,ID: 169,ID2: 166, Timer: 385, RSSI: -28
2026-08-11 07:36:43,ID: 169,ID2: 166, Timer: 392, RSSI: -36
2026-08-11 07:36:43,ID: 169,ID2: 166, Timer: 406, RSSI: -28
2026-08-11 07:36:43,ID: 169,ID2: 166, Timer: 420, RSSI: -32
2026-08-11 07:36:43,ID: 169,ID2: 166, Timer: 427, RSSI: -28
2026-08-11 07:36:43,ID: 169,ID2: 166, Timer: 434, RSSI: -36
2026-08-11 07:36:43,ID: 169,ID2: 166, Timer: 455, RSSI: -36
2026-08-11 07:36:43,ID: 169,ID2: 166, Timer: 462, RSSI: -32
2026-08-11 07:36:43,ID: 169,ID2: 166, Timer: 462, RSSI: -32
2026-08-11 07:36:43,ID: 169,ID2: 166, Timer: 476, RSSI: -36
2026-08-11 07:36:43,ID: 169,ID2: 166, Timer: 490, RSSI: -28
2026-08-11 07:36:43,ID: 169,ID2: 166, Timer: 504, RSSI: -32
2026-08-11 07:36:43,ID: 169,ID2: 166, Timer: 511, RSSI: -28
2026-08-11 07:36:43,ID: 169,ID2: 166, Timer: 518, RSSI: -36
2026-08-11 07:36:43,ID: 169,ID2: 166, Timer: 546, RSSI: -32
2026-08-11 07:36:43,ID: 169,ID2: 166, Timer: 546, RSSI: -32
2026-08-11 07:36:43,ID: 169,ID2: 166, Timer: 553, RSSI: -28
2026-08-11 07:36:43,ID: 169,ID2: 166, Timer: 588, RSSI: -32
2026-08-11 07:36:43,ID: 169,ID2: 166, Timer: 595, RSSI: -28
2026-08-11 07:36:43,ID: 169,ID2: 166, Timer: 609, RSSI: -32
2026-08-11 07:36:43,ID: 169,ID2: 166, Timer: 630, RSSI: -32
2026-08-11 07:36:43,ID: 169,ID2: 166, Timer: 658, RSSI: -28
2026-08-11 07:36:43,ID: 169,ID2: 166, Timer: 665, RSSI: -36
2026-08-11 07:36:43,ID: 169,ID2: 166, Timer: 672, RSSI: -32
2026-08-11 07:36:43,ID: 169,ID2: 166, Timer: 686, RSSI: -36
2026-08-11 07:36:43,ID: 169,ID2: 166, Timer: 693, RSSI: -32
2026-08-11 07:36:43,ID: 169,ID2: 166, Timer: 700, RSSI: -28
2026-08-11 07:36:43,ID: 169,ID2: 166, Timer: 714, RSSI: -32
2026-08-11 07:36:43,ID: 169,ID2: 166, Timer: 721, RSSI: -28
2026-08-11 07:36:43,ID: 169,ID2: 166, Timer: 728, RSSI: -36
2026-08-11 07:36:43,ID: 169,ID2: 166, Timer: 735, RSSI: -32
2026-08-11 07:36:43,ID: 169,ID2: 166, Timer: 749, RSSI: -36
2026-08-11 07:36:43,ID: 169,ID2: 166, Timer: 756, RSSI: -32
2026-08-11 07:36:43,ID: 169,ID2: 166, Timer: 763, RSSI: -28
2026-08-11 07:36:43,ID: 169,ID2: 166, Timer: 784, RSSI: -28
2026-08-11 07:36:43,ID: 169,ID2: 166, Timer: 798, RSSI: -32
2026-08-11 07:36:43,ID: 169,ID2: 166, Timer: 798, RSSI: -32
2026-08-11 07:36:43,ID: 169,ID2: 166, Timer: 819, RSSI: -32
2026-08-11 07:36:43,ID: 169,ID2: 166, Timer: 826, RSSI: -28
2026-08-11 07:36:43,ID: 169,ID2: 166, Timer: 840, RSSI: -32
2026-08-11 07:36:43,ID: 169,ID2: 166, Timer: 840, RSSI: -32
2026-08-11 07:36:43,ID: 169,ID2: 166, Timer: 854, RSSI: -36
2026-08-11 07:36:43,ID: 169,ID2: 166, Timer: 882, RSSI: -32
2026-08-11 07:36:43,ID: 169,ID2: 166, Timer: 903, RSSI: -32
2026-08-11 07:36:43,ID: 169,ID2: 166, Timer: 924, RSSI: -32
2026-08-11 07:36:43,ID: 169,ID2: 166, Timer: 938, RSSI: -36
2026-08-11 07:36:43,ID: 169,ID2: 166, Timer: 952, RSSI: -28
2026-08-11 07:36:43,ID: 169,ID2: 166, Timer: 966, RSSI: -32
2026-08-11 07:36:43,ID: 169,ID2: 166, Timer: 973, RSSI: -28
2026-08-11 07:36:43,ID: 169,ID2: 166, Timer: 980, RSSI: -36
2026-08-11 07:36:43,ID: 169,ID2: 166, Timer: 1001, RSSI: -36
2026-08-11 07:36:43,ID: 169,ID2: 166, Timer: 1008, RSSI: -32
2026-08-11 07:36:43,ID: 169,ID2: 166, Timer: 1022, RSSI: -36
2026-08-11 07:36:43,ID: 169,ID2: 166, Timer: 1029, RSSI: -32
2026-08-11 07:36:43,ID: 169,ID2: 166, Timer: 1050, RSSI: -32
2026-08-11 07:36:43,ID: 169,ID2: 166, Timer: 1057, RSSI: -28
2026-08-11 07:36:43,ID: 169,ID2: 166, Timer: 1078, RSSI: -28
2026-08-11 07:36:43,ID: 169,ID2: 166, Timer: 1085, RSSI: -36
2026-08-11 07:36:43,ID: 169,ID2: 166, Timer: 1092, RSSI: -32
2026-08-11 07:36:43,ID: 169,ID2: 166, Timer: 1120, RSSI: -28
2026-08-11 07:36:43,ID: 169,ID2: 166, Timer: 1134, RSSI: -32
2026-08-11 07:36:43,ID: 169,ID2: 166, Timer: 1176, RSSI: -32
2026-08-11 07:36:43,ID: 169,ID2: 166, Timer: 1183, RSSI: -28
2026-08-11 07:36:43,ID: 169,ID2: 166, Timer: 1204, RSSI: -28
2026-08-11 07:36:43,ID: 169,ID2: 166, Timer: 1218, RSSI: -32
2026-08-11 07:36:43,ID: 169,ID2: 166, Timer: 1225, RSSI: -28
2026-08-11 07:36:43,ID: 169,ID2: 166, Timer: 1232, RSSI: -36
2026-08-11 07:36:43,ID: 169,ID2: 166, Timer: 1253, RSSI: -36
2026-08-11 07:36:43,ID: 169,ID2: 166, Timer: 1260, RSSI: -32
2026-08-11 07:36:43,ID: 169,ID2: 166, Timer: 1288, RSSI: -28
2026-08-11 07:36:43,ID: 169,ID2: 166, Timer: 1295, RSSI: -36
2026-08-11 07:36:43,ID: 169,ID2: 166, Timer: 1302, RSSI: -32
2026-08-11 07:36:43,ID: 169,ID2: 166, Timer: 1302, RSSI: -32
2026-08-11 07:36:43,ID: 169,ID2: 166, Timer: 1323, RSSI: -32
2026-08-11 07:36:43,ID: 169,ID2: 166, Timer: 1330, RSSI: -28
2026-08-11 07:36:43,ID: 169,ID2: 166, Timer: 1344, RSSI: -32
2026-08-11 07:36:43,ID: 169,ID2: 166, Timer: 1379, RSSI: -36
2026-08-11 07:36:43,ID: 169,ID2: 166, Timer: 1386, RSSI: -32
2026-08-11 07:36:43,ID: 169,ID2: 166, Timer: 1400, RSSI: -36
2026-08-11 07:36:43,ID: 169,ID2: 166, Timer: 1407, RSSI: -32
2026-08-11 07:36:43,ID: 169,ID2: 166, Timer: 1414, RSSI: -28
2026-08-11 07:36:43,ID: 169,ID2: 166, Timer: 1428, RSSI: -32
2026-08-11 07:36:43,ID: 169,ID2: 166, Timer: 1435, RSSI: -28
2026-08-11 07:36:43,ID: 169,ID2: 166, Timer: 1470, RSSI: -32
2026-08-11 07:36:43,ID: 169,ID2: 166, Timer: 1470, RSSI: -32
2026-08-11 07:36:43,ID: 169,ID2: 166, Timer: 1491, RSSI: -32
2026-08-11 07:36:43,ID: 169,ID2: 166, Timer: 1498, RSSI: -28
2026-08-11 07:36:43,ID: 169,ID2: 166, Timer: 1512, RSSI: -32
2026-08-11 07:36:43,ID: 169,ID2: 166, Timer: 1519, RSSI: -28
2026-08-11 07:36:43,ID: 169,ID2: 166, Timer: 1540, RSSI: -28
2026-08-11 07:36:43,ID: 169,ID2: 166, Timer: 1554, RSSI: -32
2026-08-11 07:36:43,ID: 169,ID2: 166, Timer: 1575, RSSI: -32
2026-08-11 07:36:43,ID: 169,ID2: 166, Timer: 1596, RSSI: -32
2026-08-11 07:36:43,ID: 169,ID2: 166, Timer: 1596, RSSI: -32
2026-08-11 07:36:43,ID: 169,ID2: 166, Timer: 1603, RSSI: -28
2026-08-11 07:36:43,ID: 169,ID2: 166, Timer: 1638, RSSI: -32
2026-08-11 07:36:43,ID: 169,ID2: 166, Timer: 1652, RSSI: -36
2026-08-11 07:36:43,ID: 169,ID2: 166, Timer: 1680, RSSI: -32
2026-08-11 07:36:43,ID: 169,ID2: 166, Timer: 1701, RSSI: -32
2026-08-11 07:36:43,ID: 169,ID2: 166, Timer: 1708, RSSI: -28
2026-08-11 07:36:43,ID: 169,ID2: 166, Timer: 1715, RSSI: -36
2026-08-11 07:36:43,ID: 169,ID2: 166, Timer: 1722, RSSI: -32
2026-08-11 07:36:43,ID: 169,ID2: 166, Timer: 1757, RSSI: -36
2026-08-11 07:36:43,ID: 169,ID2: 166, Timer: 1764, RSSI: -32
2026-08-11 07:36:43,ID: 169,ID2: 166, Timer: 1771, RSSI: -28
2026-08-11 07:36:43,ID: 169,ID2: 166, Timer: 1785, RSSI: -32
2026-08-11 07:36:43,ID: 169,ID2: 166, Timer: 1792, RSSI: -28
2026-08-11 07:36:43,ID: 169,ID2: 166, Timer: 1806, RSSI: -32
2026-08-11 07:36:43,ID: 169,ID2: 166, Timer: 1813, RSSI: -28
2026-08-11 07:36:43,ID: 169,ID2: 166, Timer: 1841, RSSI: -36
2026-08-11 07:36:43,ID: 169,ID2: 166, Timer: 1848, RSSI: -32
2026-08-11 07:36:43,ID: 169,ID2: 166, Timer: 1855, RSSI: -28
2026-08-11 07:36:43,ID: 169,ID2: 166, Timer: 1862, RSSI: -36
2026-08-11 07:36:43,ID: 169,ID2: 166, Timer: 1869, RSSI: -32
2026-08-11 07:36:43,ID: 169,ID2: 166, Timer: 1876, RSSI: -28
2026-08-11 07:36:43,ID: 169,ID2: 166, Timer: 1890, RSSI: -32
2026-08-11 07:36:43,ID: 169,ID2: 166, Timer: 1904, RSSI: -36
2026-08-11 07:36:43,ID: 169,ID2: 166, Timer: 1911, RSSI: -32
2026-08-11 07:36:43,ID: 169,ID2: 166, Timer: 1925, RSSI: -36
2026-08-11 07:36:43,ID: 169,ID2: 166, Timer: 1932, RSSI: -32
2026-08-11 07:36:43,ID: 169,ID2: 166, Timer: 1939, RSSI: -28
2026-08-11 07:36:43,ID: 169,ID2: 166, Timer: 1974, RSSI: -32
2026-08-11 07:36:43,ID: 169,ID2: 166, Timer: 1974, RSSI: -32
2026-08-11 07:36:43,ID: 169,ID2: 166, Timer: 1981, RSSI: -28
2026-08-11 07:36:43,ID: 169,ID2: 166, Timer: 2016, RSSI: -32
2026-08-11 07:36:43,ID: 169,ID2: 166, Timer: 2016, RSSI: -32
2026-08-11 07:36:43,ID: 169,ID2: 166, Timer: 2037, RSSI: -32
2026-08-11 07:36:43,ID: 169,ID2: 166, Timer: 2051, RSSI: -36
2026-08-11 07:36:43,ID: 169,ID2: 166, Timer: 2058, RSSI: -32
2026-08-11 07:36:43,ID: 169,ID2: 166, Timer: 2079, RSSI: -32
2026-08-11 07:36:43,ID: 169,ID2: 166, Timer: 2093, RSSI: -36
2026-08-11 07:36:43,ID: 169,ID2: 166, Timer: 2100, RSSI: -32
2026-08-11 07:36:43,ID: 169,ID2: 166, Timer: 2121, RSSI: -32
2026-08-11 07:36:43,ID: 169,ID2: 166, Timer: 2128, RSSI: -28
2026-08-11 07:36:43,ID: 169,ID2: 166, Timer: 2135, RSSI: -36
2026-08-11 07:36:43,ID: 169,ID2: 166, Timer: 2142, RSSI: -32
2026-08-11 07:36:43,ID: 169,ID2: 166, Timer: 2149, RSSI: -28
2026-08-11 07:36:43,ID: 169,ID2: 166, Timer: 2184, RSSI: -32
2026-08-11 07:36:43,ID: 169,ID2: 166, Timer: 2191, RSSI: -28
2026-08-11 07:36:43,ID: 169,ID2: 166, Timer: 2205, RSSI: -32
2026-08-11 07:36:43,ID: 169,ID2: 166, Timer: 2226, RSSI: -32
2026-08-11 07:36:43,ID: 169,ID2: 166, Timer: 2233, RSSI: -28
2026-08-11 07:36:43,ID: 169,ID2: 166, Timer: 2261, RSSI: -36
2026-08-11 07:36:43,ID: 169,ID2: 166, Timer: 2268, RSSI: -32
2026-08-11 07:36:43,ID: 169,ID2: 166, Timer: 2289, RSSI: -32
2026-08-11 07:36:43,ID: 169,ID2: 166, Timer: 2303, RSSI: -36
2026-08-11 07:36:43,ID: 169,ID2: 166, Timer: 2310, RSSI: -32
2026-08-11 07:36:43,ID: 169,ID2: 166, Timer: 2310, RSSI: -32
2026-08-11 07:36:43,ID: 169,ID2: 166, Timer: 2317, RSSI: -28
2026-08-11 07:36:43,ID: 169,ID2: 166, Timer: 2331, RSSI: -32
2026-08-11 07:36:43,ID: 169,ID2: 166, Timer: 2352, RSSI: -32
2026-08-11 07:36:43,ID: 169,ID2: 166, Timer: 2366, RSSI: -36
2026-08-11 07:36:43,ID: 169,ID2: 166, Timer: 2387, RSSI: -36
2026-08-11 07:36:43,ID: 169,ID2: 166, Timer: 2394, RSSI: -32
2026-08-11 07:36:43,ID: 169,ID2: 166, Timer: 2422, RSSI: -28
2026-08-11 07:36:43,ID: 169,ID2: 166, Timer: 2429, RSSI: -36
2026-08-11 07:36:43,ID: 169,ID2: 166, Timer: 2443, RSSI: -28
2026-08-11 07:36:43,ID: 169,ID2: 166, Timer: 2450, RSSI: -36
2026-08-11 07:36:43,ID: 169,ID2: 166, Timer: 2457, RSSI: -32
2026-08-11 07:36:43,ID: 169,ID2: 166, Timer: 2464, RSSI: -28
2026-08-11 07:36:43,ID: 169,ID2: 166, Timer: 2478, RSSI: -32
2026-08-11 07:36:43,ID: 169,ID2: 166, Timer: 2478, RSSI: -32
2026-08-11 07:36:43,ID: 169,ID2: 166, Timer: 2485, RSSI: -28
2026-08-11 07:36:43,ID: 169,ID2: 166, Timer: 2499, RSSI: -32
2026-08-11 07:36:43,ID: 169,ID2: 166, Timer: 2506, RSSI: -28
2026-08-11 07:36:43,ID: 169,ID2: 166, Timer: 2513, RSSI: -36
2026-08-11 07:36:43,ID: 169,ID2: 166, Timer: 2534, RSSI: -36
2026-08-11 07:36:43,ID: 169,ID2: 166, Timer: 2541, RSSI: -32
2026-08-11 07:36:43,ID: 169,ID2: 166, Timer: 2555, RSSI: -36
2026-08-11 07:36:43,ID: 169,ID2: 166, Timer: 2562, RSSI: -32
2026-08-11 07:36:43,ID: 169,ID2: 166, Timer: 2576, RSSI: -36
2026-08-11 07:36:43,ID: 169,ID2: 166, Timer: 2583, RSSI: -32
2026-08-11 07:36:43,ID: 169,ID2: 166, Timer: 2590, RSSI: -28
2026-08-11 07:36:43,ID: 169,ID2: 166, Timer: 2604, RSSI: -32
2026-08-11 07:36:43,ID: 169,ID2: 166, Timer: 2611, RSSI: -28
2026-08-11 07:36:43,ID: 169,ID2: 166, Timer: 2618, RSSI: -36
2026-08-11 07:36:43,ID: 169,ID2: 166, Timer: 2632, RSSI: -28
2026-08-11 07:36:43,ID: 169,ID2: 166, Timer: 2639, RSSI: -36
2026-08-11 07:36:43,ID: 169,ID2: 166, Timer: 2646, RSSI: -32
2026-08-11 07:36:43,ID: 169,ID2: 166, Timer: 2646, RSSI: -32
2026-08-11 07:36:43,ID: 169,ID2: 166, Timer: 2667, RSSI: -32
2026-08-11 07:36:43,ID: 169,ID2: 166, Timer: 2688, RSSI: -32
2026-08-11 07:36:43,ID: 169,ID2: 166, Timer: 2695, RSSI: -28
2026-08-11 07:36:43,ID: 169,ID2: 166, Timer: 2709, RSSI: -32
2026-08-11 07:36:43,ID: 169,ID2: 166, Timer: 2730, RSSI: -32
2026-08-11 07:36:43,ID: 169,ID2: 166, Timer: 2730, RSSI: -32
2026-08-11 07:36:43,ID: 169,ID2: 166, Timer: 2737, RSSI: -28
2026-08-11 07:36:43,ID: 169,ID2: 166, Timer: 2758, RSSI: -28
2026-08-11 07:36:43,ID: 169,ID2: 166, Timer: 2772, RSSI: -32
2026-08-11 07:36:43,ID: 169,ID2: 166, Timer: 2807, RSSI: -36
2026-08-11 07:36:43,ID: 169,ID2: 166, Timer: 2814, RSSI: -32
2026-08-11 07:36:43,ID: 169,ID2: 166, Timer: 2814, RSSI: -32
2026-08-11 07:36:43,ID: 169,ID2: 166, Timer: 2828, RSSI: -36
2026-08-11 07:36:43,ID: 169,ID2: 166, Timer: 2842, RSSI: -28
2026-08-11 07:36:43,ID: 169,ID2: 166, Timer: 2856, RSSI: -32
2026-08-11 07:36:43,ID: 169,ID2: 166, Timer: 2863, RSSI: -28
2026-08-11 07:36:43,ID: 169,ID2: 166, Timer: 2891, RSSI: -36
2026-08-11 07:36:43,ID: 169,ID2: 166, Timer: 2926, RSSI: -28
2026-08-11 07:36:43,ID: 169,ID2: 166, Timer: 2940, RSSI: -32
2026-08-11 07:36:43,ID: 169,ID2: 166, Timer: 2975, RSSI: -36
2026-08-11 07:36:43,ID: 169,ID2: 166, Timer: 2982, RSSI: -32
2026-08-11 07:36:43,ID: 169,ID2: 166, Timer: 2989, RSSI: -28
2026-08-11 07:36:43,ID: 169,ID2: 166, Timer: 2996, RSSI: -36
2026-08-11 07:36:43,ID: 169,ID2: 166, Timer: 3003, RSSI: -32
2026-08-11 07:36:43,ID: 169,ID2: 166, Timer: 3010, RSSI: -28
2026-08-11 07:36:43,ID: 169,ID2: 166, Timer: 3017, RSSI: -36
2026-08-11 07:36:43,ID: 169,ID2: 166, Timer: 3024, RSSI: -32
2026-08-11 07:36:43,ID: 169,ID2: 166, Timer: 3038, RSSI: -36
2026-08-11 07:36:43,ID: 169,ID2: 166, Timer: 3066, RSSI: -32
2026-08-11 07:36:43,ID: 169,ID2: 166, Timer: 3080, RSSI: -36
2026-08-11 07:36:43,ID: 169,ID2: 166, Timer: 3094, RSSI: -28
2026-08-11 07:36:43,ID: 169,ID2: 166, Timer: 3108, RSSI: -32
2026-08-11 07:36:43,ID: 169,ID2: 166, Timer: 3115, RSSI: -28
2026-08-11 07:36:43,ID: 169,ID2: 166, Timer: 3122, RSSI: -36
2026-08-11 07:36:43,ID: 169,ID2: 166, Timer: 3129, RSSI: -32
2026-08-11 07:36:43,ID: 169,ID2: 166, Timer: 3136, RSSI: -28
2026-08-11 07:36:43,ID: 169,ID2: 166, Timer: 3143, RSSI: -36
2026-08-11 07:36:43,ID: 169,ID2: 166, Timer: 3150, RSSI: -32
2026-08-11 07:36:43,ID: 169,ID2: 166, Timer: 3164, RSSI: -36
2026-08-11 07:36:43,ID: 169,ID2: 166, Timer: 3178, RSSI: -28
2026-08-11 07:36:43,ID: 169,ID2: 166, Timer: 3192, RSSI: -32
2026-08-11 07:36:43,ID: 169,ID2: 166, Timer: 3220, RSSI: -28
2026-08-11 07:36:43,ID: 169,ID2: 166, Timer: 3227, RSSI: -36
2026-08-11 07:36:43,ID: 169,ID2: 166, Timer: 3241, RSSI: -28
2026-08-11 07:36:43,ID: 169,ID2: 166, Timer: 3255, RSSI: -32
2026-08-11 07:36:43,ID: 169,ID2: 166, Timer: 3262, RSSI: -28
2026-08-11 07:36:43,ID: 169,ID2: 166, Timer: 3269, RSSI: -36
2026-08-11 07:36:43,ID: 169,ID2: 166, Timer: 3276, RSSI: -32
2026-08-11 07:36:43,ID: 169,ID2: 166, Timer: 3290, RSSI: -36
2026-08-11 07:36:43,ID: 169,ID2: 166, Timer: 3318, RSSI: -32
2026-08-11 07:36:43,ID: 169,ID2: 166, Timer: 3325, RSSI: -28
2026-08-11 07:36:43,ID: 169,ID2: 166, Timer: 3346, RSSI: -28
2026-08-11 07:36:43,ID: 169,ID2: 166, Timer: 3360, RSSI: -32
2026-08-11 07:36:43,ID: 169,ID2: 166, Timer: 3374, RSSI: -36
2026-08-11 07:36:43,ID: 169,ID2: 166, Timer: 3381, RSSI: -32
2026-08-11 07:36:43,ID: 169,ID2: 166, Timer: 3388, RSSI: -28
2026-08-11 07:36:43,ID: 169,ID2: 166, Timer: 3402, RSSI: -32
2026-08-11 07:36:43,ID: 169,ID2: 166, Timer: 3402, RSSI: -32
2026-08-11 07:36:43,ID: 169,ID2: 166, Timer: 3423, RSSI: -32
2026-08-11 07:36:43,ID: 169,ID2: 166, Timer: 3444, RSSI: -32
2026-08-11 07:36:43,ID: 169,ID2: 166, Timer: 3465, RSSI: -32
2026-08-11 07:36:43,ID: 169,ID2: 166, Timer: 3472, RSSI: -28
2026-08-11 07:36:43,ID: 169,ID2: 166, Timer: 3479, RSSI: -36
2026-08-11 07:36:43,ID: 169,ID2: 166, Timer: 3486, RSSI: -32
2026-08-11 07:36:43,ID: 169,ID2: 166, Timer: 3507, RSSI: -32
2026-08-11 07:36:43,ID: 169,ID2: 166, Timer: 3528, RSSI: -32
2026-08-11 07:36:43,ID: 169,ID2: 166, Timer: 3528, RSSI: -32
2026-08-11 07:36:43,ID: 169,ID2: 166, Timer: 3535, RSSI: -28
2026-08-11 07:36:43,ID: 169,ID2: 166, Timer: 3542, RSSI: -36
2026-08-11 07:36:43,ID: 169,ID2: 166, Timer: 3556, RSSI: -28
2026-08-11 07:36:43,ID: 169,ID2: 166, Timer: 3563, RSSI: -36
2026-08-11 07:36:43,ID: 169,ID2: 166, Timer: 3570, RSSI: -32
2026-08-11 07:36:43,ID: 169,ID2: 166, Timer: 3577, RSSI: -28
2026-08-11 07:36:43,ID: 169,ID2: 166, Timer: 3605, RSSI: -36
2026-08-11 07:36:43,ID: 169,ID2: 166, Timer: 3612, RSSI: -32
2026-08-11 07:36:43,ID: 169,ID2: 166, Timer: 3626, RSSI: -36
2026-08-11 07:36:43,ID: 169,ID2: 166, Timer: 3654, RSSI: -32
2026-08-11 07:36:43,ID: 169,ID2: 166, Timer: 3654, RSSI: -32
2026-08-11 07:36:43,ID: 169,ID2: 166, Timer: 3675, RSSI: -32
2026-08-11 07:36:43,ID: 169,ID2: 166, Timer: 3689, RSSI: -36
2026-08-11 07:36:43,ID: 169,ID2: 166, Timer: 3696, RSSI: -32
2026-08-11 07:36:43,ID: 169,ID2: 166, Timer: 3738, RSSI: -32
2026-08-11 07:36:43,ID: 169,ID2: 166, Timer: 3773, RSSI: -36
2026-08-11 07:36:43,ID: 169,ID2: 166, Timer: 3780, RSSI: -32
2026-08-11 07:36:43,ID: 169,ID2: 166, Timer: 3808, RSSI: -28
2026-08-11 07:36:43,ID: 169,ID2: 166, Timer: 3850, RSSI: -28
2026-08-11 07:36:43,ID: 169,ID2: 166, Timer: 3857, RSSI: -36
2026-08-11 07:36:43,ID: 169,ID2: 166, Timer: 3864, RSSI: -32
2026-08-11 07:36:43,ID: 169,ID2: 166, Timer: 3864, RSSI: -32
2026-08-11 07:36:43,ID: 169,ID2: 166, Timer: 3871, RSSI: -28
2026-08-11 07:36:43,ID: 169,ID2: 166, Timer: 3892, RSSI: -28
2026-08-11 07:36:43,ID: 169,ID2: 166, Timer: 3899, RSSI: -36
2026-08-11 07:36:43,ID: 169,ID2: 166, Timer: 3906, RSSI: -32
2026-08-11 07:36:43,ID: 169,ID2: 166, Timer: 3920, RSSI: -36
2026-08-11 07:36:43,ID: 169,ID2: 166, Timer: 3948, RSSI: -32
2026-08-11 07:36:43,ID: 169,ID2: 166, Timer: 3955, RSSI: -28
2026-08-11 07:36:43,ID: 169,ID2: 166, Timer: 3983, RSSI: -36
2026-08-11 07:36:43,ID: 169,ID2: 166, Timer: 3990, RSSI: -32
2026-08-11 07:36:43,ID: 169,ID2: 166, Timer: 3990, RSSI: -32
2026-08-11 07:36:43,ID: 169,ID2: 166, Timer: 4011, RSSI: -32
2026-08-11 07:36:43,ID: 169,ID2: 166, Timer: 4018, RSSI: -28
2026-08-11 07:36:43,ID: 169,ID2: 166, Timer: 4025, RSSI: -36
2026-08-11 07:36:43,ID: 169,ID2: 166, Timer: 4032, RSSI: -32
2026-08-11 07:36:43,ID: 169,ID2: 166, Timer: 4039, RSSI: -28
2026-08-11 07:36:43,ID: 169,ID2: 166, Timer: 4053, RSSI: -32
2026-08-11 07:36:43,ID: 169,ID2: 166, Timer: 4074, RSSI: -32
2026-08-11 07:36:43,ID: 169,ID2: 166, Timer: 4102, RSSI: -28
2026-08-11 07:36:43,ID: 169,ID2: 166, Timer: 4116, RSSI: -32
2026-08-11 07:36:43,ID: 169,ID2: 166, Timer: 4123, RSSI: -28
2026-08-11 07:36:43,ID: 169,ID2: 166, Timer: 4151, RSSI: -36
2026-08-11 07:36:43,ID: 169,ID2: 166, Timer: 4158, RSSI: -32
2026-08-11 07:36:43,ID: 169,ID2: 166, Timer: 4158, RSSI: -32
2026-08-11 07:36:43,ID: 169,ID2: 166, Timer: 4165, RSSI: -28
2026-08-11 07:36:43,ID: 169,ID2: 166, Timer: 4186, RSSI: -28
2026-08-11 07:36:43,ID: 169,ID2: 166, Timer: 4200, RSSI: -32
2026-08-11 07:36:43,ID: 169,ID2: 166, Timer: 4207, RSSI: -28
2026-08-11 07:36:43,ID: 169,ID2: 166, Timer: 4242, RSSI: -32
2026-08-11 07:36:43,ID: 169,ID2: 166, Timer: 4270, RSSI: -28
2026-08-11 07:36:43,ID: 169,ID2: 166, Timer: 4277, RSSI: -36
2026-08-11 07:36:43,ID: 169,ID2: 166, Timer: 4284, RSSI: -32
2026-08-11 07:36:43,ID: 169,ID2: 166, Timer: 4319, RSSI: -36
2026-08-11 07:36:43,ID: 169,ID2: 166, Timer: 4326, RSSI: -32
2026-08-11 07:36:43,ID: 169,ID2: 166, Timer: 4333, RSSI: -28
2026-08-11 07:36:43,ID: 169,ID2: 166, Timer: 4347, RSSI: -32
2026-08-11 07:36:43,ID: 169,ID2: 166, Timer: 4368, RSSI: -32
2026-08-11 07:36:43,ID: 169,ID2: 166, Timer: 4410, RSSI: -32
2026-08-11 07:36:43,ID: 169,ID2: 166, Timer: 4424, RSSI: -36
2026-08-11 07:36:43,ID: 169,ID2: 166, Timer: 4431, RSSI: -32
2026-08-11 07:36:43,ID: 169,ID2: 166, Timer: 4438, RSSI: -28
2026-08-11 07:36:43,ID: 169,ID2: 166, Timer: 4452, RSSI: -32
2026-08-11 07:36:43,ID: 169,ID2: 166, Timer: 4466, RSSI: -36
2026-08-11 07:36:43,ID: 169,ID2: 166, Timer: 4473, RSSI: -32
2026-08-11 07:36:43,ID: 169,ID2: 166, Timer: 4487, RSSI: -36
2026-08-11 07:36:43,ID: 169,ID2: 166, Timer: 4494, RSSI: -32
2026-08-11 07:36:43,ID: 169,ID2: 166, Timer: 4508, RSSI: -36
2026-08-11 07:36:43,ID: 169,ID2: 166, Timer: 4529, RSSI: -36
2026-08-11 07:36:43,ID: 169,ID2: 166, Timer: 4564, RSSI: -28
2026-08-11 07:36:43,ID: 169,ID2: 166, Timer: 4578, RSSI: -32
2026-08-11 07:36:43,ID: 169,ID2: 166, Timer: 4585, RSSI: -28
2026-08-11 07:36:43,ID: 169,ID2: 166, Timer: 4592, RSSI: -36
2026-08-11 07:36:43,ID: 169,ID2: 166, Timer: 4606, RSSI: -28
2026-08-11 07:36:43,ID: 169,ID2: 166, Timer: 4620, RSSI: -32
2026-08-11 07:36:43,ID: 169,ID2: 166, Timer: 4620, RSSI: -32
2026-08-11 07:36:43,ID: 169,ID2: 166, Timer: 4648, RSSI: -28
2026-08-11 07:36:43,ID: 169,ID2: 166, Timer: 4662, RSSI: -32
2026-08-11 07:36:43,ID: 169,ID2: 166, Timer: 4662, RSSI: -32
2026-08-11 07:36:43,ID: 169,ID2: 166, Timer: 4683, RSSI: -32
2026-08-11 07:36:43,ID: 169,ID2: 166, Timer: 4690, RSSI: -28
2026-08-11 07:36:43,ID: 169,ID2: 166, Timer: 4704, RSSI: -32
2026-08-11 07:36:43,ID: 169,ID2: 166, Timer: 4725, RSSI: -32
2026-08-11 07:36:43,ID: 169,ID2: 166, Timer: 4739, RSSI: -36
2026-08-11 07:36:43,ID: 169,ID2: 166, Timer: 4746, RSSI: -32
2026-08-11 07:36:43,ID: 169,ID2: 166, Timer: 4753, RSSI: -28
2026-08-11 07:36:43,ID: 169,ID2: 166, Timer: 4781, RSSI: -36
2026-08-11 07:36:43,ID: 169,ID2: 166, Timer: 4788, RSSI: -32
2026-08-11 07:36:43,ID: 169,ID2: 166, Timer: 4795, RSSI: -28
2026-08-11 07:36:43,ID: 169,ID2: 166, Timer: 4809, RSSI: -32
2026-08-11 07:36:43,ID: 169,ID2: 166, Timer: 4816, RSSI: -28
2026-08-11 07:36:43,ID: 169,ID2: 166, Timer: 4830, RSSI: -32
2026-08-11 07:36:43,ID: 169,ID2: 166, Timer: 4837, RSSI: -28
2026-08-11 07:36:43,ID: 169,ID2: 166, Timer: 4844, RSSI: -36
2026-08-11 07:36:43,ID: 169,ID2: 166, Timer: 4851, RSSI: -32
2026-08-11 07:36:43,ID: 169,ID2: 166, Timer: 4865, RSSI: -36
2026-08-11 07:36:43,ID: 169,ID2: 166, Timer: 4872, RSSI: -32
2026-08-11 07:36:43,ID: 169,ID2: 166, Timer: 4893, RSSI: -32
2026-08-11 07:36:43,ID: 169,ID2: 166, Timer: 4914, RSSI: -32
2026-08-11 07:36:43,ID: 169,ID2: 166, Timer: 4956, RSSI: -32
2026-08-11 07:36:43,ID: 169,ID2: 166, Timer: 4963, RSSI: -28
2026-08-11 07:36:43,ID: 169,ID2: 166, Timer: 4998, RSSI: -32
2026-08-11 07:36:43,ID: 169,ID2: 166, Timer: 5005, RSSI: -28
2026-08-11 07:36:43,ID: 169,ID2: 166, Timer: 5019, RSSI: -32
2026-08-11 07:36:43,ID: 169,ID2: 166, Timer: 5033, RSSI: -36
2026-08-11 07:36:43,ID: 169,ID2: 166, Timer: 5040, RSSI: -32
2026-08-11 07:36:43,ID: 169,ID2: 166, Timer: 5047, RSSI: -28
2026-08-11 07:36:43,ID: 169,ID2: 166, Timer: 5054, RSSI: -36
2026-08-11 07:36:43,ID: 169,ID2: 166, Timer: 5075, RSSI: -36
2026-08-11 07:36:43,ID: 169,ID2: 166, Timer: 5082, RSSI: -32
2026-08-11 07:36:43,ID: 169,ID2: 166, Timer: 5082, RSSI: -32
2026-08-11 07:36:43,ID: 169,ID2: 166, Timer: 5117, RSSI: -36
2026-08-11 07:36:43,ID: 169,ID2: 166, Timer: 5124, RSSI: -32
2026-08-11 07:36:43,ID: 169,ID2: 166, Timer: 5124, RSSI: -32
2026-08-11 07:36:43,ID: 169,ID2: 166, Timer: 5138, RSSI: -36
2026-08-11 07:36:43,ID: 169,ID2: 166, Timer: 5166, RSSI: -32
2026-08-11 07:36:43,ID: 169,ID2: 166, Timer: 5187, RSSI: -32
2026-08-11 07:36:43,ID: 169,ID2: 166, Timer: 5201, RSSI: -36
2026-08-11 07:36:43,ID: 169,ID2: 166, Timer: 5208, RSSI: -32
2026-08-11 07:36:43,ID: 169,ID2: 166, Timer: 5215, RSSI: -28
2026-08-11 07:36:43,ID: 169,ID2: 166, Timer: 5222, RSSI: -36
2026-08-11 07:36:43,ID: 169,ID2: 166, Timer: 5250, RSSI: -32
2026-08-11 07:36:43,ID: 169,ID2: 166, Timer: 5271, RSSI: -32
2026-08-11 07:36:43,ID: 169,ID2: 166, Timer: 5292, RSSI: -32
2026-08-11 07:36:43,ID: 169,ID2: 166, Timer: 5299, RSSI: -28
2026-08-11 07:36:43,ID: 169,ID2: 166, Timer: 5320, RSSI: -28
2026-08-11 07:36:43,ID: 169,ID2: 166, Timer: 5327, RSSI: -36
2026-08-11 07:36:43,ID: 169,ID2: 166, Timer: 5334, RSSI: -32
2026-08-11 07:36:43,ID: 169,ID2: 166, Timer: 5362, RSSI: -28
2026-08-11 07:36:43,ID: 169,ID2: 166, Timer: 5376, RSSI: -32
2026-08-11 07:36:43,ID: 169,ID2: 166, Timer: 5376, RSSI: -32
2026-08-11 07:36:43,ID: 169,ID2: 166, Timer: 5390, RSSI: -36
2026-08-11 07:36:43,ID: 169,ID2: 166, Timer: 5397, RSSI: -32
2026-08-11 07:36:43,ID: 169,ID2: 166, Timer: 5411, RSSI: -36
2026-08-11 07:36:43,ID: 169,ID2: 166, Timer: 5418, RSSI: -32
2026-08-11 07:36:43,ID: 169,ID2: 166, Timer: 5425, RSSI: -28
2026-08-11 07:36:43,ID: 169,ID2: 166, Timer: 5432, RSSI: -36
2026-08-11 07:36:43,ID: 169,ID2: 166, Timer: 5446, RSSI: -28
2026-08-11 07:36:43,ID: 169,ID2: 166, Timer: 5453, RSSI: -36
2026-08-11 07:36:43,ID: 169,ID2: 166, Timer: 5460, RSSI: -32
2026-08-11 07:36:43,ID: 169,ID2: 166, Timer: 5467, RSSI: -28
2026-08-11 07:36:43,ID: 169,ID2: 166, Timer: 5495, RSSI: -36
2026-08-11 07:36:43,ID: 169,ID2: 166, Timer: 5502, RSSI: -32
2026-08-11 07:36:43,ID: 169,ID2: 166, Timer: 5502, RSSI: -32
2026-08-11 07:36:43,ID: 169,ID2: 166, Timer: 5523, RSSI: -32
2026-08-11 07:36:43,ID: 169,ID2: 166, Timer: 5537, RSSI: -36
2026-08-11 07:36:43,ID: 169,ID2: 166, Timer: 5544, RSSI: -32
2026-08-11 07:36:43,ID: 169,ID2: 166, Timer: 5565, RSSI: -32
2026-08-11 07:36:43,ID: 169,ID2: 166, Timer: 5579, RSSI: -36
2026-08-11 07:36:43,ID: 169,ID2: 166, Timer: 5586, RSSI: -32
2026-08-11 07:36:43,ID: 169,ID2: 166, Timer: 5593, RSSI: -28
2026-08-11 07:36:43,ID: 169,ID2: 166, Timer: 5628, RSSI: -32
2026-08-11 07:36:43,ID: 169,ID2: 166, Timer: 5635, RSSI: -28
2026-08-11 07:36:43,ID: 169,ID2: 166, Timer: 5642, RSSI: -36
2026-08-11 07:36:43,ID: 169,ID2: 166, Timer: 5649, RSSI: -32
2026-08-11 07:36:43,ID: 169,ID2: 166, Timer: 5656, RSSI: -28
2026-08-11 07:36:43,ID: 169,ID2: 166, Timer: 5670, RSSI: -32
2026-08-11 07:36:43,ID: 169,ID2: 166, Timer: 5677, RSSI: -28
2026-08-11 07:36:43,ID: 169,ID2: 166, Timer: 5684, RSSI: -36
2026-08-11 07:36:43,ID: 169,ID2: 166, Timer: 5698, RSSI: -28
2026-08-11 07:36:43,ID: 169,ID2: 166, Timer: 5726, RSSI: -36
2026-08-11 07:36:43,ID: 169,ID2: 166, Timer: 5733, RSSI: -32
2026-08-11 07:36:43,ID: 169,ID2: 166, Timer: 5754, RSSI: -32
2026-08-11 07:36:43,ID: 169,ID2: 166, Timer: 5782, RSSI: -28
2026-08-11 07:36:43,ID: 169,ID2: 166, Timer: 5796, RSSI: -32
2026-08-11 07:36:43,ID: 169,ID2: 166, Timer: 5803, RSSI: -28
2026-08-11 07:36:43,ID: 169,ID2: 166, Timer: 5810, RSSI: -36
2026-08-11 07:36:43,ID: 169,ID2: 166, Timer: 5817, RSSI: -32
2026-08-11 07:36:43,ID: 169,ID2: 166, Timer: 5838, RSSI: -32
2026-08-11 07:36:43,ID: 169,ID2: 166, Timer: 5845, RSSI: -28
2026-08-11 07:36:43,ID: 169,ID2: 166, Timer: 5859, RSSI: -32
2026-08-11 07:36:43,ID: 169,ID2: 166, Timer: 5873, RSSI: -36
2026-08-11 07:36:43,ID: 169,ID2: 166, Timer: 5880, RSSI: -32
2026-08-11 07:36:43,ID: 169,ID2: 166, Timer: 5915, RSSI: -36
2026-08-11 07:36:43,ID: 169,ID2: 166, Timer: 5922, RSSI: -32
2026-08-11 07:36:43,ID: 169,ID2: 166, Timer: 5929, RSSI: -28
2026-08-11 07:36:43,ID: 169,ID2: 166, Timer: 5964, RSSI: -32
2026-08-11 07:36:43,ID: 169,ID2: 166, Timer: 5964, RSSI: -32
2026-08-11 07:36:43,ID: 169,ID2: 166, Timer: 5971, RSSI: -28
2026-08-11 07:36:43,ID: 169,ID2: 166, Timer: 5978, RSSI: -36
2026-08-11 07:36:43,ID: 169,ID2: 166, Timer: 5992, RSSI: -28
2026-08-11 07:36:43,ID: 169,ID2: 166, Timer: 6006, RSSI: -32
2026-08-11 07:36:43,ID: 169,ID2: 166, Timer: 6006, RSSI: -32
2026-08-11 07:36:43,ID: 169,ID2: 166, Timer: 6013, RSSI: -28
2026-08-11 07:36:43,ID: 169,ID2: 166, Timer: 6020, RSSI: -36
2026-08-11 07:36:43,ID: 169,ID2: 166, Timer: 6027, RSSI: -32
2026-08-11 07:36:43,ID: 169,ID2: 166, Timer: 6048, RSSI: -32
2026-08-11 07:36:43,ID: 169,ID2: 166, Timer: 6055, RSSI: -28
2026-08-11 07:36:43,ID: 169,ID2: 166, Timer: 6062, RSSI: -36
2026-08-11 07:36:43,ID: 169,ID2: 166, Timer: 6069, RSSI: -32
2026-08-11 07:36:43,ID: 169,ID2: 166, Timer: 6090, RSSI: -32
2026-08-11 07:36:43,ID: 169,ID2: 166, Timer: 6090, RSSI: -32
2026-08-11 07:36:43,ID: 169,ID2: 166, Timer: 6104, RSSI: -36
2026-08-11 07:36:43,ID: 169,ID2: 166, Timer: 6111, RSSI: -32
2026-08-11 07:36:43,ID: 169,ID2: 166, Timer: 6118, RSSI: -28
2026-08-11 07:36:43,ID: 169,ID2: 166, Timer: 6125, RSSI: -36
2026-08-11 07:36:43,ID: 169,ID2: 166, Timer: 6132, RSSI: -32
2026-08-11 07:36:43,ID: 169,ID2: 166, Timer: 6167, RSSI: -36
2026-08-11 07:36:43,ID: 169,ID2: 166, Timer: 6174, RSSI: -32
2026-08-11 07:36:43,ID: 169,ID2: 166, Timer: 6181, RSSI: -28
2026-08-11 07:36:43,ID: 169,ID2: 166, Timer: 6188, RSSI: -36
2026-08-11 07:36:43,ID: 169,ID2: 166, Timer: 6195, RSSI: -32
2026-08-11 07:36:43,ID: 169,ID2: 166, Timer: 6216, RSSI: -32
2026-08-11 07:36:43,ID: 169,ID2: 166, Timer: 6230, RSSI: -36
2026-08-11 07:36:43,ID: 169,ID2: 166, Timer: 6237, RSSI: -32
2026-08-11 07:36:43,ID: 169,ID2: 166, Timer: 6258, RSSI: -32
2026-08-11 07:36:43,ID: 169,ID2: 166, Timer: 6279, RSSI: -32
2026-08-11 07:36:43,ID: 169,ID2: 166, Timer: 6293, RSSI: -36
2026-08-11 07:36:43,ID: 169,ID2: 166, Timer: 6300, RSSI: -32
2026-08-11 07:36:43,ID: 169,ID2: 166, Timer: 6314, RSSI: -36
2026-08-11 07:36:43,ID: 169,ID2: 166, Timer: 6328, RSSI: -28
2026-08-11 07:36:43,ID: 169,ID2: 166, Timer: 6342, RSSI: -32
2026-08-11 07:36:43,ID: 169,ID2: 166, Timer: 6356, RSSI: -36
2026-08-11 07:36:43,ID: 169,ID2: 166, Timer: 6384, RSSI: -32
2026-08-11 07:36:43,ID: 169,ID2: 166, Timer: 6391, RSSI: -28
2026-08-11 07:36:43,ID: 169,ID2: 166, Timer: 6398, RSSI: -36
2026-08-11 07:36:43,ID: 169,ID2: 166, Timer: 6426, RSSI: -32
2026-08-11 07:36:43,ID: 169,ID2: 166, Timer: 6447, RSSI: -32
2026-08-11 07:36:43,ID: 169,ID2: 166, Timer: 6468, RSSI: -32
2026-08-11 07:36:43,ID: 169,ID2: 166, Timer: 6489, RSSI: -32
2026-08-11 07:36:43,ID: 169,ID2: 166, Timer: 6510, RSSI: -32
2026-08-11 07:36:43,ID: 169,ID2: 166, Timer: 6524, RSSI: -36
2026-08-11 07:36:43,ID: 169,ID2: 166, Timer: 6538, RSSI: -28
2026-08-11 07:36:43,ID: 169,ID2: 166, Timer: 6552, RSSI: -32
2026-08-11 07:36:43,ID: 169,ID2: 166, Timer: 6559, RSSI: -28
2026-08-11 07:36:43,ID: 169,ID2: 166, Timer: 6594, RSSI: -32
2026-08-11 07:36:43,ID: 169,ID2: 166, Timer: 6622, RSSI: -28
2026-08-11 07:36:43,ID: 169,ID2: 166, Timer: 6636, RSSI: -32
2026-08-11 07:36:43,ID: 169,ID2: 166, Timer: 6643, RSSI: -28
2026-08-11 07:36:43,ID: 169,ID2: 166, Timer: 6650, RSSI: -36
2026-08-11 07:36:43,ID: 169,ID2: 166, Timer: 6657, RSSI: -32
2026-08-11 07:36:43,ID: 169,ID2: 166, Timer: 6664, RSSI: -28
2026-08-11 07:36:43,ID: 169,ID2: 166, Timer: 6678, RSSI: -32
2026-08-11 07:36:43,ID: 169,ID2: 166, Timer: 6678, RSSI: -32
2026-08-11 07:36:43,ID: 169,ID2: 166, Timer: 6685, RSSI: -28
2026-08-11 07:36:43,ID: 169,ID2: 166, Timer: 6706, RSSI: -28
2026-08-11 07:36:43,ID: 169,ID2: 166, Timer: 6720, RSSI: -32
2026-08-11 07:36:43,ID: 169,ID2: 166, Timer: 6762, RSSI: -32
2026-08-11 07:36:43,ID: 169,ID2: 166, Timer: 6769, RSSI: -28
2026-08-11 07:36:43,ID: 169,ID2: 166, Timer: 6776, RSSI: -36
2026-08-11 07:36:43,ID: 169,ID2: 166, Timer: 6783, RSSI: -32
2026-08-11 07:36:43,ID: 169,ID2: 166, Timer: 6790, RSSI: -28
2026-08-11 07:36:43,ID: 169,ID2: 166, Timer: 6804, RSSI: -32
2026-08-11 07:36:43,ID: 169,ID2: 166, Timer: 6818, RSSI: -36
2026-08-11 07:36:43,ID: 169,ID2: 166, Timer: 6825, RSSI: -32
2026-08-11 07:36:43,ID: 169,ID2: 166, Timer: 6846, RSSI: -32
2026-08-11 07:36:43,ID: 169,ID2: 166, Timer: 6846, RSSI: -32
2026-08-11 07:36:43,ID: 169,ID2: 166, Timer: 6853, RSSI: -28
2026-08-11 07:36:43,ID: 169,ID2: 166, Timer: 6867, RSSI: -32
2026-08-11 07:36:43,ID: 169,ID2: 166, Timer: 6874, RSSI: -28
2026-08-11 07:36:43,ID: 169,ID2: 166, Timer: 6881, RSSI: -36
2026-08-11 07:36:43,ID: 169,ID2: 166, Timer: 6888, RSSI: -32
2026-08-11 07:36:43,ID: 169,ID2: 166, Timer: 6895, RSSI: -28
2026-08-11 07:36:43,ID: 169,ID2: 166, Timer: 6909, RSSI: -32
2026-08-11 07:36:43,ID: 169,ID2: 166, Timer: 6930, RSSI: -32
2026-08-11 07:36:43,ID: 169,ID2: 166, Timer: 6930, RSSI: -32
2026-08-11 07:36:43,ID: 169,ID2: 166, Timer: 6951, RSSI: -32
2026-08-11 07:36:43,ID: 169,ID2: 166, Timer: 6972, RSSI: -32
2026-08-11 07:36:43,ID: 169,ID2: 166, Timer: 6986, RSSI: -36
2026-08-11 07:36:43,ID: 169,ID2: 166, Timer: 7000, RSSI: -28
2026-08-11 07:36:43,ID: 169,ID2: 166, Timer: 7014, RSSI: -32
2026-08-11 07:36:43,ID: 169,ID2: 166, Timer: 7021, RSSI: -28
2026-08-11 07:36:43,ID: 169,ID2: 166, Timer: 7042, RSSI: -28
2026-08-11 07:36:43,ID: 169,ID2: 166, Timer: 7049, RSSI: -36
2026-08-11 07:36:43,ID: 169,ID2: 166, Timer: 7056, RSSI: -32
2026-08-11 07:36:43,ID: 169,ID2: 166, Timer: 7063, RSSI: -28
2026-08-11 07:36:43,ID: 169,ID2: 166, Timer: 7077, RSSI: -32
2026-08-11 07:36:43,ID: 169,ID2: 166, Timer: 7098, RSSI: -32
2026-08-11 07:36:43,ID: 169,ID2: 166, Timer: 7119, RSSI: -32
2026-08-11 07:36:43,ID: 169,ID2: 166, Timer: 7126, RSSI: -28
2026-08-11 07:36:43,ID: 169,ID2: 166, Timer: 7133, RSSI: -36
2026-08-11 07:36:43,ID: 169,ID2: 166, Timer: 7140, RSSI: -32
2026-08-11 07:36:43,ID: 169,ID2: 166, Timer: 7147, RSSI: -28
2026-08-11 07:36:43,ID: 169,ID2: 166, Timer: 7168, RSSI: -28
2026-08-11 07:36:43,ID: 169,ID2: 166, Timer: 7175, RSSI: -36
2026-08-11 07:36:43,ID: 169,ID2: 166, Timer: 7182, RSSI: -32
2026-08-11 07:36:43,ID: 169,ID2: 166, Timer: 7196, RSSI: -36
2026-08-11 07:36:43,ID: 169,ID2: 166, Timer: 7210, RSSI: -28
2026-08-11 07:36:43,ID: 169,ID2: 166, Timer: 7224, RSSI: -32
2026-08-11 07:36:43,ID: 169,ID2: 166, Timer: 7245, RSSI: -32
2026-08-11 07:36:43,ID: 169,ID2: 166, Timer: 7259, RSSI: -36
2026-08-11 07:36:43,ID: 169,ID2: 166, Timer: 7266, RSSI: -32
2026-08-11 07:36:43,ID: 169,ID2: 166, Timer: 7280, RSSI: -36
2026-08-11 07:36:43,ID: 169,ID2: 166, Timer: 7308, RSSI: -32
2026-08-11 07:36:43,ID: 169,ID2: 166, Timer: 7308, RSSI: -32
2026-08-11 07:36:43,ID: 169,ID2: 166, Timer: 7350, RSSI: -32
2026-08-11 07:36:43,ID: 169,ID2: 166, Timer: 7371, RSSI: -32
2026-08-11 07:36:43,ID: 169,ID2: 166, Timer: 7378, RSSI: -28
2026-08-11 07:36:43,ID: 169,ID2: 166, Timer: 7392, RSSI: -32
2026-08-11 07:36:43,ID: 169,ID2: 166, Timer: 7392, RSSI: -32
2026-08-11 07:36:43,ID: 169,ID2: 166, Timer: 7399, RSSI: -28
2026-08-11 07:36:43,ID: 169,ID2: 166, Timer: 7406, RSSI: -36
2026-08-11 07:36:43,ID: 169,ID2: 166, Timer: 7420, RSSI: -28
2026-08-11 07:36:43,ID: 169,ID2: 166, Timer: 7434, RSSI: -32
2026-08-11 07:36:43,ID: 169,ID2: 166, Timer: 7434, RSSI: -32
2026-08-11 07:36:43,ID: 169,ID2: 166, Timer: 7441, RSSI: -28
2026-08-11 07:36:43,ID: 169,ID2: 166, Timer: 7448, RSSI: -36
2026-08-11 07:36:43,ID: 169,ID2: 166, Timer: 7455, RSSI: -32
2026-08-11 07:36:43,ID: 169,ID2: 166, Timer: 7476, RSSI: -32
2026-08-11 07:36:43,ID: 169,ID2: 166, Timer: 7518, RSSI: -32
2026-08-11 07:36:43,ID: 169,ID2: 166, Timer: 7539, RSSI: -32
2026-08-11 07:36:43,ID: 169,ID2: 166, Timer: 7553, RSSI: -36
2026-08-11 07:36:43,ID: 169,ID2: 166, Timer: 7560, RSSI: -32
2026-08-11 07:36:43,ID: 169,ID2: 166, Timer: 7574, RSSI: -36
2026-08-11 07:36:43,ID: 169,ID2: 166, Timer: 7588, RSSI: -28
2026-08-11 07:36:43,ID: 169,ID2: 166, Timer: 7595, RSSI: -36
2026-08-11 07:36:43,ID: 169,ID2: 166, Timer: 7602, RSSI: -32
2026-08-11 07:36:43,ID: 169,ID2: 166, Timer: 7602, RSSI: -32
2026-08-11 07:36:43,ID: 169,ID2: 166, Timer: 7630, RSSI: -28
2026-08-11 07:36:43,ID: 169,ID2: 166, Timer: 7637, RSSI: -36
2026-08-11 07:36:43,ID: 169,ID2: 166, Timer: 7644, RSSI: -32
2026-08-11 07:36:43,ID: 169,ID2: 166, Timer: 7651, RSSI: -28
2026-08-11 07:36:43,ID: 169,ID2: 166, Timer: 7665, RSSI: -32
2026-08-11 07:36:43,ID: 169,ID2: 166, Timer: 7672, RSSI: -28
2026-08-11 07:36:43,ID: 169,ID2: 166, Timer: 7686, RSSI: -32
2026-08-11 07:36:43,ID: 169,ID2: 166, Timer: 7693, RSSI: -28
2026-08-11 07:36:43,ID: 169,ID2: 166, Timer: 7700, RSSI: -36
2026-08-11 07:36:43,ID: 169,ID2: 166, Timer: 7707, RSSI: -32
2026-08-11 07:36:43,ID: 169,ID2: 166, Timer: 7721, RSSI: -36
2026-08-11 07:36:43,ID: 169,ID2: 166, Timer: 7728, RSSI: -32
2026-08-11 07:36:43,ID: 169,ID2: 166, Timer: 7742, RSSI: -36
2026-08-11 07:36:43,ID: 169,ID2: 166, Timer: 7749, RSSI: -32
2026-08-11 07:36:43,ID: 169,ID2: 166, Timer: 7770, RSSI: -32
2026-08-11 07:36:43,ID: 169,ID2: 166, Timer: 7770, RSSI: -32
2026-08-11 07:36:43,ID: 169,ID2: 166, Timer: 7784, RSSI: -36
2026-08-11 07:36:43,ID: 169,ID2: 166, Timer: 7791, RSSI: -32
2026-08-11 07:36:43,ID: 169,ID2: 166, Timer: 7812, RSSI: -32
2026-08-11 07:36:43,ID: 169,ID2: 166, Timer: 7819, RSSI: -28
2026-08-11 07:36:43,ID: 169,ID2: 166, Timer: 7854, RSSI: -32
2026-08-11 07:36:43,ID: 169,ID2: 166, Timer: 7854, RSSI: -32
2026-08-11 07:36:43,ID: 169,ID2: 166, Timer: 7889, RSSI: -36
2026-08-11 07:36:43,ID: 169,ID2: 166, Timer: 7896, RSSI: -32
2026-08-11 07:36:43,ID: 169,ID2: 166, Timer: 7903, RSSI: -28
2026-08-11 07:36:43,ID: 169,ID2: 166, Timer: 7910, RSSI: -36
2026-08-11 07:36:43,ID: 169,ID2: 166, Timer: 7917, RSSI: -32
2026-08-11 07:36:43,ID: 169,ID2: 166, Timer: 7924, RSSI: -28
2026-08-11 07:36:43,ID: 169,ID2: 166, Timer: 7931, RSSI: -36
2026-08-11 07:36:43,ID: 169,ID2: 166, Timer: 7938, RSSI: -32
2026-08-11 07:36:43,ID: 169,ID2: 166, Timer: 7952, RSSI: -36
2026-08-11 07:36:43,ID: 169,ID2: 166, Timer: 7980, RSSI: -32
2026-08-11 07:36:43,ID: 169,ID2: 166, Timer: 7987, RSSI: -28
2026-08-11 07:36:43,ID: 169,ID2: 166, Timer: 7994, RSSI: -36
2026-08-11 07:36:43,ID: 169,ID2: 166, Timer: 8022, RSSI: -32
2026-08-11 07:36:43,ID: 169,ID2: 166, Timer: 8036, RSSI: -36
2026-08-11 07:36:43,ID: 169,ID2: 166, Timer: 8043, RSSI: -32
2026-08-11 07:36:43,ID: 169,ID2: 166, Timer: 8050, RSSI: -28
2026-08-11 07:36:43,ID: 169,ID2: 166, Timer: 8057, RSSI: -36
2026-08-11 07:36:43,ID: 169,ID2: 166, Timer: 8064, RSSI: -32
2026-08-11 07:36:43,ID: 169,ID2: 166, Timer: 8064, RSSI: -32
2026-08-11 07:36:43,ID: 169,ID2: 166, Timer: 8078, RSSI: -36
2026-08-11 07:36:43,ID: 169,ID2: 166, Timer: 8092, RSSI: -28
2026-08-11 07:36:43,ID: 169,ID2: 166, Timer: 8127, RSSI: -32
2026-08-11 07:36:43,ID: 169,ID2: 166, Timer: 8155, RSSI: -28
2026-08-11 07:36:43,ID: 169,ID2: 166, Timer: 8162, RSSI: -36
2026-08-11 07:36:43,ID: 169,ID2: 166, Timer: 8190, RSSI: -32
2026-08-11 07:36:43,ID: 169,ID2: 166, Timer: 8211, RSSI: -32
2026-08-11 07:36:43,ID: 169,ID2: 166, Timer: 8232, RSSI: -32
2026-08-11 07:36:43,ID: 169,ID2: 166, Timer: 8239, RSSI: -28
2026-08-11 07:36:43,ID: 169,ID2: 166, Timer: 8246, RSSI: -36
2026-08-11 07:36:43,ID: 169,ID2: 166, Timer: 8253, RSSI: -32
2026-08-11 07:36:43,ID: 169,ID2: 166, Timer: 8260, RSSI: -28
2026-08-11 07:36:43,ID: 169,ID2: 166, Timer: 8274, RSSI: -32
2026-08-11 07:36:43,ID: 169,ID2: 166, Timer: 8281, RSSI: -28
2026-08-11 07:36:43,ID: 169,ID2: 166, Timer: 8288, RSSI: -36
2026-08-11 07:36:43,ID: 169,ID2: 166, Timer: 8295, RSSI: -32
2026-08-11 07:36:43,ID: 169,ID2: 166, Timer: 8302, RSSI: -28
2026-08-11 07:36:43,ID: 169,ID2: 166, Timer: 8316, RSSI: -32
2026-08-11 07:36:43,ID: 169,ID2: 166, Timer: 8337, RSSI: -32
2026-08-11 07:36:43,ID: 169,ID2: 166, Timer: 8344, RSSI: -28
2026-08-11 07:36:43,ID: 169,ID2: 166, Timer: 8358, RSSI: -32
2026-08-11 07:36:43,ID: 169,ID2: 166, Timer: 8379, RSSI: -32
2026-08-11 07:36:43,ID: 169,ID2: 166, Timer: 8393, RSSI: -36
2026-08-11 07:36:43,ID: 169,ID2: 166, Timer: 8400, RSSI: -32
2026-08-11 07:36:43,ID: 169,ID2: 166, Timer: 8400, RSSI: -32
2026-08-11 07:36:43,ID: 169,ID2: 166, Timer: 8407, RSSI: -28
2026-08-11 07:36:43,ID: 169,ID2: 166, Timer: 8414, RSSI: -36
2026-08-11 07:36:43,ID: 169,ID2: 166, Timer: 8421, RSSI: -32
2026-08-11 07:36:43,ID: 169,ID2: 166, Timer: 8435, RSSI: -36
2026-08-11 07:36:43,ID: 169,ID2: 166, Timer: 8442, RSSI: -32
2026-08-11 07:36:43,ID: 169,ID2: 166, Timer: 8449, RSSI: -28
2026-08-11 07:36:43,ID: 169,ID2: 166, Timer: 8470, RSSI: -28
2026-08-11 07:36:43,ID: 169,ID2: 166, Timer: 8477, RSSI: -36
2026-08-11 07:36:43,ID: 169,ID2: 166, Timer: 8484, RSSI: -32
2026-08-11 07:36:43,ID: 169,ID2: 166, Timer: 8491, RSSI: -28
2026-08-11 07:36:43,ID: 169,ID2: 166, Timer: 8505, RSSI: -32
2026-08-11 07:36:43,ID: 169,ID2: 166, Timer: 8512, RSSI: -28
2026-08-11 07:36:43,ID: 169,ID2: 166, Timer: 8526, RSSI: -32
2026-08-11 07:36:43,ID: 169,ID2: 166, Timer: 8526, RSSI: -32
2026-08-11 07:36:43,ID: 169,ID2: 166, Timer: 8533, RSSI: -28
2026-08-11 07:36:43,ID: 169,ID2: 166, Timer: 8540, RSSI: -36
2026-08-11 07:36:43,ID: 169,ID2: 166, Timer: 8547, RSSI: -32
2026-08-11 07:36:43,ID: 169,ID2: 166, Timer: 8554, RSSI: -28
2026-08-11 07:36:43,ID: 169,ID2: 166, Timer: 8561, RSSI: -36
2026-08-11 07:36:43,ID: 169,ID2: 166, Timer: 8568, RSSI: -32
2026-08-11 07:36:43,ID: 169,ID2: 166, Timer: 8575, RSSI: -28
2026-08-11 07:36:43,ID: 169,ID2: 166, Timer: 8596, RSSI: -28
2026-08-11 07:36:43,ID: 169,ID2: 166, Timer: 8610, RSSI: -32
2026-08-11 07:36:43,ID: 169,ID2: 166, Timer: 8610, RSSI: -32
2026-08-11 07:36:43,ID: 169,ID2: 166, Timer: 8617, RSSI: -28
2026-08-11 07:36:43,ID: 169,ID2: 166, Timer: 8631, RSSI: -32
2026-08-11 07:36:43,ID: 169,ID2: 166, Timer: 8638, RSSI: -28
2026-08-11 07:36:43,ID: 169,ID2: 166, Timer: 8652, RSSI: -32
2026-08-11 07:36:43,ID: 169,ID2: 166, Timer: 8659, RSSI: -28
2026-08-11 07:36:43,ID: 169,ID2: 166, Timer: 8666, RSSI: -36
2026-08-11 07:36:43,ID: 169,ID2: 166, Timer: 8673, RSSI: -32
2026-08-11 07:36:43,ID: 169,ID2: 166, Timer: 8694, RSSI: -32
2026-08-11 07:36:43,ID: 169,ID2: 166, Timer: 8694, RSSI: -32
2026-08-11 07:36:43,ID: 169,ID2: 166, Timer: 8701, RSSI: -28
2026-08-11 07:36:43,ID: 169,ID2: 166, Timer: 8736, RSSI: -32
2026-08-11 07:36:43,ID: 169,ID2: 166, Timer: 8743, RSSI: -28
2026-08-11 07:36:43,ID: 169,ID2: 166, Timer: 8750, RSSI: -36
2026-08-11 07:36:43,ID: 169,ID2: 166, Timer: 8764, RSSI: -28
2026-08-11 07:36:43,ID: 169,ID2: 166, Timer: 8771, RSSI: -36
2026-08-11 07:36:43,ID: 169,ID2: 166, Timer: 8778, RSSI: -32
2026-08-11 07:36:43,ID: 169,ID2: 166, Timer: 8785, RSSI: -28
2026-08-11 07:36:43,ID: 169,ID2: 166, Timer: 8792, RSSI: -36
2026-08-11 07:36:43,ID: 169,ID2: 166, Timer: 8806, RSSI: -28
2026-08-11 07:36:43,ID: 169,ID2: 166, Timer: 8813, RSSI: -36
2026-08-11 07:36:43,ID: 169,ID2: 166, Timer: 8820, RSSI: -32
2026-08-11 07:36:43,ID: 169,ID2: 166, Timer: 8841, RSSI: -32
2026-08-11 07:36:43,ID: 169,ID2: 166, Timer: 8862, RSSI: -32
2026-08-11 07:36:43,ID: 169,ID2: 166, Timer: 8876, RSSI: -36
2026-08-11 07:36:43,ID: 169,ID2: 166, Timer: 8904, RSSI: -32
2026-08-11 07:36:43,ID: 169,ID2: 166, Timer: 8911, RSSI: -28
2026-08-11 07:36:43,ID: 169,ID2: 166, Timer: 8918, RSSI: -36
2026-08-11 07:36:43,ID: 169,ID2: 166, Timer: 8939, RSSI: -36
2026-08-11 07:36:43,ID: 169,ID2: 166, Timer: 8946, RSSI: -32
2026-08-11 07:36:43,ID: 169,ID2: 166, Timer: 8960, RSSI: -36
2026-08-11 07:36:43,ID: 169,ID2: 166, Timer: 8967, RSSI: -32
2026-08-11 07:36:43,ID: 169,ID2: 166, Timer: 8974, RSSI: -28
2026-08-11 07:36:43,ID: 169,ID2: 166, Timer: 8988, RSSI: -32
2026-08-11 07:36:43,ID: 169,ID2: 166, Timer: 8988, RSSI: -32
2026-08-11 07:36:43,ID: 169,ID2: 166, Timer: 8995, RSSI: -28
2026-08-11 07:36:43,ID: 169,ID2: 166, Timer: 9009, RSSI: -32
2026-08-11 07:36:43,ID: 169,ID2: 166, Timer: 9030, RSSI: -32
2026-08-11 07:36:43,ID: 169,ID2: 166, Timer: 9030, RSSI: -32
2026-08-11 07:36:43,ID: 169,ID2: 166, Timer: 9065, RSSI: -36
2026-08-11 07:36:43,ID: 169,ID2: 166, Timer: 9072, RSSI: -32
2026-08-11 07:36:43,ID: 169,ID2: 166, Timer: 9093, RSSI: -32
2026-08-11 07:36:43,ID: 169,ID2: 166, Timer: 9107, RSSI: -36
2026-08-11 07:36:43,ID: 169,ID2: 166, Timer: 9114, RSSI: -32
2026-08-11 07:36:43,ID: 169,ID2: 166, Timer: 9121, RSSI: -28
2026-08-11 07:36:43,ID: 169,ID2: 166, Timer: 9135, RSSI: -32
2026-08-11 07:36:43,ID: 169,ID2: 166, Timer: 9149, RSSI: -36
2026-08-11 07:36:43,ID: 169,ID2: 166, Timer: 9156, RSSI: -32
2026-08-11 07:36:43,ID: 169,ID2: 166, Timer: 9170, RSSI: -36
2026-08-11 07:36:43,ID: 169,ID2: 166, Timer: 9184, RSSI: -28
2026-08-11 07:36:43,ID: 169,ID2: 166, Timer: 9191, RSSI: -36
2026-08-11 07:36:43,ID: 169,ID2: 166, Timer: 9198, RSSI: -32
2026-08-11 07:36:43,ID: 169,ID2: 166, Timer: 9212, RSSI: -36
2026-08-11 07:36:43,ID: 169,ID2: 166, Timer: 9240, RSSI: -32
2026-08-11 07:36:43,ID: 169,ID2: 166, Timer: 9254, RSSI: -36
2026-08-11 07:36:43,ID: 169,ID2: 166, Timer: 9275, RSSI: -36
2026-08-11 07:36:43,ID: 169,ID2: 166, Timer: 9282, RSSI: -32
2026-08-11 07:36:43,ID: 169,ID2: 166, Timer: 9310, RSSI: -28
2026-08-11 07:36:43,ID: 169,ID2: 166, Timer: 9317, RSSI: -36
2026-08-11 07:36:43,ID: 169,ID2: 166, Timer: 9324, RSSI: -32
2026-08-11 07:36:43,ID: 169,ID2: 166, Timer: 9331, RSSI: -28
2026-08-11 07:36:43,ID: 169,ID2: 166, Timer: 9366, RSSI: -32
2026-08-11 07:36:43,ID: 169,ID2: 166, Timer: 9387, RSSI: -32
2026-08-11 07:36:43,ID: 169,ID2: 166, Timer: 9394, RSSI: -28
2026-08-11 07:36:43,ID: 169,ID2: 166, Timer: 9401, RSSI: -36
2026-08-11 07:36:43,ID: 169,ID2: 166, Timer: 9408, RSSI: -32
2026-08-11 07:36:43,ID: 169,ID2: 166, Timer: 9436, RSSI: -28
2026-08-11 07:36:43,ID: 169,ID2: 166, Timer: 9450, RSSI: -32
2026-08-11 07:36:43,ID: 169,ID2: 166, Timer: 9450, RSSI: -32
2026-08-11 07:36:43,ID: 169,ID2: 166, Timer: 9464, RSSI: -36
2026-08-11 07:36:43,ID: 169,ID2: 166, Timer: 9478, RSSI: -28
2026-08-11 07:36:43,ID: 169,ID2: 166, Timer: 9492, RSSI: -32
2026-08-11 07:36:43,ID: 169,ID2: 166, Timer: 9499, RSSI: -28
2026-08-11 07:36:43,ID: 169,ID2: 166, Timer: 9506, RSSI: -36
2026-08-11 07:36:43,ID: 169,ID2: 166, Timer: 9534, RSSI: -32
2026-08-11 07:36:43,ID: 169,ID2: 166, Timer: 9548, RSSI: -36
2026-08-11 07:36:43,ID: 169,ID2: 166, Timer: 9555, RSSI: -32
2026-08-11 07:36:43,ID: 169,ID2: 166, Timer: 9576, RSSI: -32
2026-08-11 07:36:43,ID: 169,ID2: 166, Timer: 9597, RSSI: -32
2026-08-11 07:36:43,ID: 169,ID2: 166, Timer: 9618, RSSI: -32
2026-08-11 07:36:43,ID: 169,ID2: 166, Timer: 9660, RSSI: -32
2026-08-11 07:36:43,ID: 169,ID2: 166, Timer: 9674, RSSI: -36
2026-08-11 07:36:43,ID: 169,ID2: 166, Timer: 9681, RSSI: -32
2026-08-11 07:36:43,ID: 169,ID2: 166, Timer: 9695, RSSI: -36
2026-08-11 07:36:43,ID: 169,ID2: 166, Timer: 9702, RSSI: -32
2026-08-11 07:36:43,ID: 169,ID2: 166, Timer: 9716, RSSI: -36
2026-08-11 07:36:43,ID: 169,ID2: 166, Timer: 9730, RSSI: -28
2026-08-11 07:36:43,ID: 169,ID2: 166, Timer: 9737, RSSI: -36
2026-08-11 07:36:43,ID: 169,ID2: 166, Timer: 9744, RSSI: -32
2026-08-11 07:36:43,ID: 169,ID2: 166, Timer: 9751, RSSI: -28
2026-08-11 07:36:43,ID: 169,ID2: 166, Timer: 9772, RSSI: -28
2026-08-11 07:36:43,ID: 169,ID2: 166, Timer: 9779, RSSI: -36
2026-08-11 07:36:43,ID: 169,ID2: 166, Timer: 9786, RSSI: -32
2026-08-11 07:36:43,ID: 169,ID2: 166, Timer: 9793, RSSI: -28
2026-08-11 07:36:43,ID: 169,ID2: 166, Timer: 9800, RSSI: -36
2026-08-11 07:36:43,ID: 169,ID2: 166, Timer: 9821, RSSI: -36
2026-08-11 07:36:43,ID: 169,ID2: 166, Timer: 9828, RSSI: -32
2026-08-11 07:36:43,ID: 169,ID2: 166, Timer: 9835, RSSI: -28
2026-08-11 07:36:43,ID: 169,ID2: 166, Timer: 9863, RSSI: -36
2026-08-11 07:36:43,ID: 169,ID2: 166, Timer: 9870, RSSI: -32
2026-08-11 07:36:43,ID: 169,ID2: 166, Timer: 9877, RSSI: -28
2026-08-11 07:36:43,ID: 169,ID2: 166, Timer: 9891, RSSI: -32
2026-08-11 07:36:43,ID: 169,ID2: 166, Timer: 9912, RSSI: -32
2026-08-11 07:36:43,ID: 169,ID2: 166, Timer: 9919, RSSI: -28
2026-08-11 07:36:43,ID: 169,ID2: 166, Timer: 9940, RSSI: -28
2026-08-11 07:36:43,ID: 169,ID2: 166, Timer: 9947, RSSI: -36
2026-08-11 07:36:43,ID: 169,ID2: 166, Timer: 9954, RSSI: -32
2026-08-11 07:36:43,ID: 169,ID2: 166, Timer: 9968, RSSI: -36
2026-08-11 07:36:43,ID: 169,ID2: 166, Timer: 9975, RSSI: -32
2026-08-11 07:36:43,ID: 169,ID2: 166, Timer: 9996, RSSI: -32
2026-08-11 07:36:43,ID: 169,ID2: 166, Timer: 10031, RSSI: -36
2026-08-11 07:36:43,ID: 169,ID2: 166, Timer: 10038, RSSI: -32
2026-08-11 07:36:43,ID: 169,ID2: 166, Timer: 10059, RSSI: -32
2026-08-11 07:36:43,ID: 169,ID2: 166, Timer: 10066, RSSI: -28
2026-08-11 07:36:43,ID: 169,ID2: 166, Timer: 10080, RSSI: -32
2026-08-11 07:36:43,ID: 169,ID2: 166, Timer: 10080, RSSI: -32
2026-08-11 07:36:43,ID: 169,ID2: 166, Timer: 10087, RSSI: -28
2026-08-11 07:36:43,ID: 169,ID2: 166, Timer: 10094, RSSI: -36
2026-08-11 07:36:43,ID: 169,ID2: 166, Timer: 10101, RSSI: -32
2026-08-11 07:36:43,ID: 169,ID2: 166, Timer: 10115, RSSI: -36
2026-08-11 07:36:43,ID: 169,ID2: 166, Timer: 10122, RSSI: -32
2026-08-11 07:36:43,ID: 169,ID2: 166, Timer: 10143, RSSI: -32
2026-08-11 07:36:43,ID: 169,ID2: 166, Timer: 10164, RSSI: -32
2026-08-11 07:36:43,ID: 169,ID2: 166, Timer: 10164, RSSI: -32
2026-08-11 07:36:43,ID: 169,ID2: 166, Timer: 10206, RSSI: -32
2026-08-11 07:36:43,ID: 169,ID2: 166, Timer: 10220, RSSI: -36
2026-08-11 07:36:43,ID: 169,ID2: 166, Timer: 10241, RSSI: -36
2026-08-11 07:36:43,ID: 169,ID2: 166, Timer: 10248, RSSI: -32
2026-08-11 07:36:43,ID: 169,ID2: 166, Timer: 10269, RSSI: -32
2026-08-11 07:36:43,ID: 169,ID2: 166, Timer: 10276, RSSI: -28
2026-08-11 07:36:43,ID: 169,ID2: 166, Timer: 10283, RSSI: -36
2026-08-11 07:36:43,ID: 169,ID2: 166, Timer: 10304, RSSI: -36
2026-08-11 07:36:43,ID: 169,ID2: 166, Timer: 10332, RSSI: -32
2026-08-11 07:36:43,ID: 169,ID2: 166, Timer: 10346, RSSI: -36
2026-08-11 07:36:43,ID: 169,ID2: 166, Timer: 10374, RSSI: -32
2026-08-11 07:36:43,ID: 169,ID2: 166, Timer: 10381, RSSI: -28
2026-08-11 07:36:43,ID: 169,ID2: 166, Timer: 10388, RSSI: -36
2026-08-11 07:36:43,ID: 169,ID2: 166, Timer: 10409, RSSI: -36
2026-08-11 07:36:43,ID: 169,ID2: 166, Timer: 10416, RSSI: -32
2026-08-11 07:36:43,ID: 169,ID2: 166, Timer: 10416, RSSI: -32
2026-08-11 07:36:43,ID: 169,ID2: 166, Timer: 10451, RSSI: -36
2026-08-11 07:36:43,ID: 169,ID2: 166, Timer: 10458, RSSI: -32
2026-08-11 07:36:43,ID: 169,ID2: 166, Timer: 10472, RSSI: -36
2026-08-11 07:36:43,ID: 169,ID2: 166, Timer: 10486, RSSI: -28
2026-08-11 07:36:43,ID: 169,ID2: 166, Timer: 10493, RSSI: -36
2026-08-11 07:36:43,ID: 169,ID2: 166, Timer: 10500, RSSI: -32
2026-08-11 07:36:43,ID: 169,ID2: 166, Timer: 10500, RSSI: -32
2026-08-11 07:36:43,ID: 169,ID2: 166, Timer: 10507, RSSI: -28
2026-08-11 07:36:43,ID: 169,ID2: 166, Timer: 10535, RSSI: -36
2026-08-11 07:36:43,ID: 169,ID2: 166, Timer: 10542, RSSI: -32
2026-08-11 07:36:43,ID: 169,ID2: 166, Timer: 10549, RSSI: -28
2026-08-11 07:36:43,ID: 169,ID2: 166, Timer: 10556, RSSI: -36
2026-08-11 07:36:43,ID: 169,ID2: 166, Timer: 10563, RSSI: -32
2026-08-11 07:36:43,ID: 169,ID2: 166, Timer: 10584, RSSI: -32
2026-08-11 07:36:43,ID: 169,ID2: 166, Timer: 10584, RSSI: -32
2026-08-11 07:36:43,ID: 169,ID2: 166, Timer: 10626, RSSI: -32
2026-08-11 07:36:43,ID: 169,ID2: 166, Timer: 10626, RSSI: -32
2026-08-11 07:36:43,ID: 169,ID2: 166, Timer: 10640, RSSI: -36
2026-08-11 07:36:43,ID: 169,ID2: 166, Timer: 10654, RSSI: -28
2026-08-11 07:36:43,ID: 169,ID2: 166, Timer: 10661, RSSI: -36
2026-08-11 07:36:43,ID: 169,ID2: 166, Timer: 10668, RSSI: -32
2026-08-11 07:36:43,ID: 169,ID2: 166, Timer: 10682, RSSI: -36
2026-08-11 07:36:43,ID: 169,ID2: 166, Timer: 10710, RSSI: -32
2026-08-11 07:36:43,ID: 169,ID2: 166, Timer: 10752, RSSI: -32
2026-08-11 07:36:43,ID: 169,ID2: 166, Timer: 10773, RSSI: -32
2026-08-11 07:36:43,ID: 169,ID2: 166, Timer: 10780, RSSI: -28
2026-08-11 07:36:43,ID: 169,ID2: 166, Timer: 10794, RSSI: -32
2026-08-11 07:36:43,ID: 169,ID2: 166, Timer: 10808, RSSI: -36
2026-08-11 07:36:43,ID: 169,ID2: 166, Timer: 10836, RSSI: -32
2026-08-11 07:36:43,ID: 169,ID2: 166, Timer: 10850, RSSI: -36
2026-08-11 07:36:43,ID: 169,ID2: 166, Timer: 10857, RSSI: -32
2026-08-11 07:36:43,ID: 169,ID2: 166, Timer: 10871, RSSI: -36
2026-08-11 07:36:43,ID: 169,ID2: 166, Timer: 10878, RSSI: -32
2026-08-11 07:36:43,ID: 169,ID2: 166, Timer: 10906, RSSI: -28
2026-08-11 07:36:43,ID: 169,ID2: 166, Timer: 10920, RSSI: -32
2026-08-11 07:36:43,ID: 169,ID2: 166, Timer: 10941, RSSI: -32
2026-08-11 07:36:43,ID: 169,ID2: 166, Timer: 10962, RSSI: -32
2026-08-11 07:36:43,ID: 169,ID2: 166, Timer: 10962, RSSI: -32
2026-08-11 07:36:43,ID: 169,ID2: 166, Timer: 10969, RSSI: -28
2026-08-11 07:36:43,ID: 169,ID2: 166, Timer: 10983, RSSI: -32
2026-08-11 07:36:43,ID: 169,ID2: 166, Timer: 10997, RSSI: -36
2026-08-11 07:36:43,ID: 169,ID2: 166, Timer: 11004, RSSI: -32
2026-08-11 07:36:43,ID: 169,ID2: 166, Timer: 11018, RSSI: -36
2026-08-11 07:36:43,ID: 169,ID2: 166, Timer: 11046, RSSI: -32
2026-08-11 07:36:43,ID: 169,ID2: 166, Timer: 11046, RSSI: -32
2026-08-11 07:36:43,ID: 169,ID2: 166, Timer: 11074, RSSI: -28
2026-08-11 07:36:43,ID: 169,ID2: 166, Timer: 11081, RSSI: -36
2026-08-11 07:36:43,ID: 169,ID2: 166, Timer: 11088, RSSI: -32
2026-08-11 07:36:43,ID: 169,ID2: 166, Timer: 11095, RSSI: -28
2026-08-11 07:36:43,ID: 169,ID2: 166, Timer: 11102, RSSI: -36
2026-08-11 07:36:43,ID: 169,ID2: 166, Timer: 11130, RSSI: -32
2026-08-11 07:36:43,ID: 169,ID2: 166, Timer: 11172, RSSI: -32
2026-08-11 07:36:43,ID: 169,ID2: 166, Timer: 11186, RSSI: -36
2026-08-11 07:36:43,ID: 169,ID2: 166, Timer: 11200, RSSI: -28
2026-08-11 07:36:43,ID: 169,ID2: 166, Timer: 11214, RSSI: -32
2026-08-11 07:36:43,ID: 169,ID2: 166, Timer: 11221, RSSI: -28
2026-08-11 07:36:43,ID: 169,ID2: 166, Timer: 11235, RSSI: -32
2026-08-11 07:36:43,ID: 169,ID2: 166, Timer: 11256, RSSI: -32
2026-08-11 07:36:43,ID: 169,ID2: 166, Timer: 11270, RSSI: -36
2026-08-11 07:36:43,ID: 169,ID2: 166, Timer: 11277, RSSI: -32
2026-08-11 07:36:43,ID: 169,ID2: 166, Timer: 11284, RSSI: -28
2026-08-11 07:36:43,ID: 169,ID2: 166, Timer: 11298, RSSI: -32
2026-08-11 07:36:43,ID: 169,ID2: 166, Timer: 11305, RSSI: -28
2026-08-11 07:36:43,ID: 169,ID2: 166, Timer: 11319, RSSI: -32
2026-08-11 07:36:43,ID: 169,ID2: 166, Timer: 11333, RSSI: -36
2026-08-11 07:36:43,ID: 169,ID2: 166, Timer: 11340, RSSI: -32
2026-08-11 07:36:43,ID: 169,ID2: 166, Timer: 11354, RSSI: -36
2026-08-11 07:36:43,ID: 169,ID2: 166, Timer: 11368, RSSI: -28
2026-08-11 07:36:43,ID: 169,ID2: 166, Timer: 11382, RSSI: -32
2026-08-11 07:36:43,ID: 169,ID2: 166, Timer: 11389, RSSI: -28
2026-08-11 07:36:43,ID: 169,ID2: 166, Timer: 11403, RSSI: -32
2026-08-11 07:36:43,ID: 169,ID2: 166, Timer: 11424, RSSI: -32
2026-08-11 07:36:43,ID: 169,ID2: 166, Timer: 11424, RSSI: -32
2026-08-11 07:36:43,ID: 169,ID2: 166, Timer: 11445, RSSI: -32
2026-08-11 07:36:43,ID: 169,ID2: 166, Timer: 11452, RSSI: -28
2026-08-11 07:36:43,ID: 169,ID2: 166, Timer: 11459, RSSI: -36
2026-08-11 07:36:43,ID: 169,ID2: 166, Timer: 11466, RSSI: -32
2026-08-11 07:36:43,ID: 169,ID2: 166, Timer: 11480, RSSI: -36
2026-08-11 07:36:43,ID: 169,ID2: 166, Timer: 11501, RSSI: -36
2026-08-11 07:36:43,ID: 169,ID2: 166, Timer: 11508, RSSI: -32
2026-08-11 07:36:43,ID: 169,ID2: 166, Timer: 11529, RSSI: -32
2026-08-11 07:36:43,ID: 169,ID2: 166, Timer: 11536, RSSI: -28
2026-08-11 07:36:43,ID: 169,ID2: 166, Timer: 11543, RSSI: -36
2026-08-11 07:36:43,ID: 169,ID2: 166, Timer: 11550, RSSI: -32
2026-08-11 07:36:43,ID: 169,ID2: 166, Timer: 11564, RSSI: -36
2026-08-11 07:36:43,ID: 169,ID2: 166, Timer: 11578, RSSI: -28
2026-08-11 07:36:43,ID: 169,ID2: 166, Timer: 11585, RSSI: -36
2026-08-11 07:36:43,ID: 169,ID2: 166, Timer: 11592, RSSI: -32
2026-08-11 07:36:43,ID: 169,ID2: 166, Timer: 11592, RSSI: -32
2026-08-11 07:36:43,ID: 169,ID2: 166, Timer: 11606, RSSI: -36
2026-08-11 07:36:43,ID: 169,ID2: 166, Timer: 11620, RSSI: -28
2026-08-11 07:36:43,ID: 169,ID2: 166, Timer: 11627, RSSI: -36
2026-08-11 07:36:43,ID: 169,ID2: 166, Timer: 11634, RSSI: -32
2026-08-11 07:36:43,ID: 169,ID2: 166, Timer: 11641, RSSI: -28
2026-08-11 07:36:43,ID: 169,ID2: 166, Timer: 11648, RSSI: -36
2026-08-11 07:36:43,ID: 169,ID2: 166, Timer: 11662, RSSI: -28
2026-08-11 07:36:43,ID: 169,ID2: 166, Timer: 11669, RSSI: -36
2026-08-11 07:36:43,ID: 169,ID2: 166, Timer: 11676, RSSI: -32
2026-08-11 07:36:43,ID: 169,ID2: 166, Timer: 11683, RSSI: -28
2026-08-11 07:36:43,ID: 169,ID2: 166, Timer: 11690, RSSI: -36
2026-08-11 07:36:43,ID: 169,ID2: 166, Timer: 11718, RSSI: -32
2026-08-11 07:36:43,ID: 169,ID2: 166, Timer: 11739, RSSI: -32
2026-08-11 07:36:43,ID: 169,ID2: 166, Timer: 11753, RSSI: -36
2026-08-11 07:36:43,ID: 169,ID2: 166, Timer: 11760, RSSI: -32
2026-08-11 07:36:43,ID: 169,ID2: 166, Timer: 11767, RSSI: -28
2026-08-11 07:36:43,ID: 169,ID2: 166, Timer: 11774, RSSI: -36
2026-08-11 07:36:43,ID: 169,ID2: 166, Timer: 11781, RSSI: -32
2026-08-11 07:36:43,ID: 169,ID2: 166, Timer: 11802, RSSI: -32
2026-08-11 07:36:43,ID: 169,ID2: 166, Timer: 11816, RSSI: -36
2026-08-11 07:36:43,ID: 169,ID2: 166, Timer: 11823, RSSI: -32
2026-08-11 07:36:43,ID: 169,ID2: 166, Timer: 11844, RSSI: -32
2026-08-11 07:36:43,ID: 169,ID2: 166, Timer: 11858, RSSI: -36
2026-08-11 07:36:43,ID: 169,ID2: 166, Timer: 11872, RSSI: -28
2026-08-11 07:36:43,ID: 169,ID2: 166, Timer: 11886, RSSI: -32
2026-08-11 07:36:43,ID: 169,ID2: 166, Timer: 11900, RSSI: -36
2026-08-11 07:36:43,ID: 169,ID2: 166, Timer: 11928, RSSI: -32
2026-08-11 07:36:43,ID: 169,ID2: 166, Timer: 11942, RSSI: -36
2026-08-11 07:36:43,ID: 169,ID2: 166, Timer: 11949, RSSI: -32
2026-08-11 07:36:43,ID: 169,ID2: 166, Timer: 11956, RSSI: -28
2026-08-11 07:36:43,ID: 169,ID2: 166, Timer: 11970, RSSI: -32
2026-08-11 07:36:43,ID: 169,ID2: 166, Timer: 12005, RSSI: -36
2026-08-11 07:36:43,ID: 169,ID2: 166, Timer: 12012, RSSI: -32
2026-08-11 07:36:43,ID: 169,ID2: 166, Timer: 12019, RSSI: -28
2026-08-11 07:36:43,ID: 169,ID2: 166, Timer: 12047, RSSI: -36
2026-08-11 07:36:43,ID: 169,ID2: 166, Timer: 12054, RSSI: -32
2026-08-11 07:36:43,ID: 169,ID2: 166, Timer: 12061, RSSI: -28
2026-08-11 07:36:43,ID: 169,ID2: 166, Timer: 12068, RSSI: -36
2026-08-11 07:36:43,ID: 169,ID2: 166, Timer: 12089, RSSI: -36
2026-08-11 07:36:43,ID: 169,ID2: 166, Timer: 12110, RSSI: -36
2026-08-11 07:36:43,ID: 169,ID2: 166, Timer: 12117, RSSI: -32
2026-08-11 07:36:43,ID: 169,ID2: 166, Timer: 12131, RSSI: -36
2026-08-11 07:36:43,ID: 169,ID2: 166, Timer: 12138, RSSI: -32
2026-08-11 07:36:43,ID: 169,ID2: 166, Timer: 12152, RSSI: -36
2026-08-11 07:36:43,ID: 169,ID2: 166, Timer: 12159, RSSI: -32
2026-08-11 07:36:43,ID: 169,ID2: 166, Timer: 12180, RSSI: -32
2026-08-11 07:36:43,ID: 169,ID2: 166, Timer: 12194, RSSI: -36
2026-08-11 07:36:43,ID: 169,ID2: 166, Timer: 12201, RSSI: -32
2026-08-11 07:36:43,ID: 169,ID2: 166, Timer: 12215, RSSI: -36
2026-08-11 07:36:43,ID: 169,ID2: 166, Timer: 12229, RSSI: -28
2026-08-11 07:36:43,ID: 169,ID2: 166, Timer: 12236, RSSI: -36
2026-08-11 07:36:43,ID: 169,ID2: 166, Timer: 12250, RSSI: -28
2026-08-11 07:36:43,ID: 169,ID2: 166, Timer: 12257, RSSI: -36
2026-08-11 07:36:43,ID: 169,ID2: 166, Timer: 12264, RSSI: -32
2026-08-11 07:36:43,ID: 169,ID2: 166, Timer: 12264, RSSI: -32
2026-08-11 07:36:43,ID: 169,ID2: 166, Timer: 12271, RSSI: -28
2026-08-11 07:36:43,ID: 169,ID2: 166, Timer: 12306, RSSI: -32
2026-08-11 07:36:43,ID: 169,ID2: 166, Timer: 12327, RSSI: -32
2026-08-11 07:36:43,ID: 169,ID2: 166, Timer: 12334, RSSI: -28
2026-08-11 07:36:43,ID: 169,ID2: 166, Timer: 12348, RSSI: -32
2026-08-11 07:36:43,ID: 169,ID2: 166, Timer: 12355, RSSI: -28
2026-08-11 07:36:43,ID: 169,ID2: 166, Timer: 12390, RSSI: -32
2026-08-11 07:36:43,ID: 169,ID2: 166, Timer: 12411, RSSI: -32
2026-08-11 07:36:43,ID: 169,ID2: 166, Timer: 12425, RSSI: -36
2026-08-11 07:36:43,ID: 169,ID2: 166, Timer: 12432, RSSI: -32
2026-08-11 07:36:43,ID: 169,ID2: 166, Timer: 12446, RSSI: -36
2026-08-11 07:36:43,ID: 169,ID2: 166, Timer: 12453, RSSI: -32
2026-08-11 07:36:43,ID: 169,ID2: 166, Timer: 12460, RSSI: -28
2026-08-11 07:36:43,ID: 169,ID2: 166, Timer: 12474, RSSI: -32
2026-08-11 07:36:43,ID: 169,ID2: 166, Timer: 12474, RSSI: -32
2026-08-11 07:36:43,ID: 169,ID2: 166, Timer: 12488, RSSI: -36
2026-08-11 07:36:43,ID: 169,ID2: 166, Timer: 12495, RSSI: -32
2026-08-11 07:36:43,ID: 169,ID2: 166, Timer: 12502, RSSI: -28
2026-08-11 07:36:43,ID: 169,ID2: 166, Timer: 12516, RSSI: -32
2026-08-11 07:36:43,ID: 169,ID2: 166, Timer: 12523, RSSI: -28
2026-08-11 07:36:43,ID: 169,ID2: 166, Timer: 12558, RSSI: -32
2026-08-11 07:36:43,ID: 169,ID2: 166, Timer: 12572, RSSI: -36
2026-08-11 07:36:43,ID: 169,ID2: 166, Timer: 12579, RSSI: -32
2026-08-11 07:36:43,ID: 169,ID2: 166, Timer: 12593, RSSI: -36
2026-08-11 07:36:43,ID: 169,ID2: 166, Timer: 12600, RSSI: -32
2026-08-11 07:36:43,ID: 169,ID2: 166, Timer: 12628, RSSI: -28
2026-08-11 07:36:43,ID: 169,ID2: 166, Timer: 12635, RSSI: -36
2026-08-11 07:36:43,ID: 169,ID2: 166, Timer: 12642, RSSI: -32
2026-08-11 07:36:43,ID: 169,ID2: 166, Timer: 12656, RSSI: -36
2026-08-11 07:36:43,ID: 169,ID2: 166, Timer: 12670, RSSI: -28
2026-08-11 07:36:43,ID: 169,ID2: 166, Timer: 12684, RSSI: -32
2026-08-11 07:36:43,ID: 169,ID2: 166, Timer: 12705, RSSI: -32
2026-08-11 07:36:43,ID: 169,ID2: 166, Timer: 12719, RSSI: -36
2026-08-11 07:36:43,ID: 169,ID2: 166, Timer: 12726, RSSI: -32
2026-08-11 07:36:43,ID: 169,ID2: 166, Timer: 12754, RSSI: -28
2026-08-11 07:36:43,ID: 169,ID2: 166, Timer: 12768, RSSI: -32
2026-08-11 07:36:43,ID: 169,ID2: 166, Timer: 12775, RSSI: -28
2026-08-11 07:36:43,ID: 169,ID2: 166, Timer: 12796, RSSI: -28
2026-08-11 07:36:43,ID: 169,ID2: 166, Timer: 12810, RSSI: -32
2026-08-11 07:36:43,ID: 169,ID2: 166, Timer: 12845, RSSI: -36
2026-08-11 07:36:43,ID: 169,ID2: 166, Timer: 12852, RSSI: -32
2026-08-11 07:36:43,ID: 169,ID2: 166, Timer: 12866, RSSI: -36
2026-08-11 07:36:43,ID: 169,ID2: 166, Timer: 12887, RSSI: -36
2026-08-11 07:36:43,ID: 169,ID2: 166, Timer: 12894, RSSI: -32
2026-08-11 07:36:43,ID: 169,ID2: 166, Timer: 12894, RSSI: -32
2026-08-11 07:36:43,ID: 169,ID2: 166, Timer: 12901, RSSI: -28
2026-08-11 07:36:43,ID: 169,ID2: 166, Timer: 12908, RSSI: -36
2026-08-11 07:36:43,ID: 169,ID2: 166, Timer: 12915, RSSI: -32
2026-08-11 07:36:43,ID: 169,ID2: 166, Timer: 12922, RSSI: -28
2026-08-11 07:36:43,ID: 169,ID2: 166, Timer: 12929, RSSI: -36
2026-08-11 07:36:43,ID: 169,ID2: 166, Timer: 12936, RSSI: -32
2026-08-11 07:36:43,ID: 169,ID2: 166, Timer: 12950, RSSI: -36
2026-08-11 07:36:43,ID: 169,ID2: 166, Timer: 12957, RSSI: -32
2026-08-11 07:36:43,ID: 169,ID2: 166, Timer: 12971, RSSI: -36
2026-08-11 07:36:43,ID: 169,ID2: 166, Timer: 12978, RSSI: -32
2026-08-11 07:36:43,ID: 169,ID2: 166, Timer: 12985, RSSI: -28
2026-08-11 07:36:43,ID: 169,ID2: 166, Timer: 12999, RSSI: -32
2026-08-11 07:36:43,ID: 169,ID2: 166, Timer: 13006, RSSI: -28
2026-08-11 07:36:43,ID: 169,ID2: 166, Timer: 13013, RSSI: -36
2026-08-11 07:36:43,ID: 169,ID2: 166, Timer: 13020, RSSI: -32
2026-08-11 07:36:43,ID: 169,ID2: 166, Timer: 13034, RSSI: -36
2026-08-11 07:36:43,ID: 169,ID2: 166, Timer: 13062, RSSI: -32
2026-08-11 07:36:43,ID: 169,ID2: 166, Timer: 13062, RSSI: -32
2026-08-11 07:36:43,ID: 169,ID2: 166, Timer: 13083, RSSI: -32
2026-08-11 07:36:43,ID: 169,ID2: 166, Timer: 13090, RSSI: -28
2026-08-11 07:36:43,ID: 169,ID2: 166, Timer: 13097, RSSI: -36
2026-08-11 07:36:43,ID: 169,ID2: 166, Timer: 13104, RSSI: -32
2026-08-11 07:36:43,ID: 169,ID2: 166, Timer: 13125, RSSI: -32
2026-08-11 07:36:43,ID: 169,ID2: 166, Timer: 13146, RSSI: -32
2026-08-11 07:36:43,ID: 169,ID2: 166, Timer: 13153, RSSI: -28
2026-08-11 07:36:43,ID: 169,ID2: 166, Timer: 13167, RSSI: -32
2026-08-11 07:36:43,ID: 169,ID2: 166, Timer: 13174, RSSI: -28
2026-08-11 07:36:43,ID: 169,ID2: 166, Timer: 13188, RSSI: -32
2026-08-11 07:36:43,ID: 169,ID2: 166, Timer: 13188, RSSI: -32
2026-08-11 07:36:43,ID: 169,ID2: 166, Timer: 13195, RSSI: -28
2026-08-11 07:36:43,ID: 169,ID2: 166, Timer: 13216, RSSI: -28
2026-08-11 07:36:43,ID: 169,ID2: 166, Timer: 13223, RSSI: -36
2026-08-11 07:36:43,ID: 169,ID2: 166, Timer: 13230, RSSI: -32
2026-08-11 07:36:43,ID: 169,ID2: 166, Timer: 13237, RSSI: -28
2026-08-11 07:36:43,ID: 169,ID2: 166, Timer: 13258, RSSI: -28
2026-08-11 07:36:43,ID: 169,ID2: 166, Timer: 13272, RSSI: -32
2026-08-11 07:36:43,ID: 169,ID2: 166, Timer: 13314, RSSI: -32
2026-08-11 07:36:43,ID: 169,ID2: 166, Timer: 13356, RSSI: -32
2026-08-11 07:36:43,ID: 169,ID2: 166, Timer: 13356, RSSI: -32
2026-08-11 07:36:43,ID: 169,ID2: 166, Timer: 13370, RSSI: -36
2026-08-11 07:36:43,ID: 169,ID2: 166, Timer: 13398, RSSI: -32
2026-08-11 07:36:43,ID: 169,ID2: 166, Timer: 13398, RSSI: -32
2026-08-11 07:36:43,ID: 169,ID2: 166, Timer: 13419, RSSI: -32
2026-08-11 07:36:43,ID: 169,ID2: 166, Timer: 13440, RSSI: -32
2026-08-11 07:36:43,ID: 169,ID2: 166, Timer: 13440, RSSI: -32
2026-08-11 07:36:43,ID: 169,ID2: 166, Timer: 13447, RSSI: -28
2026-08-11 07:36:43,ID: 169,ID2: 166, Timer: 13454, RSSI: -36
2026-08-11 07:36:43,ID: 169,ID2: 166, Timer: 13468, RSSI: -28
2026-08-11 07:36:43,ID: 169,ID2: 166, Timer: 13475, RSSI: -36
2026-08-11 07:36:43,ID: 169,ID2: 166, Timer: 13482, RSSI: -32
2026-08-11 07:36:43,ID: 169,ID2: 166, Timer: 13489, RSSI: -28
2026-08-11 07:36:43,ID: 169,ID2: 166, Timer: 13496, RSSI: -36
2026-08-11 07:36:43,ID: 169,ID2: 166, Timer: 13503, RSSI: -32
2026-08-11 07:36:43,ID: 169,ID2: 166, Timer: 13510, RSSI: -28
2026-08-11 07:36:43,ID: 169,ID2: 166, Timer: 13524, RSSI: -32
2026-08-11 07:36:43,ID: 169,ID2: 166, Timer: 13524, RSSI: -32
2026-08-11 07:36:43,ID: 169,ID2: 166, Timer: 13538, RSSI: -36
2026-08-11 07:36:43,ID: 169,ID2: 166, Timer: 13559, RSSI: -36
2026-08-11 07:36:43,ID: 169,ID2: 166, Timer: 13566, RSSI: -32
2026-08-11 07:36:43,ID: 169,ID2: 166, Timer: 13573, RSSI: -28
2026-08-11 07:36:43,ID: 169,ID2: 166, Timer: 13594, RSSI: -28
2026-08-11 07:36:43,ID: 169,ID2: 166, Timer: 13608, RSSI: -32
2026-08-11 07:36:43,ID: 169,ID2: 166, Timer: 13608, RSSI: -32
2026-08-11 07:36:43,ID: 169,ID2: 166, Timer: 13622, RSSI: -36
2026-08-11 07:36:43,ID: 169,ID2: 166, Timer: 13650, RSSI: -32
2026-08-11 07:36:43,ID: 169,ID2: 166, Timer: 13650, RSSI: -32
2026-08-11 07:36:43,ID: 169,ID2: 166, Timer: 13657, RSSI: -28
2026-08-11 07:36:43,ID: 169,ID2: 166, Timer: 13692, RSSI: -32
2026-08-11 07:36:43,ID: 169,ID2: 166, Timer: 13699, RSSI: -28
2026-08-11 07:36:43,ID: 169,ID2: 166, Timer: 13706, RSSI: -36
2026-08-11 07:36:43,ID: 169,ID2: 166, Timer: 13713, RSSI: -32
2026-08-11 07:36:43,ID: 169,ID2: 166, Timer: 13720, RSSI: -28
2026-08-11 07:36:43,ID: 169,ID2: 166, Timer: 13734, RSSI: -32
2026-08-11 07:36:43,ID: 169,ID2: 166, Timer: 13734, RSSI: -32
2026-08-11 07:36:43,ID: 169,ID2: 166, Timer: 13741, RSSI: -28
2026-08-11 07:36:43,ID: 169,ID2: 166, Timer: 13776, RSSI: -32
2026-08-11 07:36:43,ID: 169,ID2: 166, Timer: 13783, RSSI: -28
2026-08-11 07:36:43,ID: 169,ID2: 166, Timer: 13790, RSSI: -36
2026-08-11 07:36:43,ID: 169,ID2: 166, Timer: 13804, RSSI: -28
2026-08-11 07:36:43,ID: 169,ID2: 166, Timer: 13811, RSSI: -36
2026-08-11 07:36:43,ID: 169,ID2: 166, Timer: 13818, RSSI: -32
2026-08-11 07:36:43,ID: 169,ID2: 166, Timer: 13832, RSSI: -36
2026-08-11 07:36:43,ID: 169,ID2: 166, Timer: 13846, RSSI: -28
2026-08-11 07:36:43,ID: 169,ID2: 166, Timer: 13860, RSSI: -32
2026-08-11 07:36:43,ID: 169,ID2: 166, Timer: 13874, RSSI: -36
2026-08-11 07:36:43,ID: 169,ID2: 166, Timer: 13881, RSSI: -32
2026-08-11 07:36:43,ID: 169,ID2: 166, Timer: 13902, RSSI: -32
2026-08-11 07:36:43,ID: 169,ID2: 166, Timer: 13923, RSSI: -32
2026-08-11 07:36:43,ID: 169,ID2: 166, Timer: 13937, RSSI: -36
2026-08-11 07:36:43,ID: 169,ID2: 166, Timer: 13944, RSSI: -32
2026-08-11 07:36:43,ID: 169,ID2: 166, Timer: 13986, RSSI: -32
2026-08-11 07:36:43,ID: 169,ID2: 166, Timer: 14007, RSSI: -32
2026-08-11 07:36:43,ID: 169,ID2: 166, Timer: 14021, RSSI: -36
2026-08-11 07:36:43,ID: 169,ID2: 166, Timer: 14028, RSSI: -32
2026-08-11 07:36:43,ID: 169,ID2: 166, Timer: 14049, RSSI: -32
2026-08-11 07:36:43,ID: 169,ID2: 166, Timer: 14063, RSSI: -36
2026-08-11 07:36:43,ID: 169,ID2: 166, Timer: 14070, RSSI: -32
2026-08-11 07:36:43,ID: 169,ID2: 166, Timer: 14098, RSSI: -28
2026-08-11 07:36:43,ID: 169,ID2: 166, Timer: 14105, RSSI: -36
2026-08-11 07:36:43,ID: 169,ID2: 166, Timer: 14112, RSSI: -32
2026-08-11 07:36:43,ID: 169,ID2: 166, Timer: 14112, RSSI: -32
2026-08-11 07:36:43,ID: 169,ID2: 166, Timer: 14119, RSSI: -28
2026-08-11 07:36:43,ID: 169,ID2: 166, Timer: 14133, RSSI: -32
2026-08-11 07:36:43,ID: 169,ID2: 166, Timer: 14154, RSSI: -32
2026-08-11 07:36:43,ID: 169,ID2: 166, Timer: 14196, RSSI: -32
2026-08-11 07:36:43,ID: 169,ID2: 166, Timer: 14196, RSSI: -32
2026-08-11 07:36:43,ID: 169,ID2: 166, Timer: 14203, RSSI: -28
2026-08-11 07:36:43,ID: 169,ID2: 166, Timer: 14231, RSSI: -36
2026-08-11 07:36:43,ID: 169,ID2: 166, Timer: 14238, RSSI: -32
2026-08-11 07:36:43,ID: 169,ID2: 166, Timer: 14259, RSSI: -32
2026-08-11 07:36:43,ID: 169,ID2: 166, Timer: 14280, RSSI: -32
2026-08-11 07:36:43,ID: 169,ID2: 166, Timer: 14287, RSSI: -28
2026-08-11 07:36:43,ID: 169,ID2: 166, Timer: 14308, RSSI: -28
2026-08-11 07:36:43,ID: 169,ID2: 166, Timer: 14322, RSSI: -32
2026-08-11 07:36:43,ID: 169,ID2: 166, Timer: 14343, RSSI: -32
2026-08-11 07:36:43,ID: 169,ID2: 166, Timer: 14350, RSSI: -28
2026-08-11 07:36:43,ID: 169,ID2: 166, Timer: 14364, RSSI: -32
2026-08-11 07:36:43,ID: 169,ID2: 166, Timer: 14378, RSSI: -36
2026-08-11 07:36:43,ID: 169,ID2: 166, Timer: 14385, RSSI: -32
2026-08-11 07:36:43,ID: 169,ID2: 166, Timer: 14406, RSSI: -32
2026-08-11 07:36:43,ID: 169,ID2: 166, Timer: 14413, RSSI: -28
2026-08-11 07:36:43,ID: 169,ID2: 166, Timer: 14427, RSSI: -32
2026-08-11 07:36:43,ID: 169,ID2: 166, Timer: 14434, RSSI: -28
2026-08-11 07:36:43,ID: 169,ID2: 166, Timer: 14448, RSSI: -32
2026-08-11 07:36:43,ID: 169,ID2: 166, Timer: 14448, RSSI: -32
2026-08-11 07:36:43,ID: 169,ID2: 166, Timer: 14455, RSSI: -28
2026-08-11 07:36:43,ID: 169,ID2: 166, Timer: 14469, RSSI: -32
2026-08-11 07:36:43,ID: 169,ID2: 166, Timer: 14490, RSSI: -32
2026-08-11 07:36:43,ID: 169,ID2: 166, Timer: 14497, RSSI: -28
2026-08-11 07:36:43,ID: 169,ID2: 166, Timer: 14518, RSSI: -28
2026-08-11 07:36:43,ID: 169,ID2: 166, Timer: 14532, RSSI: -32
2026-08-11 07:36:43,ID: 169,ID2: 166, Timer: 14539, RSSI: -28
2026-08-11 07:36:43,ID: 169,ID2: 166, Timer: 14546, RSSI: -36
2026-08-11 07:36:43,ID: 169,ID2: 166, Timer: 14574, RSSI: -32
2026-08-11 07:36:43,ID: 169,ID2: 166, Timer: 14595, RSSI: -32
2026-08-11 07:36:43,ID: 169,ID2: 166, Timer: 14602, RSSI: -28
2026-08-11 07:36:43,ID: 169,ID2: 166, Timer: 14616, RSSI: -32
2026-08-11 07:36:43,ID: 169,ID2: 166, Timer: 14616, RSSI: -32
2026-08-11 07:36:43,ID: 169,ID2: 166, Timer: 14623, RSSI: -28
2026-08-11 07:36:43,ID: 169,ID2: 166, Timer: 14658, RSSI: -32
2026-08-11 07:36:43,ID: 169,ID2: 166, Timer: 14672, RSSI: -36
2026-08-11 07:36:43,ID: 169,ID2: 166, Timer: 14679, RSSI: -32
2026-08-11 07:36:43,ID: 169,ID2: 166, Timer: 14686, RSSI: -28
2026-08-11 07:36:43,ID: 169,ID2: 166, Timer: 14693, RSSI: -36
2026-08-11 07:36:43,ID: 169,ID2: 166, Timer: 14700, RSSI: -32
2026-08-11 07:36:43,ID: 169,ID2: 166, Timer: 14721, RSSI: -32
2026-08-11 07:36:43,ID: 169,ID2: 166, Timer: 14742, RSSI: -32
2026-08-11 07:36:43,ID: 169,ID2: 166, Timer: 14749, RSSI: -28
2026-08-11 07:36:43,ID: 169,ID2: 166, Timer: 14756, RSSI: -36
2026-08-11 07:36:43,ID: 169,ID2: 166, Timer: 14770, RSSI: -28
2026-08-11 07:36:43,ID: 169,ID2: 166, Timer: 14777, RSSI: -36
2026-08-11 07:36:43,ID: 169,ID2: 166, Timer: 14791, RSSI: -28
2026-08-11 07:36:43,ID: 169,ID2: 166, Timer: 14805, RSSI: -32
2026-08-11 07:36:43,ID: 169,ID2: 166, Timer: 14819, RSSI: -36
2026-08-11 07:36:43,ID: 169,ID2: 166, Timer: 14826, RSSI: -32
2026-08-11 07:36:43,ID: 169,ID2: 166, Timer: 14826, RSSI: -32
2026-08-11 07:36:43,ID: 169,ID2: 166, Timer: 14833, RSSI: -28
2026-08-11 07:36:43,ID: 169,ID2: 166, Timer: 14847, RSSI: -32
2026-08-11 07:36:43,ID: 169,ID2: 166, Timer: 14854, RSSI: -28
2026-08-11 07:36:43,ID: 169,ID2: 166, Timer: 14861, RSSI: -36
2026-08-11 07:36:43,ID: 169,ID2: 166, Timer: 14868, RSSI: -32
2026-08-11 07:36:43,ID: 169,ID2: 166, Timer: 14896, RSSI: -28
2026-08-11 07:36:43,ID: 169,ID2: 166, Timer: 14910, RSSI: -32
2026-08-11 07:36:43,ID: 169,ID2: 166, Timer: 14924, RSSI: -36
2026-08-11 07:36:43,ID: 169,ID2: 166, Timer: 14945, RSSI: -36
2026-08-11 07:36:43,ID: 169,ID2: 166, Timer: 14952, RSSI: -32
2026-08-11 07:36:43,ID: 169,ID2: 166, Timer: 14973, RSSI: -32
2026-08-11 07:36:43,ID: 169,ID2: 166, Timer: 14980, RSSI: -28
2026-08-11 07:36:43,ID: 169,ID2: 166, Timer: 14987, RSSI: -36
2026-08-11 07:36:43,ID: 169,ID2: 166, Timer: 14994, RSSI: -32
2026-08-11 07:36:43,ID: 169,ID2: 166, Timer: 15001, RSSI: -28
2026-08-11 07:36:43,ID: 169,ID2: 166, Timer: 15008, RSSI: -36
2026-08-11 07:36:43,ID: 169,ID2: 166, Timer: 15022, RSSI: -28
2026-08-11 07:36:43,ID: 169,ID2: 166, Timer: 15029, RSSI: -36
2026-08-11 07:36:43,ID: 169,ID2: 166, Timer: 15036, RSSI: -32
2026-08-11 07:36:43,ID: 169,ID2: 166, Timer: 15043, RSSI: -28
2026-08-11 07:36:43,ID: 169,ID2: 166, Timer: 15050, RSSI: -36
2026-08-11 07:36:43,ID: 169,ID2: 166, Timer: 15064, RSSI: -28
2026-08-11 07:36:43,ID: 169,ID2: 166, Timer: 15078, RSSI: -32
2026-08-11 07:36:43,ID: 169,ID2: 166, Timer: 15085, RSSI: -28
2026-08-11 07:36:43,ID: 169,ID2: 166, Timer: 15106, RSSI: -28
2026-08-11 07:36:43,ID: 169,ID2: 166, Timer: 15113, RSSI: -36
2026-08-11 07:36:43,ID: 169,ID2: 166, Timer: 15120, RSSI: -32
2026-08-11 07:36:43,ID: 169,ID2: 166, Timer: 15120, RSSI: -32
2026-08-11 07:36:43,ID: 169,ID2: 166, Timer: 15127, RSSI: -28
2026-08-11 07:36:43,ID: 169,ID2: 166, Timer: 15148, RSSI: -28
2026-08-11 07:36:43,ID: 169,ID2: 166, Timer: 15155, RSSI: -36
2026-08-11 07:36:43,ID: 169,ID2: 166, Timer: 15162, RSSI: -32
2026-08-11 07:36:43,ID: 169,ID2: 166, Timer: 15162, RSSI: -32
2026-08-11 07:36:43,ID: 169,ID2: 166, Timer: 15169, RSSI: -28
2026-08-11 07:36:43,ID: 169,ID2: 166, Timer: 15176, RSSI: -36
2026-08-11 07:36:43,ID: 169,ID2: 166, Timer: 15197, RSSI: -36
2026-08-11 07:36:43,ID: 169,ID2: 166, Timer: 15211, RSSI: -28
2026-08-11 07:36:43,ID: 169,ID2: 166, Timer: 15218, RSSI: -36
2026-08-11 07:36:43,ID: 169,ID2: 166, Timer: 15232, RSSI: -28
2026-08-11 07:36:43,ID: 169,ID2: 166, Timer: 15246, RSSI: -32
2026-08-11 07:36:43,ID: 169,ID2: 166, Timer: 15260, RSSI: -36
2026-08-11 07:36:43,ID: 169,ID2: 166, Timer: 15274, RSSI: -28
2026-08-11 07:36:43,ID: 169,ID2: 166, Timer: 15288, RSSI: -32
2026-08-11 07:36:43,ID: 169,ID2: 166, Timer: 15288, RSSI: -32
2026-08-11 07:36:43,ID: 169,ID2: 166, Timer: 15295, RSSI: -28
2026-08-11 07:36:43,ID: 169,ID2: 166, Timer: 15309, RSSI: -32
2026-08-11 07:36:43,ID: 169,ID2: 166, Timer: 15323, RSSI: -36
2026-08-11 07:36:43,ID: 169,ID2: 166, Timer: 15330, RSSI: -32
2026-08-11 07:36:43,ID: 169,ID2: 166, Timer: 15337, RSSI: -28
2026-08-11 07:36:43,ID: 169,ID2: 166, Timer: 15372, RSSI: -32
2026-08-11 07:36:43,ID: 169,ID2: 166, Timer: 15393, RSSI: -32
2026-08-11 07:36:43,ID: 169,ID2: 166, Timer: 15400, RSSI: -28
2026-08-11 07:36:43,ID: 169,ID2: 166, Timer: 15407, RSSI: -36
2026-08-11 07:36:43,ID: 169,ID2: 166, Timer: 15414, RSSI: -32
2026-08-11 07:36:43,ID: 169,ID2: 166, Timer: 15414, RSSI: -32
2026-08-11 07:36:43,ID: 169,ID2: 166, Timer: 15428, RSSI: -36
2026-08-11 07:36:43,ID: 169,ID2: 166, Timer: 15449, RSSI: -36
2026-08-11 07:36:43,ID: 169,ID2: 166, Timer: 15456, RSSI: -32
2026-08-11 07:36:43,ID: 169,ID2: 166, Timer: 15477, RSSI: -32
2026-08-11 07:36:43,ID: 169,ID2: 166, Timer: 15491, RSSI: -36
2026-08-11 07:36:43,ID: 169,ID2: 166, Timer: 15498, RSSI: -32
2026-08-11 07:36:43,ID: 169,ID2: 166, Timer: 15505, RSSI: -28
2026-08-11 07:36:43,ID: 169,ID2: 166, Timer: 15512, RSSI: -36
2026-08-11 07:36:43,ID: 169,ID2: 166, Timer: 15526, RSSI: -28
2026-08-11 07:36:43,ID: 169,ID2: 166, Timer: 15540, RSSI: -32
2026-08-11 07:36:43,ID: 169,ID2: 166, Timer: 15547, RSSI: -28
2026-08-11 07:36:43,ID: 169,ID2: 166, Timer: 15568, RSSI: -28
2026-08-11 07:36:43,ID: 169,ID2: 166, Timer: 15582, RSSI: -32
2026-08-11 07:36:43,ID: 169,ID2: 166, Timer: 15582, RSSI: -32
2026-08-11 07:36:43,ID: 169,ID2: 166, Timer: 15596, RSSI: -36
2026-08-11 07:36:43,ID: 169,ID2: 166, Timer: 15617, RSSI: -36
2026-08-11 07:36:43,ID: 169,ID2: 166, Timer: 15624, RSSI: -32
2026-08-11 07:36:43,ID: 169,ID2: 166, Timer: 15645, RSSI: -32
2026-08-11 07:36:43,ID: 169,ID2: 166, Timer: 15652, RSSI: -28
2026-08-11 07:36:43,ID: 169,ID2: 166, Timer: 15666, RSSI: -32
2026-08-11 07:36:43,ID: 169,ID2: 166, Timer: 15666, RSSI: -32
2026-08-11 07:36:43,ID: 169,ID2: 166, Timer: 15673, RSSI: -28
2026-08-11 07:36:43,ID: 169,ID2: 166, Timer: 15694, RSSI: -28
2026-08-11 07:36:43,ID: 169,ID2: 166, Timer: 15708, RSSI: -32
2026-08-11 07:36:43,ID: 169,ID2: 166, Timer: 15722, RSSI: -36
2026-08-11 07:36:43,ID: 169,ID2: 166, Timer: 15729, RSSI: -32
2026-08-11 07:36:43,ID: 169,ID2: 166, Timer: 15743, RSSI: -36
2026-08-11 07:36:43,ID: 169,ID2: 166, Timer: 15750, RSSI: -32
2026-08-11 07:36:43,ID: 169,ID2: 166, Timer: 15757, RSSI: -28
2026-08-11 07:36:43,ID: 169,ID2: 166, Timer: 15764, RSSI: -36
2026-08-11 07:36:43,ID: 169,ID2: 166, Timer: 15778, RSSI: -28
2026-08-11 07:36:43,ID: 169,ID2: 166, Timer: 15792, RSSI: -32
2026-08-11 07:36:43,ID: 169,ID2: 166, Timer: 15799, RSSI: -28
2026-08-11 07:36:43,ID: 169,ID2: 166, Timer: 15806, RSSI: -36
2026-08-11 07:36:43,ID: 169,ID2: 166, Timer: 15827, RSSI: -36
2026-08-11 07:36:43,ID: 169,ID2: 166, Timer: 15834, RSSI: -32
2026-08-11 07:36:43,ID: 169,ID2: 166, Timer: 15862, RSSI: -28
2026-08-11 07:36:43,ID: 169,ID2: 166, Timer: 15869, RSSI: -36
2026-08-11 07:36:43,ID: 169,ID2: 166, Timer: 15876, RSSI: -32
2026-08-11 07:36:43,ID: 169,ID2: 166, Timer: 15883, RSSI: -28
2026-08-11 07:36:43,ID: 169,ID2: 166, Timer: 15890, RSSI: -36
2026-08-11 07:36:43,ID: 169,ID2: 166, Timer: 15904, RSSI: -28
2026-08-11 07:36:43,ID: 169,ID2: 166, Timer: 15918, RSSI: -32
2026-08-11 07:36:43,ID: 169,ID2: 166, Timer: 15932, RSSI: -36
2026-08-11 07:36:43,ID: 169,ID2: 166, Timer: 15960, RSSI: -32
2026-08-11 07:36:43,ID: 169,ID2: 166, Timer: 15967, RSSI: -28
2026-08-11 07:36:43,ID: 169,ID2: 166, Timer: 15981, RSSI: -32
2026-08-11 07:36:43,ID: 169,ID2: 166, Timer: 15988, RSSI: -28
2026-08-11 07:36:43,ID: 169,ID2: 166, Timer: 15995, RSSI: -36
2026-08-11 07:36:43,ID: 169,ID2: 166, Timer: 16002, RSSI: -32
2026-08-11 07:36:43,ID: 169,ID2: 166, Timer: 16009, RSSI: -28
2026-08-11 07:36:43,ID: 169,ID2: 166, Timer: 16016, RSSI: -36
2026-08-11 07:36:43,ID: 169,ID2: 166, Timer: 16037, RSSI: -36
2026-08-11 07:36:43,ID: 169,ID2: 166, Timer: 16051, RSSI: -28
2026-08-11 07:36:43,ID: 169,ID2: 166, Timer: 16065, RSSI: -32
2026-08-11 07:36:43,ID: 169,ID2: 166, Timer: 16086, RSSI: -32
2026-08-11 07:36:43,ID: 169,ID2: 166, Timer: 16100, RSSI: -36
2026-08-11 07:36:43,ID: 169,ID2: 166, Timer: 16107, RSSI: -32
2026-08-11 07:36:43,ID: 169,ID2: 166, Timer: 16114, RSSI: -28
2026-08-11 07:36:43,ID: 169,ID2: 166, Timer: 16121, RSSI: -36
2026-08-11 07:36:43,ID: 169,ID2: 166, Timer: 16128, RSSI: -32
2026-08-11 07:36:43,ID: 169,ID2: 166, Timer: 16135, RSSI: -28
2026-08-11 07:36:43,ID: 169,ID2: 166, Timer: 16142, RSSI: -36
2026-08-11 07:36:43,ID: 169,ID2: 166, Timer: 16156, RSSI: -28
2026-08-11 07:36:43,ID: 169,ID2: 166, Timer: 16170, RSSI: -32
2026-08-11 07:36:43,ID: 169,ID2: 166, Timer: 16191, RSSI: -32
2026-08-11 07:36:43,ID: 169,ID2: 166, Timer: 16212, RSSI: -32
2026-08-11 07:36:43,ID: 169,ID2: 166, Timer: 16226, RSSI: -36
2026-08-11 07:36:43,ID: 169,ID2: 166, Timer: 16233, RSSI: -32
2026-08-11 07:36:43,ID: 169,ID2: 166, Timer: 16240, RSSI: -28
2026-08-11 07:36:43,ID: 169,ID2: 166, Timer: 16247, RSSI: -36
2026-08-11 07:36:43,ID: 169,ID2: 166, Timer: 16254, RSSI: -32
2026-08-11 07:36:43,ID: 169,ID2: 166, Timer: 16254, RSSI: -32
2026-08-11 07:36:43,ID: 169,ID2: 166, Timer: 16282, RSSI: -28
2026-08-11 07:36:43,ID: 169,ID2: 166, Timer: 16296, RSSI: -32
2026-08-11 07:36:43,ID: 169,ID2: 166, Timer: 16296, RSSI: -32
2026-08-11 07:36:43,ID: 169,ID2: 166, Timer: 16310, RSSI: -36
2026-08-11 07:36:43,ID: 169,ID2: 166, Timer: 16338, RSSI: -32
2026-08-11 07:36:43,ID: 169,ID2: 166, Timer: 16352, RSSI: -36
2026-08-11 07:36:43,ID: 169,ID2: 166, Timer: 16359, RSSI: -32
2026-08-11 07:36:43,ID: 169,ID2: 166, Timer: 16373, RSSI: -36
2026-08-11 07:36:43,ID: 169,ID2: 166, Timer: 16380, RSSI: -32
2026-08-11 07:36:43,ID: 169,ID2: 166, Timer: 16387, RSSI: -28
2026-08-11 07:36:43,ID: 169,ID2: 166, Timer: 16415, RSSI: -36
2026-08-11 07:36:43,ID: 169,ID2: 166, Timer: 16422, RSSI: -32
2026-08-11 07:36:43,ID: 169,ID2: 166, Timer: 16429, RSSI: -28
2026-08-11 07:36:43,ID: 169,ID2: 166, Timer: 16436, RSSI: -36
2026-08-11 07:36:43,ID: 169,ID2: 166, Timer: 16450, RSSI: -28
2026-08-11 07:36:43,ID: 169,ID2: 166, Timer: 16457, RSSI: -36
2026-08-11 07:36:43,ID: 169,ID2: 166, Timer: 16464, RSSI: -32
2026-08-11 07:36:43,ID: 169,ID2: 166, Timer: 16485, RSSI: -32
2026-08-11 07:36:43,ID: 169,ID2: 166, Timer: 16492, RSSI: -28
2026-08-11 07:36:43,ID: 169,ID2: 166, Timer: 16506, RSSI: -32
2026-08-11 07:36:43,ID: 169,ID2: 166, Timer: 16513, RSSI: -28
2026-08-11 07:36:43,ID: 169,ID2: 166, Timer: 16541, RSSI: -36
2026-08-11 07:36:43,ID: 169,ID2: 166, Timer: 16548, RSSI: -32
2026-08-11 07:36:43,ID: 169,ID2: 166, Timer: 16562, RSSI: -36
2026-08-11 07:36:43,ID: 169,ID2: 166, Timer: 16569, RSSI: -32
2026-08-11 07:36:43,ID: 169,ID2: 166, Timer: 16590, RSSI: -32
2026-08-11 07:36:43,ID: 169,ID2: 166, Timer: 16597, RSSI: -28
2026-08-11 07:36:43,ID: 169,ID2: 166, Timer: 16618, RSSI: -28
2026-08-11 07:36:43,ID: 169,ID2: 166, Timer: 16632, RSSI: -32
2026-08-11 07:36:43,ID: 169,ID2: 166, Timer: 16646, RSSI: -36
2026-08-11 07:36:43,ID: 169,ID2: 166, Timer: 16653, RSSI: -32
2026-08-11 07:36:43,ID: 169,ID2: 166, Timer: 16660, RSSI: -28
2026-08-11 07:36:43,ID: 169,ID2: 166, Timer: 16667, RSSI: -36
2026-08-11 07:36:43,ID: 169,ID2: 166, Timer: 16674, RSSI: -32
2026-08-11 07:36:43,ID: 169,ID2: 166, Timer: 16681, RSSI: -28
2026-08-11 07:36:43,ID: 169,ID2: 166, Timer: 16695, RSSI: -32
2026-08-11 07:36:43,ID: 169,ID2: 166, Timer: 16709, RSSI: -36
2026-08-11 07:36:43,ID: 169,ID2: 166, Timer: 16716, RSSI: -32
2026-08-11 07:36:43,ID: 169,ID2: 166, Timer: 16716, RSSI: -32
2026-08-11 07:36:43,ID: 169,ID2: 166, Timer: 16723, RSSI: -28
2026-08-11 07:36:43,ID: 169,ID2: 166, Timer: 16730, RSSI: -36
2026-08-11 07:36:43,ID: 169,ID2: 166, Timer: 16737, RSSI: -32
2026-08-11 07:36:43,ID: 169,ID2: 166, Timer: 16744, RSSI: -28
2026-08-11 07:36:43,ID: 169,ID2: 166, Timer: 16758, RSSI: -32
2026-08-11 07:36:43,ID: 169,ID2: 166, Timer: 16779, RSSI: -32
2026-08-11 07:36:43,ID: 169,ID2: 166, Timer: 16786, RSSI: -28
2026-08-11 07:36:43,ID: 169,ID2: 166, Timer: 16800, RSSI: -32
2026-08-11 07:36:43,ID: 169,ID2: 166, Timer: 16800, RSSI: -32
2026-08-11 07:36:43,ID: 169,ID2: 166, Timer: 16814, RSSI: -36
2026-08-11 07:36:43,ID: 169,ID2: 166, Timer: 16842, RSSI: -32
2026-08-11 07:36:43,ID: 169,ID2: 166, Timer: 16842, RSSI: -32
2026-08-11 07:36:43,ID: 169,ID2: 166, Timer: 16856, RSSI: -36
2026-08-11 07:36:43,ID: 169,ID2: 166, Timer: 16884, RSSI: -32
2026-08-11 07:36:43,ID: 169,ID2: 166, Timer: 16884, RSSI: -32
2026-08-11 07:36:43,ID: 169,ID2: 166, Timer: 16905, RSSI: -32
2026-08-11 07:36:43,ID: 169,ID2: 166, Timer: 16919, RSSI: -36
2026-08-11 07:36:43,ID: 169,ID2: 166, Timer: 16926, RSSI: -32
2026-08-11 07:36:43,ID: 169,ID2: 166, Timer: 16926, RSSI: -32
2026-08-11 07:36:43,ID: 169,ID2: 166, Timer: 16933, RSSI: -28
2026-08-11 07:36:43,ID: 169,ID2: 166, Timer: 16947, RSSI: -32
2026-08-11 07:36:43,ID: 169,ID2: 166, Timer: 16961, RSSI: -36
2026-08-11 07:36:43,ID: 169,ID2: 166, Timer: 16968, RSSI: -32
2026-08-11 07:36:43,ID: 169,ID2: 166, Timer: 16996, RSSI: -28
2026-08-11 07:36:43,ID: 169,ID2: 166, Timer: 17010, RSSI: -32
2026-08-11 07:36:43,ID: 169,ID2: 166, Timer: 17010, RSSI: -32
2026-08-11 07:36:43,ID: 169,ID2: 166, Timer: 17017, RSSI: -28
2026-08-11 07:36:43,ID: 169,ID2: 166, Timer: 17024, RSSI: -36
2026-08-11 07:36:43,ID: 169,ID2: 166, Timer: 17052, RSSI: -32
2026-08-11 07:36:43,ID: 169,ID2: 166, Timer: 17059, RSSI: -28
2026-08-11 07:36:43,ID: 169,ID2: 166, Timer: 17066, RSSI: -36
2026-08-11 07:36:43,ID: 169,ID2: 166, Timer: 17080, RSSI: -28
2026-08-11 07:36:43,ID: 169,ID2: 166, Timer: 17087, RSSI: -36
2026-08-11 07:36:43,ID: 169,ID2: 166, Timer: 17094, RSSI: -32
2026-08-11 07:36:43,ID: 169,ID2: 166, Timer: 17129, RSSI: -36
2026-08-11 07:36:43,ID: 169,ID2: 166, Timer: 17157, RSSI: -32
2026-08-11 07:36:43,ID: 169,ID2: 166, Timer: 17164, RSSI: -28
2026-08-11 07:36:43,ID: 169,ID2: 166, Timer: 17171, RSSI: -36
2026-08-11 07:36:43,ID: 169,ID2: 166, Timer: 17178, RSSI: -32
2026-08-11 07:36:43,ID: 169,ID2: 166, Timer: 17178, RSSI: -32
2026-08-11 07:36:43,ID: 169,ID2: 166, Timer: 17185, RSSI: -28
2026-08-11 07:36:43,ID: 169,ID2: 166, Timer: 17199, RSSI: -32
2026-08-11 07:36:43,ID: 169,ID2: 166, Timer: 17213, RSSI: -36
2026-08-11 07:36:43,ID: 169,ID2: 166, Timer: 17220, RSSI: -32
2026-08-11 07:36:43,ID: 169,ID2: 166, Timer: 17227, RSSI: -28
2026-08-11 07:36:43,ID: 169,ID2: 166, Timer: 17234, RSSI: -36
2026-08-11 07:36:43,ID: 169,ID2: 166, Timer: 17241, RSSI: -32
2026-08-11 07:36:43,ID: 169,ID2: 166, Timer: 17255, RSSI: -36
2026-08-11 07:36:43,ID: 169,ID2: 166, Timer: 17262, RSSI: -32
2026-08-11 07:36:43,ID: 169,ID2: 166, Timer: 17262, RSSI: -32
2026-08-11 07:36:43,ID: 169,ID2: 166, Timer: 17269, RSSI: -28
2026-08-11 07:36:43,ID: 169,ID2: 166, Timer: 17276, RSSI: -36
2026-08-11 07:36:43,ID: 169,ID2: 166, Timer: 17290, RSSI: -28
2026-08-11 07:36:43,ID: 169,ID2: 166, Timer: 17304, RSSI: -32
2026-08-11 07:36:43,ID: 169,ID2: 166, Timer: 17311, RSSI: -28
2026-08-11 07:36:43,ID: 169,ID2: 166, Timer: 17325, RSSI: -32
2026-08-11 07:36:43,ID: 169,ID2: 166, Timer: 17332, RSSI: -28
2026-08-11 07:36:43,ID: 169,ID2: 166, Timer: 17339, RSSI: -36
2026-08-11 07:36:43,ID: 169,ID2: 166, Timer: 17346, RSSI: -32
2026-08-11 07:36:43,ID: 169,ID2: 166, Timer: 17346, RSSI: -32
2026-08-11 07:36:43,ID: 169,ID2: 166, Timer: 17360, RSSI: -36
2026-08-11 07:36:43,ID: 169,ID2: 166, Timer: 17367, RSSI: -32
2026-08-11 07:36:43,ID: 169,ID2: 166, Timer: 17381, RSSI: -36
2026-08-11 07:36:43,ID: 169,ID2: 166, Timer: 17388, RSSI: -32
2026-08-11 07:36:43,ID: 169,ID2: 166, Timer: 17388, RSSI: -32
2026-08-11 07:36:43,ID: 169,ID2: 166, Timer: 17402, RSSI: -36
2026-08-11 07:36:43,ID: 169,ID2: 166, Timer: 17409, RSSI: -32
2026-08-11 07:36:43,ID: 169,ID2: 166, Timer: 17423, RSSI: -36
2026-08-11 07:36:43,ID: 169,ID2: 166, Timer: 17437, RSSI: -28
2026-08-11 07:36:43,ID: 169,ID2: 166, Timer: 17451, RSSI: -32
2026-08-11 07:36:43,ID: 169,ID2: 166, Timer: 17472, RSSI: -32
2026-08-11 07:36:43,ID: 169,ID2: 166, Timer: 17472, RSSI: -32
2026-08-11 07:36:43,ID: 169,ID2: 166, Timer: 17500, RSSI: -28
2026-08-11 07:36:43,ID: 169,ID2: 166, Timer: 17507, RSSI: -36
2026-08-11 07:36:43,ID: 169,ID2: 166, Timer: 17514, RSSI: -32
2026-08-11 07:36:43,ID: 169,ID2: 166, Timer: 17549, RSSI: -36
2026-08-11 07:36:43,ID: 169,ID2: 166, Timer: 17556, RSSI: -32
2026-08-11 07:36:43,ID: 169,ID2: 166, Timer: 17570, RSSI: -36
2026-08-11 07:36:43,ID: 169,ID2: 166, Timer: 17577, RSSI: -32
2026-08-11 07:36:43,ID: 169,ID2: 166, Timer: 17591, RSSI: -36
2026-08-11 07:36:43,ID: 169,ID2: 166, Timer: 17598, RSSI: -32
2026-08-11 07:36:43,ID: 169,ID2: 166, Timer: 17612, RSSI: -36
2026-08-11 07:36:43,ID: 169,ID2: 166, Timer: 17619, RSSI: -32
2026-08-11 07:36:43,ID: 169,ID2: 166, Timer: 17640, RSSI: -32
2026-08-11 07:36:43,ID: 169,ID2: 166, Timer: 17654, RSSI: -36
2026-08-11 07:36:43,ID: 169,ID2: 166, Timer: 17675, RSSI: -36
2026-08-11 07:36:43,ID: 169,ID2: 166, Timer: 17682, RSSI: -32
2026-08-11 07:36:43,ID: 169,ID2: 166, Timer: 17696, RSSI: -36
2026-08-11 07:36:43,ID: 169,ID2: 166, Timer: 17724, RSSI: -32
2026-08-11 07:36:43,ID: 169,ID2: 166, Timer: 17745, RSSI: -32
2026-08-11 07:36:43,ID: 169,ID2: 166, Timer: 17752, RSSI: -28
2026-08-11 07:36:43,ID: 169,ID2: 166, Timer: 17759, RSSI: -36
2026-08-11 07:36:43,ID: 169,ID2: 166, Timer: 17766, RSSI: -32
2026-08-11 07:36:43,ID: 169,ID2: 166, Timer: 17766, RSSI: -32
2026-08-11 07:36:43,ID: 169,ID2: 166, Timer: 17773, RSSI: -28
2026-08-11 07:36:43,ID: 169,ID2: 166, Timer: 17794, RSSI: -28
2026-08-11 07:36:43,ID: 169,ID2: 166, Timer: 17801, RSSI: -36
2026-08-11 07:36:43,ID: 169,ID2: 166, Timer: 17808, RSSI: -32
2026-08-11 07:36:43,ID: 169,ID2: 166, Timer: 17843, RSSI: -36
2026-08-11 07:36:43,ID: 169,ID2: 166, Timer: 17850, RSSI: -32
2026-08-11 07:36:43,ID: 169,ID2: 166, Timer: 17857, RSSI: -28
2026-08-11 07:36:43,ID: 169,ID2: 166, Timer: 17864, RSSI: -36
2026-08-11 07:36:43,ID: 169,ID2: 166, Timer: 17871, RSSI: -32
2026-08-11 07:36:43,ID: 169,ID2: 166, Timer: 17892, RSSI: -32
2026-08-11 07:36:43,ID: 169,ID2: 166, Timer: 17920, RSSI: -28
2026-08-11 07:36:43,ID: 169,ID2: 166, Timer: 17934, RSSI: -32
2026-08-11 07:36:43,ID: 169,ID2: 166, Timer: 17941, RSSI: -28
2026-08-11 07:36:43,ID: 169,ID2: 166, Timer: 17948, RSSI: -36
2026-08-11 07:36:43,ID: 169,ID2: 166, Timer: 17976, RSSI: -32
2026-08-11 07:36:43,ID: 169,ID2: 166, Timer: 17976, RSSI: -32
2026-08-11 07:36:43,ID: 169,ID2: 166, Timer: 17990, RSSI: -36
2026-08-11 07:36:43,ID: 169,ID2: 166, Timer: 18011, RSSI: -36
2026-08-11 07:36:43,ID: 169,ID2: 166, Timer: 18018, RSSI: -32
2026-08-11 07:36:43,ID: 169,ID2: 166, Timer: 18025, RSSI: -28
2026-08-11 07:36:43,ID: 169,ID2: 166, Timer: 18039, RSSI: -32
2026-08-11 07:36:43,ID: 169,ID2: 166, Timer: 18046, RSSI: -28
2026-08-11 07:36:43,ID: 169,ID2: 166, Timer: 18053, RSSI: -36
2026-08-11 07:36:43,ID: 169,ID2: 166, Timer: 18060, RSSI: -32
2026-08-11 07:36:43,ID: 169,ID2: 166, Timer: 18067, RSSI: -28
2026-08-11 07:36:43,ID: 169,ID2: 166, Timer: 18088, RSSI: -28
2026-08-11 07:36:43,ID: 169,ID2: 166, Timer: 18095, RSSI: -36
2026-08-11 07:36:43,ID: 169,ID2: 166, Timer: 18102, RSSI: -32
2026-08-11 07:36:43,ID: 169,ID2: 166, Timer: 18102, RSSI: -32
2026-08-11 07:36:43,ID: 169,ID2: 166, Timer: 18109, RSSI: -28
2026-08-11 07:36:43,ID: 169,ID2: 166, Timer: 18116, RSSI: -36
2026-08-11 07:36:43,ID: 169,ID2: 166, Timer: 18130, RSSI: -28
2026-08-11 07:36:43,ID: 169,ID2: 166, Timer: 18144, RSSI: -32
2026-08-11 07:36:43,ID: 169,ID2: 166, Timer: 18144, RSSI: -32
2026-08-11 07:36:43,ID: 169,ID2: 166, Timer: 18151, RSSI: -28
2026-08-11 07:36:43,ID: 169,ID2: 166, Timer: 18186, RSSI: -32
2026-08-11 07:36:43,ID: 169,ID2: 166, Timer: 18193, RSSI: -28
2026-08-11 07:36:43,ID: 169,ID2: 166, Timer: 18207, RSSI: -32
2026-08-11 07:36:43,ID: 169,ID2: 166, Timer: 18221, RSSI: -36
2026-08-11 07:36:43,ID: 169,ID2: 166, Timer: 18228, RSSI: -32
2026-08-11 07:36:43,ID: 169,ID2: 166, Timer: 18235, RSSI: -28
2026-08-11 07:36:43,ID: 169,ID2: 166, Timer: 18242, RSSI: -36
2026-08-11 07:36:43,ID: 169,ID2: 166, Timer: 18256, RSSI: -28
2026-08-11 07:36:43,ID: 169,ID2: 166, Timer: 18263, RSSI: -36
2026-08-11 07:36:43,ID: 169,ID2: 166, Timer: 18270, RSSI: -32
2026-08-11 07:36:43,ID: 169,ID2: 166, Timer: 18312, RSSI: -32
2026-08-11 07:36:43,ID: 169,ID2: 166, Timer: 18312, RSSI: -32
2026-08-11 07:36:43,ID: 169,ID2: 166, Timer: 18319, RSSI: -28
2026-08-11 07:36:43,ID: 169,ID2: 166, Timer: 18340, RSSI: -28
2026-08-11 07:36:43,ID: 169,ID2: 166, Timer: 18354, RSSI: -32
2026-08-11 07:36:43,ID: 169,ID2: 166, Timer: 18354, RSSI: -32
2026-08-11 07:36:43,ID: 169,ID2: 166, Timer: 18389, RSSI: -36
2026-08-11 07:36:43,ID: 169,ID2: 166, Timer: 18396, RSSI: -32
2026-08-11 07:36:43,ID: 169,ID2: 166, Timer: 18396, RSSI: -32
2026-08-11 07:36:43,ID: 169,ID2: 166, Timer: 18417, RSSI: -32
2026-08-11 07:36:43,ID: 169,ID2: 166, Timer: 18438, RSSI: -32
2026-08-11 07:36:43,ID: 169,ID2: 166, Timer: 18445, RSSI: -28
2026-08-11 07:36:43,ID: 169,ID2: 166, Timer: 18466, RSSI: -28
2026-08-11 07:36:43,ID: 169,ID2: 166, Timer: 18480, RSSI: -32
2026-08-11 07:36:43,ID: 169,ID2: 166, Timer: 18487, RSSI: -28
2026-08-11 07:36:43,ID: 169,ID2: 166, Timer: 18522, RSSI: -32
2026-08-11 07:36:43,ID: 169,ID2: 166, Timer: 18550, RSSI: -28
2026-08-11 07:36:43,ID: 169,ID2: 166, Timer: 18557, RSSI: -36
2026-08-11 07:36:43,ID: 169,ID2: 166, Timer: 18564, RSSI: -32
2026-08-11 07:36:43,ID: 169,ID2: 166, Timer: 18578, RSSI: -36
2026-08-11 07:36:43,ID: 169,ID2: 166, Timer: 18592, RSSI: -28
2026-08-11 07:36:43,ID: 169,ID2: 166, Timer: 18599, RSSI: -36
2026-08-11 07:36:43,ID: 169,ID2: 166, Timer: 18606, RSSI: -32
2026-08-11 07:36:43,ID: 169,ID2: 166, Timer: 18606, RSSI: -32
2026-08-11 07:36:43,ID: 169,ID2: 166, Timer: 18613, RSSI: -28
2026-08-11 07:36:43,ID: 169,ID2: 166, Timer: 18627, RSSI: -32
2026-08-11 07:36:43,ID: 169,ID2: 166, Timer: 18641, RSSI: -36
2026-08-11 07:36:43,ID: 169,ID2: 166, Timer: 18648, RSSI: -32
2026-08-11 07:36:43,ID: 169,ID2: 166, Timer: 18669, RSSI: -32
2026-08-11 07:36:43,ID: 169,ID2: 166, Timer: 18676, RSSI: -28
2026-08-11 07:36:43,ID: 169,ID2: 166, Timer: 18683, RSSI: -36
2026-08-11 07:36:43,ID: 169,ID2: 166, Timer: 18690, RSSI: -32
2026-08-11 07:36:43,ID: 169,ID2: 166, Timer: 18711, RSSI: -32
2026-08-11 07:36:43,ID: 169,ID2: 166, Timer: 18732, RSSI: -32
2026-08-11 07:36:43,ID: 169,ID2: 166, Timer: 18760, RSSI: -28
2026-08-11 07:36:43,ID: 169,ID2: 166, Timer: 18774, RSSI: -32
2026-08-11 07:36:43,ID: 169,ID2: 166, Timer: 18774, RSSI: -32
2026-08-11 07:36:43,ID: 169,ID2: 166, Timer: 18781, RSSI: -28
2026-08-11 07:36:43,ID: 169,ID2: 166, Timer: 18802, RSSI: -28
2026-08-11 07:36:43,ID: 169,ID2: 166, Timer: 18809, RSSI: -36
2026-08-11 07:36:43,ID: 169,ID2: 166, Timer: 18816, RSSI: -32
2026-08-11 07:36:43,ID: 169,ID2: 166, Timer: 18823, RSSI: -28
2026-08-11 07:36:43,ID: 169,ID2: 166, Timer: 18830, RSSI: -36
2026-08-11 07:36:43,ID: 169,ID2: 166, Timer: 18858, RSSI: -32
2026-08-11 07:36:43,ID: 169,ID2: 166, Timer: 18865, RSSI: -28
2026-08-11 07:36:43,ID: 169,ID2: 166, Timer: 18879, RSSI: -32
2026-08-11 07:36:43,ID: 169,ID2: 166, Timer: 18900, RSSI: -32
2026-08-11 07:36:43,ID: 169,ID2: 166, Timer: 18900, RSSI: -32
2026-08-11 07:36:43,ID: 169,ID2: 166, Timer: 18907, RSSI: -28
2026-08-11 07:36:43,ID: 169,ID2: 166, Timer: 18914, RSSI: -36
2026-08-11 07:36:43,ID: 169,ID2: 166, Timer: 18928, RSSI: -28
2026-08-11 07:36:43,ID: 169,ID2: 166, Timer: 18935, RSSI: -36
2026-08-11 07:36:43,ID: 169,ID2: 166, Timer: 18942, RSSI: -32
2026-08-11 07:36:43,ID: 169,ID2: 166, Timer: 18949, RSSI: -28
2026-08-11 07:36:43,ID: 169,ID2: 166, Timer: 18956, RSSI: -36
2026-08-11 07:36:43,ID: 169,ID2: 166, Timer: 18963, RSSI: -32
2026-08-11 07:36:43,ID: 169,ID2: 166, Timer: 18970, RSSI: -28
2026-08-11 07:36:43,ID: 169,ID2: 166, Timer: 18977, RSSI: -36
2026-08-11 07:36:43,ID: 169,ID2: 166, Timer: 18984, RSSI: -32
2026-08-11 07:36:43,ID: 169,ID2: 166, Timer: 18998, RSSI: -36
2026-08-11 07:36:43,ID: 169,ID2: 166, Timer: 19005, RSSI: -32
2026-08-11 07:36:43,ID: 169,ID2: 166, Timer: 19019, RSSI: -36
2026-08-11 07:36:43,ID: 169,ID2: 166, Timer: 19026, RSSI: -32
2026-08-11 07:36:43,ID: 169,ID2: 166, Timer: 19047, RSSI: -32
2026-08-11 07:36:43,ID: 169,ID2: 166, Timer: 19068, RSSI: -32
2026-08-11 07:36:43,ID: 169,ID2: 166, Timer: 19082, RSSI: -36
2026-08-11 07:36:43,ID: 169,ID2: 166, Timer: 19089, RSSI: -32
2026-08-11 07:36:43,ID: 169,ID2: 166, Timer: 19096, RSSI: -28
2026-08-11 07:36:43,ID: 169,ID2: 166, Timer: 19103, RSSI: -36
2026-08-11 07:36:43,ID: 169,ID2: 166, Timer: 19110, RSSI: -32
2026-08-11 07:36:43,ID: 169,ID2: 166, Timer: 19117, RSSI: -28
2026-08-11 07:36:43,ID: 169,ID2: 166, Timer: 19152, RSSI: -32
2026-08-11 07:36:43,ID: 169,ID2: 166, Timer: 19173, RSSI: -32
2026-08-11 07:36:43,ID: 169,ID2: 166, Timer: 19194, RSSI: -32
2026-08-11 07:36:43,ID: 169,ID2: 166, Timer: 19194, RSSI: -32
2026-08-11 07:36:43,ID: 169,ID2: 166, Timer: 19201, RSSI: -28
2026-08-11 07:36:43,ID: 169,ID2: 166, Timer: 19215, RSSI: -32
2026-08-11 07:36:43,ID: 169,ID2: 166, Timer: 19222, RSSI: -28
2026-08-11 07:36:43,ID: 169,ID2: 166, Timer: 19236, RSSI: -32
2026-08-11 07:36:43,ID: 169,ID2: 166, Timer: 19236, RSSI: -32
2026-08-11 07:36:43,ID: 169,ID2: 166, Timer: 19243, RSSI: -28
2026-08-11 07:36:43,ID: 169,ID2: 166, Timer: 19292, RSSI: -36
2026-08-11 07:36:43,ID: 169,ID2: 166, Timer: 19320, RSSI: -32
2026-08-11 07:36:43,ID: 169,ID2: 166, Timer: 19327, RSSI: -28
2026-08-11 07:36:43,ID: 169,ID2: 166, Timer: 19348, RSSI: -28
2026-08-11 07:36:43,ID: 169,ID2: 166, Timer: 19362, RSSI: -32
2026-08-11 07:36:43,ID: 169,ID2: 166, Timer: 19369, RSSI: -28
2026-08-11 07:36:43,ID: 169,ID2: 166, Timer: 19383, RSSI: -32
2026-08-11 07:36:43,ID: 169,ID2: 166, Timer: 19404, RSSI: -32
2026-08-11 07:36:43,ID: 169,ID2: 166, Timer: 19439, RSSI: -36
2026-08-11 07:36:43,ID: 169,ID2: 166, Timer: 19446, RSSI: -32
2026-08-11 07:36:43,ID: 169,ID2: 166, Timer: 19460, RSSI: -36
2026-08-11 07:36:43,ID: 169,ID2: 166, Timer: 19474, RSSI: -28
2026-08-11 07:36:43,ID: 169,ID2: 166, Timer: 19481, RSSI: -36
2026-08-11 07:36:43,ID: 169,ID2: 166, Timer: 19488, RSSI: -32
2026-08-11 07:36:43,ID: 169,ID2: 166, Timer: 19509, RSSI: -32
2026-08-11 07:36:43,ID: 169,ID2: 166, Timer: 19516, RSSI: -28
2026-08-11 07:36:43,ID: 169,ID2: 166, Timer: 19523, RSSI: -36
2026-08-11 07:36:43,ID: 169,ID2: 166, Timer: 19530, RSSI: -32
2026-08-11 07:36:43,ID: 169,ID2: 166, Timer: 19544, RSSI: -36
2026-08-11 07:36:43,ID: 169,ID2: 166, Timer: 19551, RSSI: -32
2026-08-11 07:36:43,ID: 169,ID2: 166, Timer: 19558, RSSI: -28
2026-08-11 07:36:43,ID: 169,ID2: 166, Timer: 19572, RSSI: -32
2026-08-11 07:36:43,ID: 169,ID2: 166, Timer: 19579, RSSI: -28
2026-08-11 07:36:43,ID: 169,ID2: 166, Timer: 19607, RSSI: -36
2026-08-11 07:36:43,ID: 169,ID2: 166, Timer: 19614, RSSI: -32
2026-08-11 07:36:43,ID: 169,ID2: 166, Timer: 19614, RSSI: -32
2026-08-11 07:36:43,ID: 169,ID2: 166, Timer: 19621, RSSI: -28
2026-08-11 07:36:43,ID: 169,ID2: 166, Timer: 19649, RSSI: -36
2026-08-11 07:36:43,ID: 169,ID2: 166, Timer: 19656, RSSI: -32
2026-08-11 07:36:43,ID: 169,ID2: 166, Timer: 19677, RSSI: -32
2026-08-11 07:36:43,ID: 169,ID2: 166, Timer: 19684, RSSI: -28
2026-08-11 07:36:43,ID: 169,ID2: 166, Timer: 19698, RSSI: -32
2026-08-11 07:36:43,ID: 169,ID2: 166, Timer: 19726, RSSI: -28
2026-08-11 07:36:43,ID: 169,ID2: 166, Timer: 19740, RSSI: -32
2026-08-11 07:36:43,ID: 169,ID2: 166, Timer: 19747, RSSI: -28
2026-08-11 07:36:43,ID: 169,ID2: 166, Timer: 19768, RSSI: -28
2026-08-11 07:36:43,ID: 169,ID2: 166, Timer: 19782, RSSI: -32
2026-08-11 07:36:43,ID: 169,ID2: 166, Timer: 19824, RSSI: -32
2026-08-11 07:36:43,ID: 169,ID2: 166, Timer: 19824, RSSI: -32
2026-08-11 07:36:43,ID: 169,ID2: 166, Timer: 19831, RSSI: -28
2026-08-11 07:36:43,ID: 169,ID2: 166, Timer: 19845, RSSI: -32
2026-08-11 07:36:43,ID: 169,ID2: 166, Timer: 19852, RSSI: -28
2026-08-11 07:36:43,ID: 169,ID2: 166, Timer: 19866, RSSI: -32
2026-08-11 07:36:43,ID: 169,ID2: 166, Timer: 19873, RSSI: -28
2026-08-11 07:36:43,ID: 169,ID2: 166, Timer: 19880, RSSI: -36
2026-08-11 07:36:43,ID: 169,ID2: 166, Timer: 19887, RSSI: -32
2026-08-11 07:36:43,ID: 169,ID2: 166, Timer: 19901, RSSI: -36
2026-08-11 07:36:43,ID: 169,ID2: 166, Timer: 19908, RSSI: -32
2026-08-11 07:36:43,ID: 169,ID2: 166, Timer: 19908, RSSI: -32
2026-08-11 07:36:43,ID: 169,ID2: 166, Timer: 19915, RSSI: -28
2026-08-11 07:36:43,ID: 169,ID2: 166, Timer: 19922, RSSI: -36
2026-08-11 07:36:43,ID: 169,ID2: 166, Timer: 19950, RSSI: -32
2026-08-11 07:36:43,ID: 169,ID2: 166, Timer: 19950, RSSI: -32
2026-08-11 07:36:43,ID: 169,ID2: 166, Timer: 19964, RSSI: -36
2026-08-11 07:36:43,ID: 169,ID2: 166, Timer: 19971, RSSI: -32
2026-08-11 07:36:43,ID: 169,ID2: 166, Timer: 19985, RSSI: -36
2026-08-11 07:36:43,ID: 169,ID2: 166, Timer: 19992, RSSI: -32
2026-08-11 07:36:43,ID: 169,ID2: 166, Timer: 19992, RSSI: -32
2026-08-11 07:36:43,ID: 169,ID2: 166, Timer: 19999, RSSI: -28
2026-08-11 07:36:43,ID: 169,ID2: 166, Timer: 20020, RSSI: -28
2026-08-11 07:36:43,ID: 169,ID2: 166, Timer: 20034, RSSI: -32
2026-08-11 07:36:43,ID: 169,ID2: 166, Timer: 20034, RSSI: -32
2026-08-11 07:36:43,ID: 169,ID2: 166, Timer: 20062, RSSI: -28
2026-08-11 07:36:43,ID: 169,ID2: 166, Timer: 20076, RSSI: -32
2026-08-11 07:36:43,ID: 169,ID2: 166, Timer: 20076, RSSI: -32
2026-08-11 07:36:43,ID: 169,ID2: 166, Timer: 20083, RSSI: -28
2026-08-11 07:36:43,ID: 169,ID2: 166, Timer: 20118, RSSI: -32
2026-08-11 07:36:43,ID: 169,ID2: 166, Timer: 20118, RSSI: -32
2026-08-11 07:36:43,ID: 169,ID2: 166, Timer: 20132, RSSI: -36
2026-08-11 07:36:43,ID: 169,ID2: 166, Timer: 20139, RSSI: -32
2026-08-11 07:36:43,ID: 169,ID2: 166, Timer: 20153, RSSI: -36
2026-08-11 07:36:43,ID: 169,ID2: 166, Timer: 20174, RSSI: -36
2026-08-11 07:36:43,ID: 169,ID2: 166, Timer: 20195, RSSI: -36
2026-08-11 07:36:43,ID: 169,ID2: 166, Timer: 20202, RSSI: -32
2026-08-11 07:36:43,ID: 169,ID2: 166, Timer: 20202, RSSI: -32
2026-08-11 07:36:43,ID: 169,ID2: 166, Timer: 20237, RSSI: -36
2026-08-11 07:36:43,ID: 169,ID2: 166, Timer: 20244, RSSI: -32
2026-08-11 07:36:43,ID: 169,ID2: 166, Timer: 20272, RSSI: -28
2026-08-11 07:36:43,ID: 169,ID2: 166, Timer: 20286, RSSI: -32
2026-08-11 07:36:43,ID: 169,ID2: 166, Timer: 20321, RSSI: -36
2026-08-11 07:36:43,ID: 169,ID2: 166, Timer: 20328, RSSI: -32
2026-08-11 07:36:43,ID: 169,ID2: 166, Timer: 20349, RSSI: -32
2026-08-11 07:36:43,ID: 169,ID2: 166, Timer: 20356, RSSI: -28
2026-08-11 07:36:43,ID: 169,ID2: 166, Timer: 20370, RSSI: -32
2026-08-11 07:36:43,ID: 169,ID2: 166, Timer: 20398, RSSI: -28
2026-08-11 07:36:43,ID: 169,ID2: 166, Timer: 20405, RSSI: -36
2026-08-11 07:36:43,ID: 169,ID2: 166, Timer: 20412, RSSI: -32
2026-08-11 07:36:43,ID: 169,ID2: 166, Timer: 20433, RSSI: -32
2026-08-11 07:36:43,ID: 169,ID2: 166, Timer: 20454, RSSI: -32
2026-08-11 07:36:43,ID: 169,ID2: 166, Timer: 20454, RSSI: -32
2026-08-11 07:36:43,ID: 169,ID2: 166, Timer: 20461, RSSI: -28
2026-08-11 07:36:43,ID: 169,ID2: 166, Timer: 20482, RSSI: -28
2026-08-11 07:36:43,ID: 169,ID2: 166, Timer: 20489, RSSI: -36
2026-08-11 07:36:43,ID: 169,ID2: 166, Timer: 20496, RSSI: -32
2026-08-11 07:36:43,ID: 169,ID2: 166, Timer: 20531, RSSI: -36
2026-08-11 07:36:43,ID: 169,ID2: 166, Timer: 20538, RSSI: -32
2026-08-11 07:36:43,ID: 169,ID2: 166, Timer: 20566, RSSI: -28
2026-08-11 07:36:43,ID: 169,ID2: 166, Timer: 20580, RSSI: -32
2026-08-11 07:36:43,ID: 169,ID2: 166, Timer: 20580, RSSI: -32
2026-08-11 07:36:43,ID: 169,ID2: 166, Timer: 20587, RSSI: -28
2026-08-11 07:36:43,ID: 169,ID2: 166, Timer: 20622, RSSI: -32
2026-08-11 07:36:43,ID: 169,ID2: 166, Timer: 20629, RSSI: -28
2026-08-11 07:36:43,ID: 169,ID2: 166, Timer: 20664, RSSI: -32
2026-08-11 07:36:43,ID: 169,ID2: 166, Timer: 20671, RSSI: -28
2026-08-11 07:36:43,ID: 169,ID2: 166, Timer: 20678, RSSI: -36
2026-08-11 07:36:43,ID: 169,ID2: 166, Timer: 20692, RSSI: -28
2026-08-11 07:36:43,ID: 169,ID2: 166, Timer: 20706, RSSI: -32
2026-08-11 07:36:43,ID: 169,ID2: 166, Timer: 20720, RSSI: -36
2026-08-11 07:36:43,ID: 169,ID2: 166, Timer: 20727, RSSI: -32
2026-08-11 07:36:43,ID: 169,ID2: 166, Timer: 20734, RSSI: -28
2026-08-11 07:36:43,ID: 169,ID2: 166, Timer: 20748, RSSI: -32
2026-08-11 07:36:43,ID: 169,ID2: 166, Timer: 20748, RSSI: -32
2026-08-11 07:36:43,ID: 169,ID2: 166, Timer: 20755, RSSI: -28
2026-08-11 07:36:43,ID: 169,ID2: 166, Timer: 20762, RSSI: -36
2026-08-11 07:36:43,ID: 169,ID2: 166, Timer: 20769, RSSI: -32
2026-08-11 07:36:43,ID: 169,ID2: 166, Timer: 20776, RSSI: -28
2026-08-11 07:36:43,ID: 169,ID2: 166, Timer: 20790, RSSI: -32
2026-08-11 07:36:43,ID: 169,ID2: 166, Timer: 20832, RSSI: -32
2026-08-11 07:36:43,ID: 169,ID2: 166, Timer: 20839, RSSI: -28
2026-08-11 07:36:43,ID: 169,ID2: 166, Timer: 20853, RSSI: -32
2026-08-11 07:36:43,ID: 169,ID2: 166, Timer: 20874, RSSI: -32
2026-08-11 07:36:43,ID: 169,ID2: 166, Timer: 20895, RSSI: -32
2026-08-11 07:36:43,ID: 169,ID2: 166, Timer: 20916, RSSI: -32
2026-08-11 07:36:43,ID: 169,ID2: 166, Timer: 20930, RSSI: -36
2026-08-11 07:36:43,ID: 169,ID2: 166, Timer: 20937, RSSI: -32
2026-08-11 07:36:43,ID: 169,ID2: 166, Timer: 20951, RSSI: -36
2026-08-11 07:36:43,ID: 169,ID2: 166, Timer: 20958, RSSI: -32
2026-08-11 07:36:43,ID: 169,ID2: 166, Timer: 20965, RSSI: -28
2026-08-11 07:36:43,ID: 169,ID2: 166, Timer: 21014, RSSI: -36
2026-08-11 07:36:43,ID: 169,ID2: 166, Timer: 21042, RSSI: -32
2026-08-11 07:36:43,ID: 169,ID2: 166, Timer: 21063, RSSI: -32
2026-08-11 07:36:43,ID: 169,ID2: 166, Timer: 21077, RSSI: -36
2026-08-11 07:36:43,ID: 169,ID2: 166, Timer: 21084, RSSI: -32
2026-08-11 07:36:43,ID: 169,ID2: 166, Timer: 21084, RSSI: -32
2026-08-11 07:36:43,ID: 169,ID2: 166, Timer: 21105, RSSI: -32
2026-08-11 07:36:43,ID: 169,ID2: 166, Timer: 21112, RSSI: -28
2026-08-11 07:36:43,ID: 169,ID2: 166, Timer: 21119, RSSI: -36
2026-08-11 07:36:43,ID: 169,ID2: 166, Timer: 21126, RSSI: -32
2026-08-11 07:36:43,ID: 169,ID2: 166, Timer: 21133, RSSI: -28
2026-08-11 07:36:43,ID: 169,ID2: 166, Timer: 21140, RSSI: -36
2026-08-11 07:36:43,ID: 169,ID2: 166, Timer: 21161, RSSI: -36
2026-08-11 07:36:43,ID: 169,ID2: 166, Timer: 21168, RSSI: -32
2026-08-11 07:36:43,ID: 169,ID2: 166, Timer: 21168, RSSI: -32
2026-08-11 07:36:43,ID: 169,ID2: 166, Timer: 21196, RSSI: -28
2026-08-11 07:36:43,ID: 169,ID2: 166, Timer: 21203, RSSI: -36
2026-08-11 07:36:43,ID: 169,ID2: 166, Timer: 21210, RSSI: -32
2026-08-11 07:36:43,ID: 169,ID2: 166, Timer: 21217, RSSI: -28
2026-08-11 07:36:43,ID: 169,ID2: 166, Timer: 21224, RSSI: -36
2026-08-11 07:36:43,ID: 169,ID2: 166, Timer: 21231, RSSI: -32
2026-08-11 07:36:43,ID: 169,ID2: 166, Timer: 21252, RSSI: -32
2026-08-11 07:36:43,ID: 169,ID2: 166, Timer: 21259, RSSI: -28
2026-08-11 07:36:43,ID: 169,ID2: 166, Timer: 21287, RSSI: -36
2026-08-11 07:36:43,ID: 169,ID2: 166, Timer: 21301, RSSI: -28
2026-08-11 07:36:43,ID: 169,ID2: 166, Timer: 21329, RSSI: -36
2026-08-11 07:36:43,ID: 169,ID2: 166, Timer: 21336, RSSI: -32
2026-08-11 07:36:43,ID: 169,ID2: 166, Timer: 21364, RSSI: -28
2026-08-11 07:36:43,ID: 169,ID2: 166, Timer: 21371, RSSI: -36
2026-08-11 07:36:43,ID: 169,ID2: 166, Timer: 21378, RSSI: -32
2026-08-11 07:36:43,ID: 169,ID2: 166, Timer: 21385, RSSI: -28
2026-08-11 07:36:43,ID: 169,ID2: 166, Timer: 21413, RSSI: -36
2026-08-11 07:36:43,ID: 169,ID2: 166, Timer: 21420, RSSI: -32
2026-08-11 07:36:43,ID: 169,ID2: 166, Timer: 21441, RSSI: -32
2026-08-11 07:36:43,ID: 169,ID2: 166, Timer: 21455, RSSI: -36
2026-08-11 07:36:43,ID: 169,ID2: 166, Timer: 21462, RSSI: -32
2026-08-11 07:36:43,ID: 169,ID2: 166, Timer: 21462, RSSI: -32
2026-08-11 07:36:43,ID: 169,ID2: 166, Timer: 21469, RSSI: -28
2026-08-11 07:36:43,ID: 169,ID2: 166, Timer: 21476, RSSI: -36
2026-08-11 07:36:43,ID: 169,ID2: 166, Timer: 21490, RSSI: -28
2026-08-11 07:36:43,ID: 169,ID2: 166, Timer: 21497, RSSI: -36
2026-08-11 07:36:43,ID: 169,ID2: 166, Timer: 21504, RSSI: -32
2026-08-11 07:36:43,ID: 169,ID2: 166, Timer: 21504, RSSI: -32
2026-08-11 07:36:43,ID: 169,ID2: 166, Timer: 21539, RSSI: -36
2026-08-11 07:36:43,ID: 169,ID2: 166, Timer: 21546, RSSI: -32
2026-08-11 07:36:43,ID: 169,ID2: 166, Timer: 21560, RSSI: -36
2026-08-11 07:36:43,ID: 169,ID2: 166, Timer: 21567, RSSI: -32
2026-08-11 07:36:43,ID: 169,ID2: 166, Timer: 21581, RSSI: -36
2026-08-11 07:36:43,ID: 169,ID2: 166, Timer: 21588, RSSI: -32
2026-08-11 07:36:43,ID: 169,ID2: 166, Timer: 21602, RSSI: -36
2026-08-11 07:36:43,ID: 169,ID2: 166, Timer: 21630, RSSI: -32
2026-08-11 07:36:43,ID: 169,ID2: 166, Timer: 21637, RSSI: -28
2026-08-11 07:36:43,ID: 169,ID2: 166, Timer: 21644, RSSI: -36
2026-08-11 07:36:43,ID: 169,ID2: 166, Timer: 21672, RSSI: -32
2026-08-11 07:36:43,ID: 169,ID2: 166, Timer: 21679, RSSI: -28
2026-08-11 07:36:43,ID: 169,ID2: 166, Timer: 21693, RSSI: -32
2026-08-11 07:36:44,ID: 169,ID2: 166, Timer: 21700, RSSI: -28
2026-08-11 07:36:44,ID: 169,ID2: 166, Timer: 21707, RSSI: -36
2026-08-11 07:36:44,ID: 169,ID2: 166, Timer: 21714, RSSI: -32
2026-08-11 07:36:44,ID: 169,ID2: 166, Timer: 21742, RSSI: -28
2026-08-11 07:36:44,ID: 169,ID2: 166, Timer: 21756, RSSI: -32
2026-08-11 07:36:44,ID: 169,ID2: 166, Timer: 21756, RSSI: -32
2026-08-11 07:36:44,ID: 169,ID2: 166, Timer: 21784, RSSI: -28
2026-08-11 07:36:44,ID: 169,ID2: 166, Timer: 21798, RSSI: -32
2026-08-11 07:36:44,ID: 169,ID2: 166, Timer: 21812, RSSI: -36
2026-08-11 07:36:44,ID: 169,ID2: 166, Timer: 21819, RSSI: -32
2026-08-11 07:36:44,ID: 169,ID2: 166, Timer: 21826, RSSI: -28
2026-08-11 07:36:44,ID: 169,ID2: 166, Timer: 21833, RSSI: -36
2026-08-11 07:36:44,ID: 169,ID2: 166, Timer: 21854, RSSI: -36
2026-08-11 07:36:44,ID: 169,ID2: 166, Timer: 21861, RSSI: -32
2026-08-11 07:36:44,ID: 169,ID2: 166, Timer: 21868, RSSI: -28
2026-08-11 07:36:44,ID: 169,ID2: 166, Timer: 21882, RSSI: -32
2026-08-11 07:36:44,ID: 169,ID2: 166, Timer: 21903, RSSI: -32
2026-08-11 07:36:44,ID: 169,ID2: 166, Timer: 21924, RSSI: -32
2026-08-11 07:36:44,ID: 169,ID2: 166, Timer: 21931, RSSI: -28
2026-08-11 07:36:44,ID: 169,ID2: 166, Timer: 21945, RSSI: -32
2026-08-11 07:36:44,ID: 169,ID2: 166, Timer: 21959, RSSI: -36
2026-08-11 07:36:44,ID: 169,ID2: 166, Timer: 21966, RSSI: -32
2026-08-11 07:36:44,ID: 169,ID2: 166, Timer: 21966, RSSI: -32
2026-08-11 07:36:44,ID: 169,ID2: 166, Timer: 21980, RSSI: -36
2026-08-11 07:36:44,ID: 169,ID2: 166, Timer: 21987, RSSI: -32
2026-08-11 07:36:44,ID: 169,ID2: 166, Timer: 22008, RSSI: -32
2026-08-11 07:36:44,ID: 169,ID2: 166, Timer: 22008, RSSI: -32
2026-08-11 07:36:44,ID: 169,ID2: 166, Timer: 22015, RSSI: -28
2026-08-11 07:36:44,ID: 169,ID2: 166, Timer: 22022, RSSI: -36
2026-08-11 07:36:44,ID: 169,ID2: 166, Timer: 22043, RSSI: -36
2026-08-11 07:36:44,ID: 169,ID2: 166, Timer: 22050, RSSI: -32
2026-08-11 07:36:44,ID: 169,ID2: 166, Timer: 22064, RSSI: -36
2026-08-11 07:36:44,ID: 169,ID2: 166, Timer: 22085, RSSI: -36
2026-08-11 07:36:44,ID: 169,ID2: 166, Timer: 22092, RSSI: -32
2026-08-11 07:36:44,ID: 169,ID2: 166, Timer: 22120, RSSI: -28
2026-08-11 07:36:44,ID: 169,ID2: 166, Timer: 22127, RSSI: -36
2026-08-11 07:36:44,ID: 169,ID2: 166, Timer: 22134, RSSI: -32
2026-08-11 07:36:44,ID: 169,ID2: 166, Timer: 22162, RSSI: -28
2026-08-11 07:36:44,ID: 169,ID2: 166, Timer: 22176, RSSI: -32
2026-08-11 07:36:44,ID: 169,ID2: 166, Timer: 22176, RSSI: -32
2026-08-11 07:36:44,ID: 169,ID2: 166, Timer: 22218, RSSI: -32
2026-08-11 07:36:44,ID: 169,ID2: 166, Timer: 22232, RSSI: -36
2026-08-11 07:36:44,ID: 169,ID2: 166, Timer: 22246, RSSI: -28
2026-08-11 07:36:44,ID: 169,ID2: 166, Timer: 22260, RSSI: -32
2026-08-11 07:36:44,ID: 169,ID2: 166, Timer: 22260, RSSI: -32
2026-08-11 07:36:44,ID: 169,ID2: 166, Timer: 22274, RSSI: -36
2026-08-11 07:36:44,ID: 169,ID2: 166, Timer: 22288, RSSI: -28
2026-08-11 07:36:44,ID: 169,ID2: 166, Timer: 22295, RSSI: -36
2026-08-11 07:36:44,ID: 169,ID2: 166, Timer: 22302, RSSI: -32
2026-08-11 07:36:44,ID: 169,ID2: 166, Timer: 22316, RSSI: -36
2026-08-11 07:36:44,ID: 169,ID2: 166, Timer: 22337, RSSI: -36
2026-08-11 07:36:44,ID: 169,ID2: 166, Timer: 22344, RSSI: -32
2026-08-11 07:36:44,ID: 169,ID2: 166, Timer: 22358, RSSI: -36
2026-08-11 07:36:44,ID: 169,ID2: 166, Timer: 22386, RSSI: -32
2026-08-11 07:36:44,ID: 169,ID2: 166, Timer: 22407, RSSI: -32
2026-08-11 07:36:44,ID: 169,ID2: 166, Timer: 22421, RSSI: -36
2026-08-11 07:36:44,ID: 169,ID2: 166, Timer: 22428, RSSI: -32
2026-08-11 07:36:44,ID: 169,ID2: 166, Timer: 22442, RSSI: -36
2026-08-11 07:36:44,ID: 169,ID2: 166, Timer: 22449, RSSI: -32
2026-08-11 07:36:44,ID: 169,ID2: 166, Timer: 22470, RSSI: -32
2026-08-11 07:36:44,ID: 169,ID2: 166, Timer: 22484, RSSI: -36
2026-08-11 07:36:44,ID: 169,ID2: 166, Timer: 22512, RSSI: -32
2026-08-11 07:36:44,ID: 169,ID2: 166, Timer: 22519, RSSI: -28
2026-08-11 07:36:44,ID: 169,ID2: 166, Timer: 22526, RSSI: -36
2026-08-11 07:36:44,ID: 169,ID2: 166, Timer: 22533, RSSI: -32
2026-08-11 07:36:44,ID: 169,ID2: 166, Timer: 22547, RSSI: -36
2026-08-11 07:36:44,ID: 169,ID2: 166, Timer: 22554, RSSI: -32
2026-08-11 07:36:44,ID: 169,ID2: 166, Timer: 22554, RSSI: -32
2026-08-11 07:36:44,ID: 169,ID2: 166, Timer: 22596, RSSI: -32
2026-08-11 07:36:44,ID: 169,ID2: 166, Timer: 22596, RSSI: -32
2026-08-11 07:36:44,ID: 169,ID2: 166, Timer: 22610, RSSI: -36
2026-08-11 07:36:44,ID: 169,ID2: 166, Timer: 22638, RSSI: -32
2026-08-11 07:36:44,ID: 169,ID2: 166, Timer: 22666, RSSI: -28
2026-08-11 07:36:44,ID: 169,ID2: 166, Timer: 22680, RSSI: -32
2026-08-11 07:36:44,ID: 169,ID2: 166, Timer: 22687, RSSI: -28
2026-08-11 07:36:44,ID: 169,ID2: 166, Timer: 22701, RSSI: -32
2026-08-11 07:36:44,ID: 169,ID2: 166, Timer: 22708, RSSI: -28
2026-08-11 07:36:44,ID: 169,ID2: 166, Timer: 22715, RSSI: -36
2026-08-11 07:36:44,ID: 169,ID2: 166, Timer: 22722, RSSI: -32
2026-08-11 07:36:44,ID: 169,ID2: 166, Timer: 22722, RSSI: -32
2026-08-11 07:36:44,ID: 169,ID2: 166, Timer: 22729, RSSI: -28
2026-08-11 07:36:44,ID: 169,ID2: 166, Timer: 22750, RSSI: -28
2026-08-11 07:36:44,ID: 169,ID2: 166, Timer: 22764, RSSI: -32
2026-08-11 07:36:44,ID: 169,ID2: 166, Timer: 22771, RSSI: -28
2026-08-11 07:36:44,ID: 169,ID2: 166, Timer: 22778, RSSI: -36
2026-08-11 07:36:44,ID: 169,ID2: 166, Timer: 22785, RSSI: -32
2026-08-11 07:36:44,ID: 169,ID2: 166, Timer: 22792, RSSI: -28
2026-08-11 07:36:44,ID: 169,ID2: 166, Timer: 22806, RSSI: -32
2026-08-11 07:36:44,ID: 169,ID2: 166, Timer: 22813, RSSI: -28
2026-08-11 07:36:44,ID: 169,ID2: 166, Timer: 22820, RSSI: -36
2026-08-11 07:36:44,ID: 169,ID2: 166, Timer: 22827, RSSI: -32
2026-08-11 07:36:44,ID: 169,ID2: 166, Timer: 22841, RSSI: -36
2026-08-11 07:36:44,ID: 169,ID2: 166, Timer: 22848, RSSI: -32
2026-08-11 07:36:44,ID: 169,ID2: 166, Timer: 22869, RSSI: -32
2026-08-11 07:36:44,ID: 169,ID2: 166, Timer: 22876, RSSI: -28
2026-08-11 07:36:44,ID: 169,ID2: 166, Timer: 22890, RSSI: -32
2026-08-11 07:36:44,ID: 169,ID2: 166, Timer: 22911, RSSI: -32
2026-08-11 07:36:44,ID: 169,ID2: 166, Timer: 22932, RSSI: -32
2026-08-11 07:36:44,ID: 169,ID2: 166, Timer: 22939, RSSI: -28
2026-08-11 07:36:44,ID: 169,ID2: 166, Timer: 22946, RSSI: -36
2026-08-11 07:36:44,ID: 169,ID2: 166, Timer: 22960, RSSI: -28
2026-08-11 07:36:44,ID: 169,ID2: 166, Timer: 22967, RSSI: -36
2026-08-11 07:36:44,ID: 169,ID2: 166, Timer: 22974, RSSI: -32
2026-08-11 07:36:44,ID: 169,ID2: 166, Timer: 23016, RSSI: -32
2026-08-11 07:36:44,ID: 169,ID2: 166, Timer: 23023, RSSI: -28
2026-08-11 07:36:44,ID: 169,ID2: 166, Timer: 23030, RSSI: -36
2026-08-11 07:36:44,ID: 169,ID2: 166, Timer: 23044, RSSI: -28
2026-08-11 07:36:44,ID: 169,ID2: 166, Timer: 23058, RSSI: -32
2026-08-11 07:36:44,ID: 169,ID2: 166, Timer: 23100, RSSI: -32
2026-08-11 07:36:44,ID: 169,ID2: 166, Timer: 23107, RSSI: -28
2026-08-11 07:36:44,ID: 169,ID2: 166, Timer: 23142, RSSI: -32
2026-08-11 07:36:44,ID: 169,ID2: 166, Timer: 23156, RSSI: -36
2026-08-11 07:36:44,ID: 169,ID2: 166, Timer: 23170, RSSI: -28
2026-08-11 07:36:44,ID: 169,ID2: 166, Timer: 23184, RSSI: -32
2026-08-11 07:36:44,ID: 169,ID2: 166, Timer: 23184, RSSI: -32
2026-08-11 07:36:44,ID: 169,ID2: 166, Timer: 23191, RSSI: -28
2026-08-11 07:36:44,ID: 169,ID2: 166, Timer: 23198, RSSI: -36
2026-08-11 07:36:44,ID: 169,ID2: 166, Timer: 23205, RSSI: -32
2026-08-11 07:36:44,ID: 169,ID2: 166, Timer: 23226, RSSI: -32
2026-08-11 07:36:44,ID: 169,ID2: 166, Timer: 23233, RSSI: -28
2026-08-11 07:36:44,ID: 169,ID2: 166, Timer: 23254, RSSI: -28
2026-08-11 07:36:44,ID: 169,ID2: 166, Timer: 23261, RSSI: -36
2026-08-11 07:36:44,ID: 169,ID2: 166, Timer: 23268, RSSI: -32
2026-08-11 07:36:44,ID: 169,ID2: 166, Timer: 23289, RSSI: -32
2026-08-11 07:36:44,ID: 169,ID2: 166, Timer: 23296, RSSI: -28
2026-08-11 07:36:44,ID: 169,ID2: 166, Timer: 23303, RSSI: -36
2026-08-11 07:36:44,ID: 169,ID2: 166, Timer: 23310, RSSI: -32
2026-08-11 07:36:44,ID: 169,ID2: 166, Timer: 23331, RSSI: -32
2026-08-11 07:36:44,ID: 169,ID2: 166, Timer: 23345, RSSI: -36
2026-08-11 07:36:44,ID: 169,ID2: 166, Timer: 23352, RSSI: -32
2026-08-11 07:36:44,ID: 169,ID2: 166, Timer: 23359, RSSI: -28
2026-08-11 07:36:44,ID: 169,ID2: 166, Timer: 23366, RSSI: -36
2026-08-11 07:36:44,ID: 169,ID2: 166, Timer: 23380, RSSI: -28
2026-08-11 07:36:44,ID: 169,ID2: 166, Timer: 23387, RSSI: -36
2026-08-11 07:36:44,ID: 169,ID2: 166, Timer: 23394, RSSI: -32
2026-08-11 07:36:44,ID: 169,ID2: 166, Timer: 23401, RSSI: -28
2026-08-11 07:36:44,ID: 169,ID2: 166, Timer: 23408, RSSI: -36
2026-08-11 07:36:44,ID: 169,ID2: 166, Timer: 23415, RSSI: -32
2026-08-11 07:36:44,ID: 169,ID2: 166, Timer: 23436, RSSI: -32
2026-08-11 07:36:44,ID: 169,ID2: 166, Timer: 23436, RSSI: -32
2026-08-11 07:36:44,ID: 169,ID2: 166, Timer: 23450, RSSI: -36
2026-08-11 07:36:44,ID: 169,ID2: 166, Timer: 23464, RSSI: -28
2026-08-11 07:36:44,ID: 169,ID2: 166, Timer: 23478, RSSI: -32
2026-08-11 07:36:44,ID: 169,ID2: 166, Timer: 23485, RSSI: -28
2026-08-11 07:36:44,ID: 169,ID2: 166, Timer: 23520, RSSI: -32
2026-08-11 07:36:44,ID: 169,ID2: 166, Timer: 23527, RSSI: -28
2026-08-11 07:36:44,ID: 169,ID2: 166, Timer: 23548, RSSI: -28
2026-08-11 07:36:44,ID: 169,ID2: 166, Timer: 23562, RSSI: -32
2026-08-11 07:36:44,ID: 169,ID2: 166, Timer: 23583, RSSI: -32
2026-08-11 07:36:44,ID: 169,ID2: 166, Timer: 23590, RSSI: -28
2026-08-11 07:36:44,ID: 169,ID2: 166, Timer: 23604, RSSI: -32
2026-08-11 07:36:44,ID: 169,ID2: 166, Timer: 23618, RSSI: -36
2026-08-11 07:36:44,ID: 169,ID2: 166, Timer: 23646, RSSI: -32
2026-08-11 07:36:44,ID: 169,ID2: 166, Timer: 23660, RSSI: -36
2026-08-11 07:36:44,ID: 169,ID2: 166, Timer: 23667, RSSI: -32
2026-08-11 07:36:44,ID: 169,ID2: 166, Timer: 23674, RSSI: -28
2026-08-11 07:36:44,ID: 169,ID2: 166, Timer: 23688, RSSI: -32
2026-08-11 07:36:44,ID: 169,ID2: 166, Timer: 23702, RSSI: -36
2026-08-11 07:36:44,ID: 169,ID2: 166, Timer: 23709, RSSI: -32
2026-08-11 07:36:44,ID: 169,ID2: 166, Timer: 23716, RSSI: -28
2026-08-11 07:36:44,ID: 169,ID2: 166, Timer: 23723, RSSI: -36
2026-08-11 07:36:44,ID: 169,ID2: 166, Timer: 23730, RSSI: -32
2026-08-11 07:36:44,ID: 169,ID2: 166, Timer: 23737, RSSI: -28
2026-08-11 07:36:44,ID: 169,ID2: 166, Timer: 23744, RSSI: -36
2026-08-11 07:36:44,ID: 169,ID2: 166, Timer: 23765, RSSI: -36
2026-08-11 07:36:44,ID: 169,ID2: 166, Timer: 23772, RSSI: -32
2026-08-11 07:36:44,ID: 169,ID2: 166, Timer: 23793, RSSI: -32
2026-08-11 07:36:44,ID: 169,ID2: 166, Timer: 23814, RSSI: -32
2026-08-11 07:36:44,ID: 169,ID2: 166, Timer: 23814, RSSI: -32
2026-08-11 07:36:44,ID: 169,ID2: 166, Timer: 23821, RSSI: -28
2026-08-11 07:36:44,ID: 169,ID2: 166, Timer: 23828, RSSI: -36
2026-08-11 07:36:44,ID: 169,ID2: 166, Timer: 23842, RSSI: -28
2026-08-11 07:36:44,ID: 169,ID2: 166, Timer: 23856, RSSI: -32
2026-08-11 07:36:44,ID: 169,ID2: 166, Timer: 23884, RSSI: -28
2026-08-11 07:36:44,ID: 169,ID2: 166, Timer: 23898, RSSI: -32
2026-08-11 07:36:44,ID: 169,ID2: 166, Timer: 23898, RSSI: -32
2026-08-11 07:36:44,ID: 169,ID2: 166, Timer: 23912, RSSI: -36
2026-08-11 07:36:44,ID: 169,ID2: 166, Timer: 23919, RSSI: -32
2026-08-11 07:36:44,ID: 169,ID2: 166, Timer: 23933, RSSI: -36
2026-08-11 07:36:44,ID: 169,ID2: 166, Timer: 23940, RSSI: -32
2026-08-11 07:36:44,ID: 169,ID2: 166, Timer: 23954, RSSI: -36
2026-08-11 07:36:44,ID: 169,ID2: 166, Timer: 23982, RSSI: -32
2026-08-11 07:36:44,ID: 169,ID2: 166, Timer: 23996, RSSI: -36
2026-08-11 07:36:44,ID: 169,ID2: 166, Timer: 24003, RSSI: -32
2026-08-11 07:36:44,ID: 169,ID2: 166, Timer: 24017, RSSI: -36
2026-08-11 07:36:44,ID: 169,ID2: 166, Timer: 24024, RSSI: -32
2026-08-11 07:36:44,ID: 169,ID2: 166, Timer: 24031, RSSI: -28
2026-08-11 07:36:44,ID: 169,ID2: 166, Timer: 24052, RSSI: -28
2026-08-11 07:36:44,ID: 169,ID2: 166, Timer: 24066, RSSI: -32
2026-08-11 07:36:44,ID: 169,ID2: 166, Timer: 24087, RSSI: -32
2026-08-11 07:36:44,ID: 169,ID2: 166, Timer: 24094, RSSI: -28
2026-08-11 07:36:44,ID: 169,ID2: 166, Timer: 24101, RSSI: -36
2026-08-11 07:36:44,ID: 169,ID2: 166, Timer: 24108, RSSI: -32
2026-08-11 07:36:44,ID: 169,ID2: 166, Timer: 24122, RSSI: -36
2026-08-11 07:36:44,ID: 169,ID2: 166, Timer: 24129, RSSI: -32
2026-08-11 07:36:44,ID: 169,ID2: 166, Timer: 24136, RSSI: -28
2026-08-11 07:36:44,ID: 169,ID2: 166, Timer: 24150, RSSI: -32
2026-08-11 07:36:44,ID: 169,ID2: 166, Timer: 24157, RSSI: -28
2026-08-11 07:36:44,ID: 169,ID2: 166, Timer: 24164, RSSI: -36
2026-08-11 07:36:44,ID: 169,ID2: 166, Timer: 24171, RSSI: -32
2026-08-11 07:36:44,ID: 169,ID2: 166, Timer: 24185, RSSI: -36
2026-08-11 07:36:44,ID: 169,ID2: 166, Timer: 24192, RSSI: -32
2026-08-11 07:36:44,ID: 169,ID2: 166, Timer: 24192, RSSI: -32
2026-08-11 07:36:44,ID: 169,ID2: 166, Timer: 24199, RSSI: -28
2026-08-11 07:36:44,ID: 169,ID2: 166, Timer: 24213, RSSI: -32
2026-08-11 07:36:44,ID: 169,ID2: 166, Timer: 24227, RSSI: -36
2026-08-11 07:36:44,ID: 169,ID2: 166, Timer: 24234, RSSI: -32
2026-08-11 07:36:44,ID: 169,ID2: 166, Timer: 24234, RSSI: -32
2026-08-11 07:36:44,ID: 169,ID2: 166, Timer: 24241, RSSI: -28
2026-08-11 07:36:44,ID: 169,ID2: 166, Timer: 24255, RSSI: -32
2026-08-11 07:36:44,ID: 169,ID2: 166, Timer: 24276, RSSI: -32
2026-08-11 07:36:44,ID: 169,ID2: 166, Timer: 24290, RSSI: -36
2026-08-11 07:36:44,ID: 169,ID2: 166, Timer: 24297, RSSI: -32
2026-08-11 07:36:44,ID: 169,ID2: 166, Timer: 24311, RSSI: -36
2026-08-11 07:36:44,ID: 169,ID2: 166, Timer: 24318, RSSI: -32
2026-08-11 07:36:44,ID: 169,ID2: 166, Timer: 24346, RSSI: -28
2026-08-11 07:36:44,ID: 169,ID2: 166, Timer: 24360, RSSI: -32
2026-08-11 07:36:44,ID: 169,ID2: 166, Timer: 24374, RSSI: -36
2026-08-11 07:36:44,ID: 169,ID2: 166, Timer: 24388, RSSI: -28
2026-08-11 07:36:44,ID: 169,ID2: 166, Timer: 24402, RSSI: -32
2026-08-11 07:36:44,ID: 169,ID2: 166, Timer: 24416, RSSI: -36
2026-08-11 07:36:44,ID: 169,ID2: 166, Timer: 24423, RSSI: -32
2026-08-11 07:36:44,ID: 169,ID2: 166, Timer: 24437, RSSI: -36
2026-08-11 07:36:44,ID: 169,ID2: 166, Timer: 24444, RSSI: -32
2026-08-11 07:36:44,ID: 169,ID2: 166, Timer: 24465, RSSI: -32
2026-08-11 07:36:44,ID: 169,ID2: 166, Timer: 24472, RSSI: -28
2026-08-11 07:36:44,ID: 169,ID2: 166, Timer: 24486, RSSI: -32
2026-08-11 07:36:44,ID: 169,ID2: 166, Timer: 24493, RSSI: -28
2026-08-11 07:36:44,ID: 169,ID2: 166, Timer: 24500, RSSI: -36
2026-08-11 07:36:44,ID: 169,ID2: 166, Timer: 24528, RSSI: -32
2026-08-11 07:36:44,ID: 169,ID2: 166, Timer: 24535, RSSI: -28
2026-08-11 07:36:44,ID: 169,ID2: 166, Timer: 24570, RSSI: -32
2026-08-11 07:36:44,ID: 169,ID2: 166, Timer: 24584, RSSI: -36
2026-08-11 07:36:44,ID: 169,ID2: 166, Timer: 24598, RSSI: -28
2026-08-11 07:36:44,ID: 169,ID2: 166, Timer: 24605, RSSI: -36
2026-08-11 07:36:44,ID: 169,ID2: 166, Timer: 24612, RSSI: -32
2026-08-11 07:36:44,ID: 169,ID2: 166, Timer: 24612, RSSI: -32
2026-08-11 07:36:44,ID: 169,ID2: 166, Timer: 24633, RSSI: -32
2026-08-11 07:36:44,ID: 169,ID2: 166, Timer: 24640, RSSI: -28
2026-08-11 07:36:44,ID: 169,ID2: 166, Timer: 24654, RSSI: -32
2026-08-11 07:36:44,ID: 169,ID2: 166, Timer: 24654, RSSI: -32
2026-08-11 07:36:44,ID: 169,ID2: 166, Timer: 24668, RSSI: -36
2026-08-11 07:36:44,ID: 169,ID2: 166, Timer: 24675, RSSI: -32
2026-08-11 07:36:44,ID: 169,ID2: 166, Timer: 24682, RSSI: -28
2026-08-11 07:36:44,ID: 169,ID2: 166, Timer: 24689, RSSI: -36
2026-08-11 07:36:44,ID: 169,ID2: 166, Timer: 24696, RSSI: -32
2026-08-11 07:36:44,ID: 169,ID2: 166, Timer: 24738, RSSI: -32
2026-08-11 07:36:44,ID: 169,ID2: 166, Timer: 24766, RSSI: -28
2026-08-11 07:36:44,ID: 169,ID2: 166, Timer: 24780, RSSI: -32
2026-08-11 07:36:44,ID: 169,ID2: 166, Timer: 24787, RSSI: -28
2026-08-11 07:36:44,ID: 169,ID2: 166, Timer: 24815, RSSI: -36
2026-08-11 07:36:44,ID: 169,ID2: 166, Timer: 24822, RSSI: -32
2026-08-11 07:36:44,ID: 169,ID2: 166, Timer: 24836, RSSI: -36
2026-08-11 07:36:44,ID: 169,ID2: 166, Timer: 24843, RSSI: -32
2026-08-11 07:36:44,ID: 169,ID2: 166, Timer: 24857, RSSI: -36
2026-08-11 07:36:44,ID: 169,ID2: 166, Timer: 24864, RSSI: -32
2026-08-11 07:36:44,ID: 169,ID2: 166, Timer: 24864, RSSI: -32
2026-08-11 07:36:44,ID: 169,ID2: 166, Timer: 24885, RSSI: -32
2026-08-11 07:36:44,ID: 169,ID2: 166, Timer: 24906, RSSI: -32
2026-08-11 07:36:44,ID: 169,ID2: 166, Timer: 24906, RSSI: -32
2026-08-11 07:36:44,ID: 169,ID2: 166, Timer: 24927, RSSI: -32
2026-08-11 07:36:44,ID: 169,ID2: 166, Timer: 24941, RSSI: -36
2026-08-11 07:36:44,ID: 169,ID2: 166, Timer: 24948, RSSI: -32
2026-08-11 07:36:44,ID: 169,ID2: 166, Timer: 24955, RSSI: -28
2026-08-11 07:36:44,ID: 169,ID2: 166, Timer: 24962, RSSI: -36
2026-08-11 07:36:44,ID: 169,ID2: 166, Timer: 24976, RSSI: -28
2026-08-11 07:36:44,ID: 169,ID2: 166, Timer: 24983, RSSI: -36
2026-08-11 07:36:44,ID: 169,ID2: 166, Timer: 24990, RSSI: -32
2026-08-11 07:36:44,ID: 169,ID2: 166, Timer: 25004, RSSI: -36
2026-08-11 07:36:44,ID: 169,ID2: 166, Timer: 25011, RSSI: -32
2026-08-11 07:36:44,ID: 169,ID2: 166, Timer: 25032, RSSI: -32
2026-08-11 07:36:44,ID: 169,ID2: 166, Timer: 25039, RSSI: -28
2026-08-11 07:36:44,ID: 169,ID2: 166, Timer: 25053, RSSI: -32
2026-08-11 07:36:44,ID: 169,ID2: 166, Timer: 25067, RSSI: -36
2026-08-11 07:36:44,ID: 169,ID2: 166, Timer: 25074, RSSI: -32
2026-08-11 07:36:44,ID: 169,ID2: 166, Timer: 25095, RSSI: -32
2026-08-11 07:36:44,ID: 169,ID2: 166, Timer: 25116, RSSI: -32
2026-08-11 07:36:44,ID: 169,ID2: 166, Timer: 25130, RSSI: -36
2026-08-11 07:36:44,ID: 169,ID2: 166, Timer: 25144, RSSI: -28
2026-08-11 07:36:44,ID: 169,ID2: 166, Timer: 25158, RSSI: -32
2026-08-11 07:36:44,ID: 169,ID2: 166, Timer: 25165, RSSI: -28
2026-08-11 07:36:44,ID: 169,ID2: 166, Timer: 25172, RSSI: -36
2026-08-11 07:36:44,ID: 169,ID2: 166, Timer: 25186, RSSI: -28
2026-08-11 07:36:44,ID: 169,ID2: 166, Timer: 25200, RSSI: -32
2026-08-11 07:36:44,ID: 169,ID2: 166, Timer: 25207, RSSI: -28
2026-08-11 07:36:44,ID: 169,ID2: 166, Timer: 25221, RSSI: -32
2026-08-11 07:36:44,ID: 169,ID2: 166, Timer: 25228, RSSI: -28
2026-08-11 07:36:44,ID: 169,ID2: 166, Timer: 25242, RSSI: -32
2026-08-11 07:36:44,ID: 169,ID2: 166, Timer: 25242, RSSI: -32
2026-08-11 07:36:44,ID: 169,ID2: 166, Timer: 25249, RSSI: -28
2026-08-11 07:36:44,ID: 169,ID2: 166, Timer: 25263, RSSI: -32
2026-08-11 07:36:44,ID: 169,ID2: 166, Timer: 25277, RSSI: -36
2026-08-11 07:36:44,ID: 169,ID2: 166, Timer: 25284, RSSI: -32
2026-08-11 07:36:44,ID: 169,ID2: 166, Timer: 25305, RSSI: -32
2026-08-11 07:36:44,ID: 169,ID2: 166, Timer: 25312, RSSI: -28
2026-08-11 07:36:44,ID: 169,ID2: 166, Timer: 25326, RSSI: -32
2026-08-11 07:36:44,ID: 169,ID2: 166, Timer: 25340, RSSI: -36
2026-08-11 07:36:44,ID: 169,ID2: 166, Timer: 25354, RSSI: -28
2026-08-11 07:36:44,ID: 169,ID2: 166, Timer: 25368, RSSI: -32
2026-08-11 07:36:44,ID: 169,ID2: 166, Timer: 25368, RSSI: -32
2026-08-11 07:36:44,ID: 169,ID2: 166, Timer: 25375, RSSI: -28
2026-08-11 07:36:44,ID: 169,ID2: 166, Timer: 25389, RSSI: -32
2026-08-11 07:36:44,ID: 169,ID2: 166, Timer: 25410, RSSI: -32
2026-08-11 07:36:44,ID: 169,ID2: 166, Timer: 25417, RSSI: -28
2026-08-11 07:36:44,ID: 169,ID2: 166, Timer: 25431, RSSI: -32
2026-08-11 07:36:44,ID: 169,ID2: 166, Timer: 25445, RSSI: -36
2026-08-11 07:36:44,ID: 169,ID2: 166, Timer: 25452, RSSI: -32
2026-08-11 07:36:44,ID: 169,ID2: 166, Timer: 25452, RSSI: -32
2026-08-11 07:36:44,ID: 169,ID2: 166, Timer: 25459, RSSI: -28
2026-08-11 07:36:44,ID: 169,ID2: 166, Timer: 25494, RSSI: -32
2026-08-11 07:36:44,ID: 169,ID2: 166, Timer: 25508, RSSI: -36
2026-08-11 07:36:44,ID: 169,ID2: 166, Timer: 25522, RSSI: -28
2026-08-11 07:36:44,ID: 169,ID2: 166, Timer: 25536, RSSI: -32
2026-08-11 07:36:44,ID: 169,ID2: 166, Timer: 25543, RSSI: -28
2026-08-11 07:36:44,ID: 169,ID2: 166, Timer: 25578, RSSI: -32
2026-08-11 07:36:44,ID: 169,ID2: 166, Timer: 25578, RSSI: -32
2026-08-11 07:36:44,ID: 169,ID2: 166, Timer: 25592, RSSI: -36
2026-08-11 07:36:44,ID: 169,ID2: 166, Timer: 25599, RSSI: -32
2026-08-11 07:36:44,ID: 169,ID2: 166, Timer: 25606, RSSI: -28
2026-08-11 07:36:44,ID: 169,ID2: 166, Timer: 25613, RSSI: -36
2026-08-11 07:36:44,ID: 169,ID2: 166, Timer: 25620, RSSI: -32
2026-08-11 07:36:44,ID: 169,ID2: 166, Timer: 25641, RSSI: -32
2026-08-11 07:36:44,ID: 169,ID2: 166, Timer: 25655, RSSI: -36
2026-08-11 07:36:44,ID: 169,ID2: 166, Timer: 25662, RSSI: -32
2026-08-11 07:36:44,ID: 169,ID2: 166, Timer: 25683, RSSI: -32
2026-08-11 07:36:44,ID: 169,ID2: 166, Timer: 25690, RSSI: -28
2026-08-11 07:36:44,ID: 169,ID2: 166, Timer: 25697, RSSI: -36
2026-08-11 07:36:44,ID: 169,ID2: 166, Timer: 25704, RSSI: -32
2026-08-11 07:36:44,ID: 169,ID2: 166, Timer: 25711, RSSI: -28
2026-08-11 07:36:44,ID: 169,ID2: 166, Timer: 25739, RSSI: -36
2026-08-11 07:36:44,ID: 169,ID2: 166, Timer: 25746, RSSI: -32
2026-08-11 07:36:44,ID: 169,ID2: 166, Timer: 25760, RSSI: -36
2026-08-11 07:36:44,ID: 169,ID2: 166, Timer: 25767, RSSI: -32
2026-08-11 07:36:44,ID: 169,ID2: 166, Timer: 25774, RSSI: -28
2026-08-11 07:36:44,ID: 169,ID2: 166, Timer: 25788, RSSI: -32
2026-08-11 07:36:44,ID: 169,ID2: 166, Timer: 25802, RSSI: -36
2026-08-11 07:36:44,ID: 169,Current Timer: 32626
2026-08-11 07:36:44,ID: 169,Contact Count: 0
2026-08-11 07:36:44,ID: 169,Voltage: 2926
2026-08-11 07:36:44,ID: 166,Current Timer: 34583
2026-08-11 07:36:44,ID: 166,Contact Count: 365
2026-08-11 07:36:44,ID: 166,Voltage: 2854
2026-08-11 07:36:44,ID: 166,ID2: 169, Timer: 1869, RSSI: -27
2026-08-11 07:36:44,ID: 166,ID2: 169, Timer: 1883, RSSI: -29
2026-08-11 07:36:44,ID: 166,ID2: 169, Timer: 1890, RSSI: -27
2026-08-11 07:36:44,ID: 166,ID2: 169, Timer: 1897, RSSI: -25
2026-08-11 07:36:44,ID: 166,ID2: 169, Timer: 1911, RSSI: -27
2026-08-11 07:36:44,ID: 166,ID2: 169, Timer: 1918, RSSI: -24
2026-08-11 07:36:44,ID: 166,ID2: 169, Timer: 1932, RSSI: -27
2026-08-11 07:36:44,ID: 166,ID2: 169, Timer: 1932, RSSI: -27
2026-08-11 07:36:44,ID: 166,ID2: 169, Timer: 1946, RSSI: -29
2026-08-11 07:36:44,ID: 166,ID2: 169, Timer: 1960, RSSI: -27
2026-08-11 07:36:44,ID: 166,ID2: 169, Timer: 1967, RSSI: -34
2026-08-11 07:36:44,ID: 166,ID2: 169, Timer: 1974, RSSI: -30
2026-08-11 07:36:44,ID: 166,ID2: 169, Timer: 1981, RSSI: -27
2026-08-11 07:36:44,ID: 166,ID2: 169, Timer: 1995, RSSI: -30
2026-08-11 07:36:44,ID: 166,ID2: 169, Timer: 2002, RSSI: -27
2026-08-11 07:36:44,ID: 166,ID2: 169, Timer: 2016, RSSI: -30
2026-08-11 07:36:44,ID: 166,ID2: 169, Timer: 2016, RSSI: -30
2026-08-11 07:36:44,ID: 166,ID2: 169, Timer: 2023, RSSI: -27
2026-08-11 07:36:44,ID: 166,ID2: 169, Timer: 2058, RSSI: -30
2026-08-11 07:36:44,ID: 166,ID2: 169, Timer: 2065, RSSI: -27
2026-08-11 07:36:44,ID: 166,ID2: 169, Timer: 2079, RSSI: -30
2026-08-11 07:36:44,ID: 166,ID2: 169, Timer: 2086, RSSI: -27
2026-08-11 07:36:44,ID: 166,ID2: 169, Timer: 2100, RSSI: -30
2026-08-11 07:36:44,ID: 166,ID2: 169, Timer: 2100, RSSI: -30
2026-08-11 07:36:44,ID: 166,ID2: 169, Timer: 2128, RSSI: -27
2026-08-11 07:36:44,ID: 166,ID2: 169, Timer: 2142, RSSI: -30
2026-08-11 07:36:44,ID: 166,ID2: 169, Timer: 2142, RSSI: -30
2026-08-11 07:36:44,ID: 166,ID2: 169, Timer: 2156, RSSI: -34
2026-08-11 07:36:44,ID: 166,ID2: 169, Timer: 2177, RSSI: -34
2026-08-11 07:36:44,ID: 166,ID2: 169, Timer: 2184, RSSI: -30
2026-08-11 07:36:44,ID: 166,ID2: 169, Timer: 2184, RSSI: -30
2026-08-11 07:36:44,ID: 166,ID2: 169, Timer: 2191, RSSI: -27
2026-08-11 07:36:44,ID: 166,ID2: 169, Timer: 2205, RSSI: -30
2026-08-11 07:36:44,ID: 166,ID2: 169, Timer: 2212, RSSI: -27
2026-08-11 07:36:44,ID: 166,ID2: 169, Timer: 2219, RSSI: -34
2026-08-11 07:36:44,ID: 166,ID2: 169, Timer: 2226, RSSI: -30
2026-08-11 07:36:44,ID: 166,ID2: 169, Timer: 2226, RSSI: -30
2026-08-11 07:36:44,ID: 166,ID2: 169, Timer: 2240, RSSI: -34
2026-08-11 07:36:44,ID: 166,ID2: 169, Timer: 2254, RSSI: -27
2026-08-11 07:36:44,ID: 166,ID2: 169, Timer: 2268, RSSI: -30
2026-08-11 07:36:44,ID: 166,ID2: 169, Timer: 2275, RSSI: -27
2026-08-11 07:36:44,ID: 166,ID2: 169, Timer: 2289, RSSI: -30
2026-08-11 07:36:44,ID: 166,ID2: 169, Timer: 2303, RSSI: -34
2026-08-11 07:36:44,ID: 166,ID2: 169, Timer: 2310, RSSI: -30
2026-08-11 07:36:44,ID: 166,ID2: 169, Timer: 2324, RSSI: -34
2026-08-11 07:36:44,ID: 166,ID2: 169, Timer: 2331, RSSI: -30
2026-08-11 07:36:44,ID: 166,ID2: 169, Timer: 2352, RSSI: -30
2026-08-11 07:36:44,ID: 166,ID2: 169, Timer: 2352, RSSI: -30
2026-08-11 07:36:44,ID: 166,ID2: 169, Timer: 2366, RSSI: -34
2026-08-11 07:36:44,ID: 166,ID2: 169, Timer: 2373, RSSI: -30
2026-08-11 07:36:44,ID: 166,ID2: 169, Timer: 2394, RSSI: -30
2026-08-11 07:36:44,ID: 166,ID2: 169, Timer: 2394, RSSI: -30
2026-08-11 07:36:44,ID: 166,ID2: 169, Timer: 2401, RSSI: -27
2026-08-11 07:36:44,ID: 166,ID2: 169, Timer: 2429, RSSI: -34
2026-08-11 07:36:44,ID: 166,ID2: 169, Timer: 2478, RSSI: -30
2026-08-11 07:36:44,ID: 166,ID2: 169, Timer: 2506, RSSI: -27
2026-08-11 07:36:44,ID: 166,ID2: 169, Timer: 2520, RSSI: -30
2026-08-11 07:36:44,ID: 166,ID2: 169, Timer: 2534, RSSI: -34
2026-08-11 07:36:44,ID: 166,ID2: 169, Timer: 2541, RSSI: -30
2026-08-11 07:36:44,ID: 166,ID2: 169, Timer: 2562, RSSI: -30
2026-08-11 07:36:44,ID: 166,ID2: 169, Timer: 2562, RSSI: -30
2026-08-11 07:36:44,ID: 166,ID2: 169, Timer: 2569, RSSI: -27
2026-08-11 07:36:44,ID: 166,ID2: 169, Timer: 2583, RSSI: -30
2026-08-11 07:36:44,ID: 166,ID2: 169, Timer: 2590, RSSI: -27
2026-08-11 07:36:44,ID: 166,ID2: 169, Timer: 2604, RSSI: -30
2026-08-11 07:36:44,ID: 166,ID2: 169, Timer: 2611, RSSI: -27
2026-08-11 07:36:44,ID: 166,ID2: 169, Timer: 2646, RSSI: -30
2026-08-11 07:36:44,ID: 166,ID2: 169, Timer: 2653, RSSI: -27
2026-08-11 07:36:44,ID: 166,ID2: 169, Timer: 2660, RSSI: -34
2026-08-11 07:36:44,ID: 166,ID2: 169, Timer: 2688, RSSI: -30
2026-08-11 07:36:44,ID: 166,ID2: 169, Timer: 2709, RSSI: -30
2026-08-11 07:36:44,ID: 166,ID2: 169, Timer: 2716, RSSI: -27
2026-08-11 07:36:44,ID: 166,ID2: 169, Timer: 2723, RSSI: -34
2026-08-11 07:36:44,ID: 166,ID2: 169, Timer: 2730, RSSI: -30
2026-08-11 07:36:44,ID: 166,ID2: 169, Timer: 2737, RSSI: -27
2026-08-11 07:36:44,ID: 166,ID2: 169, Timer: 2744, RSSI: -34
2026-08-11 07:36:44,ID: 166,ID2: 169, Timer: 2751, RSSI: -30
2026-08-11 07:36:44,ID: 166,ID2: 169, Timer: 2758, RSSI: -27
2026-08-11 07:36:44,ID: 166,ID2: 169, Timer: 2765, RSSI: -34
2026-08-11 07:36:44,ID: 166,ID2: 169, Timer: 2772, RSSI: -30
2026-08-11 07:36:44,ID: 166,ID2: 169, Timer: 2779, RSSI: -27
2026-08-11 07:36:44,ID: 166,ID2: 169, Timer: 2786, RSSI: -34
2026-08-11 07:36:44,ID: 166,ID2: 169, Timer: 2800, RSSI: -27
2026-08-11 07:36:44,ID: 166,ID2: 169, Timer: 2807, RSSI: -34
2026-08-11 07:36:44,ID: 166,ID2: 169, Timer: 2821, RSSI: -27
2026-08-11 07:36:44,ID: 166,ID2: 169, Timer: 2828, RSSI: -34
2026-08-11 07:36:44,ID: 166,ID2: 169, Timer: 2856, RSSI: -30
2026-08-11 07:36:44,ID: 166,ID2: 169, Timer: 2863, RSSI: -27
2026-08-11 07:36:44,ID: 166,ID2: 169, Timer: 2870, RSSI: -34
2026-08-11 07:36:44,ID: 166,ID2: 169, Timer: 2877, RSSI: -30
2026-08-11 07:36:44,ID: 166,ID2: 169, Timer: 2898, RSSI: -30
2026-08-11 07:36:44,ID: 166,ID2: 169, Timer: 2912, RSSI: -34
2026-08-11 07:36:44,ID: 166,ID2: 169, Timer: 2919, RSSI: -30
2026-08-11 07:36:44,ID: 166,ID2: 169, Timer: 2940, RSSI: -30
2026-08-11 07:36:44,ID: 166,ID2: 169, Timer: 2947, RSSI: -27
2026-08-11 07:36:44,ID: 166,ID2: 169, Timer: 2961, RSSI: -30
2026-08-11 07:36:44,ID: 166,ID2: 169, Timer: 2968, RSSI: -27
2026-08-11 07:36:44,ID: 166,ID2: 169, Timer: 2982, RSSI: -30
2026-08-11 07:36:44,ID: 166,ID2: 169, Timer: 2989, RSSI: -27
2026-08-11 07:36:44,ID: 166,ID2: 169, Timer: 3010, RSSI: -27
2026-08-11 07:36:44,ID: 166,ID2: 169, Timer: 3017, RSSI: -34
2026-08-11 07:36:44,ID: 166,ID2: 169, Timer: 3024, RSSI: -30
2026-08-11 07:36:44,ID: 166,ID2: 169, Timer: 3038, RSSI: -34
2026-08-11 07:36:44,ID: 166,ID2: 169, Timer: 3059, RSSI: -34
2026-08-11 07:36:44,ID: 166,ID2: 169, Timer: 3066, RSSI: -30
2026-08-11 07:36:44,ID: 166,ID2: 169, Timer: 3080, RSSI: -34
2026-08-11 07:36:44,ID: 166,ID2: 169, Timer: 3094, RSSI: -27
2026-08-11 07:36:44,ID: 166,ID2: 169, Timer: 3101, RSSI: -34
2026-08-11 07:36:44,ID: 166,ID2: 169, Timer: 3108, RSSI: -30
2026-08-11 07:36:44,ID: 166,ID2: 169, Timer: 3108, RSSI: -30
2026-08-11 07:36:44,ID: 166,ID2: 169, Timer: 3150, RSSI: -30
2026-08-11 07:36:44,ID: 166,ID2: 169, Timer: 3157, RSSI: -27
2026-08-11 07:36:44,ID: 166,ID2: 169, Timer: 3164, RSSI: -34
2026-08-11 07:36:44,ID: 166,ID2: 169, Timer: 3178, RSSI: -27
2026-08-11 07:36:44,ID: 166,ID2: 169, Timer: 3192, RSSI: -30
2026-08-11 07:36:44,ID: 166,ID2: 169, Timer: 3199, RSSI: -27
2026-08-11 07:36:44,ID: 166,ID2: 169, Timer: 3213, RSSI: -30
2026-08-11 07:36:44,ID: 166,ID2: 169, Timer: 3234, RSSI: -30
2026-08-11 07:36:44,ID: 166,ID2: 169, Timer: 3248, RSSI: -34
2026-08-11 07:36:44,ID: 166,ID2: 169, Timer: 3269, RSSI: -34
2026-08-11 07:36:44,ID: 166,ID2: 169, Timer: 3276, RSSI: -30
2026-08-11 07:36:44,ID: 166,ID2: 169, Timer: 3276, RSSI: -30
2026-08-11 07:36:44,ID: 166,ID2: 169, Timer: 3290, RSSI: -34
2026-08-11 07:36:44,ID: 166,ID2: 169, Timer: 3311, RSSI: -34
2026-08-11 07:36:44,ID: 166,ID2: 169, Timer: 3318, RSSI: -30
2026-08-11 07:36:44,ID: 166,ID2: 169, Timer: 3325, RSSI: -27
2026-08-11 07:36:44,ID: 166,ID2: 169, Timer: 3339, RSSI: -30
2026-08-11 07:36:44,ID: 166,ID2: 169, Timer: 3346, RSSI: -27
2026-08-11 07:36:44,ID: 166,ID2: 169, Timer: 3353, RSSI: -34
2026-08-11 07:36:44,ID: 166,ID2: 169, Timer: 3360, RSSI: -30
2026-08-11 07:36:44,ID: 166,ID2: 169, Timer: 3360, RSSI: -30
2026-08-11 07:36:44,ID: 166,ID2: 169, Timer: 3367, RSSI: -27
2026-08-11 07:36:44,ID: 166,ID2: 169, Timer: 3374, RSSI: -34
2026-08-11 07:36:44,ID: 166,ID2: 169, Timer: 3381, RSSI: -30
2026-08-11 07:36:44,ID: 166,ID2: 169, Timer: 3388, RSSI: -27
2026-08-11 07:36:44,ID: 166,ID2: 169, Timer: 3402, RSSI: -30
2026-08-11 07:36:44,ID: 166,ID2: 169, Timer: 3430, RSSI: -27
2026-08-11 07:36:44,ID: 166,ID2: 169, Timer: 3444, RSSI: -30
2026-08-11 07:36:44,ID: 166,ID2: 169, Timer: 3465, RSSI: -30
2026-08-11 07:36:44,ID: 166,ID2: 169, Timer: 3486, RSSI: -30
2026-08-11 07:36:44,ID: 166,ID2: 169, Timer: 3514, RSSI: -27
2026-08-11 07:36:44,ID: 166,ID2: 169, Timer: 3521, RSSI: -34
2026-08-11 07:36:44,ID: 166,ID2: 169, Timer: 3528, RSSI: -30
2026-08-11 07:36:44,ID: 166,ID2: 169, Timer: 3535, RSSI: -27
2026-08-11 07:36:44,ID: 166,ID2: 169, Timer: 3542, RSSI: -34
2026-08-11 07:36:44,ID: 166,ID2: 169, Timer: 3563, RSSI: -34
2026-08-11 07:36:44,ID: 166,ID2: 169, Timer: 3570, RSSI: -30
2026-08-11 07:36:44,ID: 166,ID2: 169, Timer: 3605, RSSI: -34
2026-08-11 07:36:44,ID: 166,ID2: 169, Timer: 3612, RSSI: -30
2026-08-11 07:36:44,ID: 166,ID2: 169, Timer: 3633, RSSI: -30
2026-08-11 07:36:44,ID: 166,ID2: 169, Timer: 3654, RSSI: -30
2026-08-11 07:36:44,ID: 166,ID2: 169, Timer: 3675, RSSI: -30
2026-08-11 07:36:44,ID: 166,ID2: 169, Timer: 3689, RSSI: -34
2026-08-11 07:36:44,ID: 166,ID2: 169, Timer: 3696, RSSI: -30
2026-08-11 07:36:44,ID: 166,ID2: 169, Timer: 3703, RSSI: -27
2026-08-11 07:36:44,ID: 166,ID2: 169, Timer: 3710, RSSI: -34
2026-08-11 07:36:44,ID: 166,ID2: 169, Timer: 3731, RSSI: -34
2026-08-11 07:36:44,ID: 166,ID2: 169, Timer: 3738, RSSI: -30
2026-08-11 07:36:44,ID: 166,ID2: 169, Timer: 3745, RSSI: -27
2026-08-11 07:36:44,ID: 166,ID2: 169, Timer: 3752, RSSI: -34
2026-08-11 07:36:44,ID: 166,ID2: 169, Timer: 3780, RSSI: -30
2026-08-11 07:36:44,ID: 166,ID2: 169, Timer: 3787, RSSI: -27
2026-08-11 07:36:44,ID: 166,ID2: 169, Timer: 3815, RSSI: -34
2026-08-11 07:36:44,ID: 166,ID2: 169, Timer: 3822, RSSI: -30
2026-08-11 07:36:44,ID: 166,ID2: 169, Timer: 3829, RSSI: -27
2026-08-11 07:36:44,ID: 166,ID2: 169, Timer: 3836, RSSI: -34
2026-08-11 07:36:44,ID: 166,ID2: 169, Timer: 3843, RSSI: -30
2026-08-11 07:36:44,ID: 166,ID2: 169, Timer: 3864, RSSI: -30
2026-08-11 07:36:44,ID: 166,ID2: 169, Timer: 3871, RSSI: -27
2026-08-11 07:36:44,ID: 166,ID2: 169, Timer: 3878, RSSI: -34
2026-08-11 07:36:44,ID: 166,ID2: 169, Timer: 3885, RSSI: -30
2026-08-11 07:36:44,ID: 166,ID2: 169, Timer: 3906, RSSI: -30
2026-08-11 07:36:44,ID: 166,ID2: 169, Timer: 3920, RSSI: -34
2026-08-11 07:36:44,ID: 166,ID2: 169, Timer: 3941, RSSI: -34
2026-08-11 07:36:44,ID: 166,ID2: 169, Timer: 3948, RSSI: -30
2026-08-11 07:36:44,ID: 166,ID2: 169, Timer: 3983, RSSI: -34
2026-08-11 07:36:44,ID: 166,ID2: 169, Timer: 4018, RSSI: -27
2026-08-11 07:36:44,ID: 166,ID2: 169, Timer: 4032, RSSI: -30
2026-08-11 07:36:44,ID: 166,ID2: 169, Timer: 4032, RSSI: -30
2026-08-11 07:36:44,ID: 166,ID2: 169, Timer: 4060, RSSI: -27
2026-08-11 07:36:44,ID: 166,ID2: 169, Timer: 4074, RSSI: -30
2026-08-11 07:36:44,ID: 166,ID2: 169, Timer: 4116, RSSI: -30
2026-08-11 07:36:44,ID: 166,ID2: 169, Timer: 4130, RSSI: -34
2026-08-11 07:36:44,ID: 166,ID2: 169, Timer: 4137, RSSI: -30
2026-08-11 07:36:44,ID: 166,ID2: 169, Timer: 4158, RSSI: -30
2026-08-11 07:36:44,ID: 166,ID2: 169, Timer: 4200, RSSI: -30
2026-08-11 07:36:44,ID: 166,ID2: 169, Timer: 4207, RSSI: -27
2026-08-11 07:36:44,ID: 166,ID2: 169, Timer: 4221, RSSI: -30
2026-08-11 07:36:44,ID: 166,ID2: 169, Timer: 4242, RSSI: -30
2026-08-11 07:36:44,ID: 166,ID2: 169, Timer: 4249, RSSI: -27
2026-08-11 07:36:44,ID: 166,ID2: 169, Timer: 4291, RSSI: -27
2026-08-11 07:36:44,ID: 166,ID2: 169, Timer: 4298, RSSI: -34
2026-08-11 07:36:44,ID: 166,ID2: 169, Timer: 4305, RSSI: -30
2026-08-11 07:36:44,ID: 166,ID2: 169, Timer: 4312, RSSI: -27
2026-08-11 07:36:44,ID: 166,ID2: 169, Timer: 4319, RSSI: -34
2026-08-11 07:36:44,ID: 166,ID2: 169, Timer: 4326, RSSI: -30
2026-08-11 07:36:44,ID: 166,ID2: 169, Timer: 4326, RSSI: -30
2026-08-11 07:36:44,ID: 166,ID2: 169, Timer: 4333, RSSI: -27
2026-08-11 07:36:44,ID: 166,ID2: 169, Timer: 4340, RSSI: -34
2026-08-11 07:36:44,ID: 166,ID2: 169, Timer: 4347, RSSI: -30
2026-08-11 07:36:44,ID: 166,ID2: 169, Timer: 4354, RSSI: -27
2026-08-11 07:36:44,ID: 166,ID2: 169, Timer: 4368, RSSI: -30
2026-08-11 07:36:44,ID: 166,ID2: 169, Timer: 4403, RSSI: -34
2026-08-11 07:36:44,ID: 166,ID2: 169, Timer: 4410, RSSI: -30
2026-08-11 07:36:44,ID: 166,ID2: 169, Timer: 4410, RSSI: -30
2026-08-11 07:36:44,ID: 166,ID2: 169, Timer: 4424, RSSI: -34
2026-08-11 07:36:44,ID: 166,ID2: 169, Timer: 4452, RSSI: -30
2026-08-11 07:36:44,ID: 166,ID2: 169, Timer: 4459, RSSI: -27
2026-08-11 07:36:44,ID: 166,ID2: 169, Timer: 4466, RSSI: -34
2026-08-11 07:36:44,ID: 166,ID2: 169, Timer: 4473, RSSI: -30
2026-08-11 07:36:44,ID: 166,ID2: 169, Timer: 4494, RSSI: -30
2026-08-11 07:36:44,ID: 166,ID2: 169, Timer: 4501, RSSI: -27
2026-08-11 07:36:44,ID: 166,ID2: 169, Timer: 4508, RSSI: -34
2026-08-11 07:36:44,ID: 166,ID2: 169, Timer: 4515, RSSI: -30
2026-08-11 07:36:44,ID: 166,ID2: 169, Timer: 4536, RSSI: -30
2026-08-11 07:36:44,ID: 166,ID2: 169, Timer: 4557, RSSI: -30
2026-08-11 07:36:44,ID: 166,ID2: 169, Timer: 4578, RSSI: -30
2026-08-11 07:36:44,ID: 166,ID2: 169, Timer: 4578, RSSI: -30
2026-08-11 07:36:44,ID: 166,ID2: 169, Timer: 4620, RSSI: -30
2026-08-11 07:36:44,ID: 166,ID2: 169, Timer: 4627, RSSI: -27
2026-08-11 07:36:44,ID: 166,ID2: 169, Timer: 4641, RSSI: -30
2026-08-11 07:36:44,ID: 166,ID2: 169, Timer: 4648, RSSI: -27
2026-08-11 07:36:44,ID: 166,ID2: 169, Timer: 4662, RSSI: -30
2026-08-11 07:36:44,ID: 166,ID2: 169, Timer: 4676, RSSI: -34
2026-08-11 07:36:44,ID: 166,ID2: 169, Timer: 4683, RSSI: -30
2026-08-11 07:36:44,ID: 166,ID2: 169, Timer: 4690, RSSI: -27
2026-08-11 07:36:44,ID: 166,ID2: 169, Timer: 4704, RSSI: -30
2026-08-11 07:36:44,ID: 166,ID2: 169, Timer: 4704, RSSI: -30
2026-08-11 07:36:44,ID: 166,ID2: 169, Timer: 4732, RSSI: -27
2026-08-11 07:36:44,ID: 166,ID2: 169, Timer: 4739, RSSI: -34
2026-08-11 07:36:44,ID: 166,ID2: 169, Timer: 4746, RSSI: -30
2026-08-11 07:36:44,ID: 166,ID2: 169, Timer: 4774, RSSI: -27
2026-08-11 07:36:44,ID: 166,ID2: 169, Timer: 4781, RSSI: -34
2026-08-11 07:36:44,ID: 166,ID2: 169, Timer: 4788, RSSI: -30
2026-08-11 07:36:44,ID: 166,ID2: 169, Timer: 4809, RSSI: -30
2026-08-11 07:36:44,ID: 166,ID2: 169, Timer: 4823, RSSI: -34
2026-08-11 07:36:44,ID: 166,ID2: 169, Timer: 4830, RSSI: -30
2026-08-11 07:36:44,ID: 166,ID2: 169, Timer: 4872, RSSI: -30
2026-08-11 07:36:44,ID: 166,ID2: 169, Timer: 4879, RSSI: -27
2026-08-11 07:36:44,ID: 166,ID2: 169, Timer: 4886, RSSI: -34
2026-08-11 07:36:44,ID: 166,ID2: 169, Timer: 4893, RSSI: -30
2026-08-11 07:36:44,ID: 166,ID2: 169, Timer: 4928, RSSI: -34
2026-08-11 07:36:44,ID: 166,ID2: 169, Timer: 4956, RSSI: -30
2026-08-11 07:36:44,ID: 166,ID2: 169, Timer: 4970, RSSI: -34
2026-08-11 07:36:44,ID: 166,ID2: 169, Timer: 4977, RSSI: -30
2026-08-11 07:36:44,ID: 166,ID2: 169, Timer: 4998, RSSI: -30
2026-08-11 07:36:44,ID: 166,ID2: 169, Timer: 5026, RSSI: -27
2026-08-11 07:36:44,ID: 166,ID2: 169, Timer: 5033, RSSI: -34
2026-08-11 07:36:44,ID: 166,ID2: 169, Timer: 5040, RSSI: -30
2026-08-11 07:36:44,ID: 166,ID2: 169, Timer: 5054, RSSI: -34
2026-08-11 07:36:44,ID: 166,ID2: 169, Timer: 5061, RSSI: -30
2026-08-11 07:36:44,ID: 166,ID2: 169, Timer: 5082, RSSI: -30
2026-08-11 07:36:44,ID: 166,ID2: 169, Timer: 5089, RSSI: -27
2026-08-11 07:36:44,ID: 166,ID2: 169, Timer: 5110, RSSI: -27
2026-08-11 07:36:44,ID: 166,ID2: 169, Timer: 5124, RSSI: -30
2026-08-11 07:36:44,ID: 166,ID2: 169, Timer: 5138, RSSI: -34
2026-08-11 07:36:44,ID: 166,ID2: 169, Timer: 5145, RSSI: -30
2026-08-11 07:36:44,ID: 166,ID2: 169, Timer: 5152, RSSI: -27
2026-08-11 07:36:44,ID: 166,ID2: 169, Timer: 5159, RSSI: -34
2026-08-11 07:36:44,ID: 166,ID2: 169, Timer: 5166, RSSI: -30
2026-08-11 07:36:44,ID: 166,ID2: 169, Timer: 5173, RSSI: -27
2026-08-11 07:36:44,ID: 166,ID2: 169, Timer: 5180, RSSI: -34
2026-08-11 07:36:44,ID: 166,ID2: 169, Timer: 5187, RSSI: -30
2026-08-11 07:36:44,ID: 166,ID2: 169, Timer: 5194, RSSI: -27
2026-08-11 07:36:44,ID: 166,ID2: 169, Timer: 5208, RSSI: -30
2026-08-11 07:36:44,ID: 166,ID2: 169, Timer: 5208, RSSI: -30
2026-08-11 07:36:44,ID: 166,ID2: 169, Timer: 5243, RSSI: -34
2026-08-11 07:36:44,ID: 166,ID2: 169, Timer: 5244, RSSI: -30
2026-08-11 07:36:44,ID: 166,ID2: 169, Timer: 5845, RSSI: -34
2026-08-11 07:36:44,ID: 166,ID2: 169, Timer: 6145, RSSI: -30
2026-08-11 07:36:44,ID: 166,ID2: 169, Timer: 6445, RSSI: -27
2026-08-11 07:36:44,ID: 166,ID2: 169, Timer: 6745, RSSI: -34
2026-08-11 07:36:44,ID: 166,ID2: 169, Timer: 7045, RSSI: -30
2026-08-11 07:36:44,ID: 166,ID2: 169, Timer: 7345, RSSI: -27
2026-08-11 07:36:44,ID: 166,ID2: 169, Timer: 7645, RSSI: -34
2026-08-11 07:36:44,ID: 166,ID2: 169, Timer: 7945, RSSI: -30
2026-08-11 07:36:44,ID: 166,ID2: 169, Timer: 8245, RSSI: -27
2026-08-11 07:36:44,ID: 166,ID2: 169, Timer: 8545, RSSI: -34
2026-08-11 07:36:44,ID: 166,ID2: 169, Timer: 8845, RSSI: -30
2026-08-11 07:36:44,ID: 166,ID2: 169, Timer: 9146, RSSI: -27
2026-08-11 07:36:44,ID: 166,ID2: 169, Timer: 9446, RSSI: -34
2026-08-11 07:36:44,ID: 166,ID2: 169, Timer: 9746, RSSI: -30
2026-08-11 07:36:44,ID: 166,ID2: 169, Timer: 10046, RSSI: -27
2026-08-11 07:36:44,ID: 166,ID2: 169, Timer: 10346, RSSI: -34
2026-08-11 07:36:44,ID: 166,ID2: 169, Timer: 10646, RSSI: -30
2026-08-11 07:36:44,ID: 166,ID2: 169, Timer: 10946, RSSI: -27
2026-08-11 07:36:44,ID: 166,ID2: 169, Timer: 11246, RSSI: -34
2026-08-11 07:36:44,ID: 166,ID2: 169, Timer: 11546, RSSI: -30
2026-08-11 07:36:44,ID: 166,ID2: 169, Timer: 11847, RSSI: -27
2026-08-11 07:36:44,ID: 166,ID2: 169, Timer: 12147, RSSI: -34
2026-08-11 07:36:44,ID: 166,ID2: 169, Timer: 12447, RSSI: -30
2026-08-11 07:36:44,ID: 166,ID2: 169, Timer: 12747, RSSI: -27
2026-08-11 07:36:44,ID: 166,ID2: 169, Timer: 13047, RSSI: -34
2026-08-11 07:36:44,ID: 166,ID2: 169, Timer: 13347, RSSI: -30
2026-08-11 07:36:44,ID: 166,ID2: 169, Timer: 13647, RSSI: -27
2026-08-11 07:36:44,ID: 166,ID2: 169, Timer: 13947, RSSI: -34
2026-08-11 07:36:44,ID: 166,ID2: 169, Timer: 14247, RSSI: -30
2026-08-11 07:36:44,ID: 166,ID2: 169, Timer: 14547, RSSI: -27
2026-08-11 07:36:44,ID: 166,ID2: 169, Timer: 14848, RSSI: -34
2026-08-11 07:36:44,ID: 166,ID2: 169, Timer: 15148, RSSI: -30
2026-08-11 07:36:44,ID: 166,ID2: 169, Timer: 15448, RSSI: -27
2026-08-11 07:36:44,ID: 166,ID2: 169, Timer: 15448, RSSI: -27
2026-08-11 07:36:44,ID: 166,ID2: 169, Timer: 16048, RSSI: -30
2026-08-11 07:36:44,ID: 166,ID2: 169, Timer: 16348, RSSI: -27
2026-08-11 07:36:44,ID: 166,ID2: 169, Timer: 16648, RSSI: -34
2026-08-11 07:36:44,ID: 166,ID2: 169, Timer: 16948, RSSI: -30
2026-08-11 07:36:44,ID: 166,ID2: 169, Timer: 17248, RSSI: -27
2026-08-11 07:36:44,ID: 166,ID2: 169, Timer: 17548, RSSI: -34
2026-08-11 07:36:44,ID: 166,ID2: 169, Timer: 17849, RSSI: -30
2026-08-11 07:36:44,ID: 166,ID2: 169, Timer: 18149, RSSI: -30
2026-08-11 07:36:44,ID: 166,ID2: 169, Timer: 18449, RSSI: -34
2026-08-11 07:36:44,ID: 166,ID2: 169, Timer: 18749, RSSI: -30
2026-08-11 07:36:44,ID: 166,ID2: 169, Timer: 19049, RSSI: -27
2026-08-11 07:36:44,ID: 166,ID2: 169, Timer: 19349, RSSI: -34
2026-08-11 07:36:44,ID: 166,ID2: 169, Timer: 19649, RSSI: -30
2026-08-11 07:36:44,ID: 166,ID2: 169, Timer: 19949, RSSI: -27
2026-08-11 07:36:44,ID: 166,ID2: 169, Timer: 20249, RSSI: -34
2026-08-11 07:36:44,ID: 166,ID2: 169, Timer: 20850, RSSI: -27
2026-08-11 07:36:44,ID: 166,ID2: 169, Timer: 21150, RSSI: -34
2026-08-11 07:36:44,ID: 166,ID2: 169, Timer: 21450, RSSI: -30
2026-08-11 07:36:44,ID: 166,ID2: 169, Timer: 21750, RSSI: -27
2026-08-11 07:36:44,ID: 166,ID2: 169, Timer: 22050, RSSI: -34
2026-08-11 07:36:44,ID: 166,ID2: 169, Timer: 22350, RSSI: -30
2026-08-11 07:36:44,ID: 166,ID2: 169, Timer: 22650, RSSI: -27
2026-08-11 07:36:44,ID: 166,ID2: 169, Timer: 22950, RSSI: -34
2026-08-11 07:36:44,ID: 166,ID2: 169, Timer: 23250, RSSI: -30
2026-08-11 07:36:44,ID: 166,ID2: 169, Timer: 23551, RSSI: -27
2026-08-11 07:36:44,ID: 166,ID2: 169, Timer: 23851, RSSI: -34
2026-08-11 07:36:44,ID: 166,ID2: 169, Timer: 24151, RSSI: -30
2026-08-11 07:36:44,ID: 166,ID2: 169, Timer: 24451, RSSI: -27
2026-08-11 07:36:44,ID: 166,ID2: 169, Timer: 24751, RSSI: -34
2026-08-11 07:36:44,ID: 166,ID2: 169, Timer: 25051, RSSI: -30
2026-08-11 07:36:44,ID: 166,ID2: 169, Timer: 25651, RSSI: -34
2026-08-11 07:36:44,ID: 166,ID2: 169, Timer: 25951, RSSI: -30
2026-08-11 07:36:44,ID: 166,ID2: 169, Timer: 26251, RSSI: -27
2026-08-11 07:36:44,ID: 166,ID2: 169, Timer: 26552, RSSI: -34
2026-08-11 07:36:44,ID: 166,ID2: 169, Timer: 26852, RSSI: -30
2026-08-11 07:36:44,ID: 166,ID2: 169, Timer: 27152, RSSI: -27
2026-08-11 07:36:44,ID: 166,ID2: 169, Timer: 27452, RSSI: -34
2026-08-11 07:36:44,ID: 166,ID2: 169, Timer: 27752, RSSI: -30
2026-08-11 07:36:44,ID: 166,ID2: 169, Timer: 28052, RSSI: -27
2026-08-11 07:36:44,ID: 166,ID2: 169, Timer: 28352, RSSI: -27
2026-08-11 07:36:44,ID: 166,ID2: 169, Timer: 28652, RSSI: -30
2026-08-11 07:36:44,ID: 166,ID2: 169, Timer: 28952, RSSI: -27
2026-08-11 07:36:44,ID: 166,ID2: 169, Timer: 29253, RSSI: -34
2026-08-11 07:36:44,ID: 166,ID2: 169, Timer: 29553, RSSI: -30
2026-08-11 07:36:44,ID: 166,ID2: 169, Timer: 29853, RSSI: -27
2026-08-11 07:36:44,ID: 166,ID2: 169, Timer: 30153, RSSI: -34
2026-08-11 07:36:44,ID: 166,ID2: 169, Timer: 30453, RSSI: -30
2026-08-11 07:36:44,ID: 166,ID2: 169, Timer: 30753, RSSI: -27
2026-08-11 07:36:44,ID: 166,ID2: 169, Timer: 31053, RSSI: -34
2026-08-11 07:36:44,ID: 166,ID2: 169, Timer: 31353, RSSI: -30
2026-08-11 07:36:44,ID: 166,ID2: 169, Timer: 31653, RSSI: -27
2026-08-11 07:36:44,ID: 166,ID2: 169, Timer: 31953, RSSI: -34
2026-08-11 07:36:44,ID: 166,ID2: 169, Timer: 32254, RSSI: -30
2026-08-11 07:36:44,ID: 166,ID2: 169, Timer: 32554, RSSI: -27
2026-08-11 07:36:44,ID: 166,ID2: 169, Timer: 32854, RSSI: -34
2026-08-11 07:36:44,ID: 166,ID2: 169, Timer: 33154, RSSI: -30
2026-08-11 07:36:44,ID: 166,ID2: 169, Timer: 33454, RSSI: -27
2026-08-11 07:36:44,ID: 166,ID2: 169, Timer: 33754, RSSI: -34
2026-08-11 07:36:44,ID: 166,ID2: 169, Timer: 34054, RSSI: -30
2026-08-11 07:36:44,ID: 166,ID2: 169, Timer: 34354, RSSI: -27
2026-08-11 07:36:44,ID: 166,ID2: 169, Timer: 34566, RSSI: -29
2026-08-11 07:36:44,ID: 166,ID2: 169, Timer: 34574, RSSI: -24
2026-08-11 07:36:44,ID: 166,ID2: 169, Timer: 34580, RSSI: -22
2026-08-11 07:36:44,ID: 166,Eco Session Enter: 5244, Leave: 34559
2026-08-11 07:36:45,ID: 166,Current Timer: 34584
2026-08-11 07:36:45,ID: 166,Contact Count: 0
2026-08-11 07:36:45,ID: 166,Voltage: 2854
2026-08-11 07:36:45,ID: 166,Current Timer: 34584
2026-08-11 07:36:45,ID: 166,Contact Count: 0
2026-08-11 07:36:45,ID: 166,Voltage: 2854
2026-08-11 07:36:46,ID: 166,Current Timer: 34585
2026-08-11 07:36:46,ID: 166,Contact Count: 0
2026-08-11 07:36:46,ID: 166,Voltage: 2854
2026-08-11 07:36:46,ID: 166,Current Timer: 34585
2026-08-11 07:36:46,ID: 166,Contact Count: 0
2026-08-11 07:36:46,ID: 166,Voltage: 2854
2026-08-11 07:36:46,ID: 166,Current Timer: 34586
2026-08-11 07:36:46,ID: 166,Contact Count: 0
2026-08-11 07:36:46,ID: 166,Voltage: 2854
2026-08-11 07:36:47,ID: 166,Current Timer: 34586
2026-08-11 07:36:47,ID: 166,Contact Count: 0
2026-08-11 07:36:47,ID: 166,Voltage: 2854
2026-08-11 07:36:47,ID: 166,Current Timer: 34587
2026-08-11 07:36:47,ID: 166,Contact Count: 0
2026-08-11 07:36:47,ID: 166,Voltage: 2854
2026-08-11 07:36:48,ID: 166,Current Timer: 34587
2026-08-11 07:36:48,ID: 166,Contact Count: 0
2026-08-11 07:36:48,ID: 166,Voltage: 2854
2026-08-11 07:36:48,ID: 166,Current Timer: 34588
2026-08-11 07:36:48,ID: 166,Contact Count: 0
2026-08-11 07:36:48,ID: 166,Voltage: 2854
2026-08-11 07:36:49,ID: 166,Current Timer: 34588
2026-08-11 07:36:49,ID: 166,Contact Count: 0
2026-08-11 07:36:49,ID: 166,Voltage: 2854
2026-08-11 07:36:49,ID: 169,Current Timer: 32632
2026-08-11 07:36:49,ID: 169,Contact Count: 0
2026-08-11 07:36:49,ID: 169,Voltage: 2926
2026-08-11 07:36:50,ID: 169,Current Timer: 32632
2026-08-11 07:36:50,ID: 169,Contact Count: 0
2026-08-11 07:36:50,ID: 169,Voltage: 2926
2026-08-11 07:36:50,ID: 166,Current Timer: 34590
2026-08-11 07:36:50,ID: 166,Contact Count: 0
2026-08-11 07:36:50,ID: 166,Voltage: 2854
2026-08-11 07:36:51,ID: 166,Current Timer: 34590
2026-08-11 07:36:51,ID: 166,Contact Count: 0
2026-08-11 07:36:51,ID: 166,Voltage: 2854
2026-08-11 07:36:51,ID: 166,Current Timer: 34591
2026-08-11 07:36:51,ID: 166,Contact Count: 0
2026-08-11 07:36:51,ID: 166,Voltage: 2854
2026-08-11 07:36:52,ID: 166,Current Timer: 34591
2026-08-11 07:36:52,ID: 166,Contact Count: 0
2026-08-11 07:36:52,ID: 166,Voltage: 2854
2026-08-11 07:36:52,ID: 166,Current Timer: 34591
2026-08-11 07:36:52,ID: 166,Contact Count: 0
2026-08-11 07:36:52,ID: 166,Voltage: 2854
2026-08-11 07:36:53,ID: 166,Current Timer: 34592
2026-08-11 07:36:53,ID: 166,Contact Count: 0
2026-08-11 07:36:53,ID: 166,Voltage: 2854
2026-08-11 07:36:53,ID: 166,Current Timer: 34592
2026-08-11 07:36:53,ID: 166,Contact Count: 0
2026-08-11 07:36:53,ID: 166,Voltage: 2854
2026-08-11 07:59:12,ID: 169,Current Timer: 598
2026-08-11 07:59:12,ID: 169,Contact Count: 15
2026-08-11 07:59:12,ID: 169,Voltage: 2900
2026-08-11 07:59:12,ID: 169,ID2: 253, Timer: 7, RSSI: -36
2026-08-11 07:59:12,ID: 169,ID2: 253, Timer: 21, RSSI: -43
2026-08-11 07:59:12,ID: 169,ID2: 166, Timer: 28, RSSI: -32
2026-08-11 07:59:12,ID: 169,ID2: 253, Timer: 28, RSSI: -43
2026-08-11 07:59:12,ID: 169,ID2: 166, Timer: 42, RSSI: -34
2026-08-11 07:59:12,ID: 169,ID2: 253, Timer: 42, RSSI: -43
2026-08-11 07:59:12,ID: 169,ID2: 166, Timer: 42, RSSI: -34
2026-08-11 07:59:12,ID: 169,ID2: 166, Timer: 49, RSSI: -32
2026-08-11 07:59:12,ID: 169,ID2: 166, Timer: 84, RSSI: -34
2026-08-11 07:59:12,ID: 169,ID2: 166, Timer: 105, RSSI: -34
2026-08-11 07:59:12,ID: 169,ID2: 166, Timer: 112, RSSI: -32
2026-08-11 07:59:12,ID: 169,ID2: 166, Timer: 119, RSSI: -29
2026-08-11 07:59:12,ID: 169,ID2: 166, Timer: 126, RSSI: -34
2026-08-11 07:59:12,ID: 169,ID2: 166, Timer: 133, RSSI: -32
2026-08-11 07:59:12,ID: 169,ID2: 166, Timer: 134, RSSI: -29
2026-08-11 07:59:12,ID: 169,Eco Session Enter: 134, Leave: 594
2026-08-11 07:59:13,ID: 169,Current Timer: 599
2026-08-11 07:59:13,ID: 169,Contact Count: 0
2026-08-11 07:59:13,ID: 169,Voltage: 2900
2026-08-11 07:59:13,ID: 169,Current Timer: 599
2026-08-11 07:59:13,ID: 169,Contact Count: 0
2026-08-11 07:59:13,ID: 169,Voltage: 2900
2026-08-11 07:59:14,ID: 169,Current Timer: 600
2026-08-11 07:59:14,ID: 169,Contact Count: 0
2026-08-11 07:59:14,ID: 169,Voltage: 2900
2026-08-11 07:59:14,ID: 169,Current Timer: 600
2026-08-11 07:59:14,ID: 169,Contact Count: 0
2026-08-11 07:59:14,ID: 169,Voltage: 2900
2026-08-11 07:59:15,ID: 169,Current Timer: 601
2026-08-11 07:59:15,ID: 169,Contact Count: 0
2026-08-11 07:59:15,ID: 169,Voltage: 2900
2026-08-11 07:59:15,ID: 169,Current Timer: 601
2026-08-11 07:59:15,ID: 169,Contact Count: 0
2026-08-11 07:59:15,ID: 169,Voltage: 2900
2026-08-11 07:59:15,ID: 169,Current Timer: 601
2026-08-11 07:59:15,ID: 169,Contact Count: 0
2026-08-11 07:59:15,ID: 169,Voltage: 2900
2026-08-11 07:59:16,ID: 166,Current Timer: 35936
2026-08-11 07:59:16,ID: 166,Contact Count: 131
2026-08-11 07:59:16,ID: 166,Voltage: 2854
2026-08-11 07:59:16,ID: 166,ID2: 169, Timer: 34595, RSSI: -24
2026-08-11 07:59:16,ID: 166,ID2: 169, Timer: 34602, RSSI: -22
2026-08-11 07:59:16,ID: 166,ID2: 169, Timer: 34637, RSSI: -24
2026-08-11 07:59:16,ID: 166,ID2: 169, Timer: 34644, RSSI: -22
2026-08-11 07:59:16,ID: 166,ID2: 169, Timer: 34650, RSSI: -29
2026-08-11 07:59:16,ID: 166,ID2: 169, Timer: 34657, RSSI: -24
2026-08-11 07:59:16,ID: 166,ID2: 169, Timer: 34671, RSSI: -29
2026-08-11 07:59:16,ID: 166,ID2: 169, Timer: 34686, RSSI: -22
2026-08-11 07:59:16,ID: 166,ID2: 169, Timer: 34693, RSSI: -29
2026-08-11 07:59:16,ID: 166,ID2: 169, Timer: 34707, RSSI: -22
2026-08-11 07:59:16,ID: 166,ID2: 169, Timer: 34713, RSSI: -29
2026-08-11 07:59:16,ID: 166,ID2: 169, Timer: 34721, RSSI: -24
2026-08-11 07:59:16,ID: 166,ID2: 169, Timer: 34735, RSSI: -29
2026-08-11 07:59:16,ID: 166,ID2: 169, Timer: 34742, RSSI: -24
2026-08-11 07:59:16,ID: 166,ID2: 169, Timer: 34749, RSSI: -22
2026-08-11 07:59:16,ID: 166,ID2: 169, Timer: 34763, RSSI: -24
2026-08-11 07:59:16,ID: 166,ID2: 169, Timer: 34770, RSSI: -22
2026-08-11 07:59:16,ID: 166,ID2: 169, Timer: 34784, RSSI: -24
2026-08-11 07:59:16,ID: 166,ID2: 169, Timer: 34791, RSSI: -22
2026-08-11 07:59:16,ID: 166,ID2: 169, Timer: 34798, RSSI: -29
2026-08-11 07:59:16,ID: 166,ID2: 169, Timer: 34812, RSSI: -22
2026-08-11 07:59:16,ID: 166,ID2: 169, Timer: 34840, RSSI: -29
2026-08-11 07:59:16,ID: 166,ID2: 169, Timer: 34847, RSSI: -24
2026-08-11 07:59:16,ID: 166,ID2: 169, Timer: 34854, RSSI: -22
2026-08-11 07:59:16,ID: 166,ID2: 169, Timer: 34875, RSSI: -22
2026-08-11 07:59:16,ID: 166,ID2: 169, Timer: 34896, RSSI: -22
2026-08-11 07:59:16,ID: 166,ID2: 169, Timer: 34909, RSSI: -24
2026-08-11 07:59:16,ID: 166,ID2: 169, Timer: 34916, RSSI: -22
2026-08-11 07:59:16,ID: 166,ID2: 169, Timer: 34930, RSSI: -24
2026-08-11 07:59:16,ID: 166,ID2: 169, Timer: 34937, RSSI: -22
2026-08-11 07:59:16,ID: 166,ID2: 169, Timer: 34938, RSSI: -22
2026-08-11 07:59:16,ID: 166,ID2: 169, Timer: 34952, RSSI: -24
2026-08-11 07:59:16,ID: 166,ID2: 169, Timer: 34959, RSSI: -22
2026-08-11 07:59:16,ID: 166,ID2: 169, Timer: 34965, RSSI: -29
2026-08-11 07:59:16,ID: 166,ID2: 169, Timer: 34973, RSSI: -24
2026-08-11 07:59:16,ID: 166,ID2: 169, Timer: 34980, RSSI: -22
2026-08-11 07:59:16,ID: 166,ID2: 169, Timer: 35001, RSSI: -22
2026-08-11 07:59:16,ID: 166,ID2: 169, Timer: 35015, RSSI: -24
2026-08-11 07:59:16,ID: 166,ID2: 169, Timer: 35022, RSSI: -22
2026-08-11 07:59:16,ID: 166,ID2: 169, Timer: 35036, RSSI: -24
2026-08-11 07:59:16,ID: 166,ID2: 169, Timer: 35043, RSSI: -22
2026-08-11 07:59:16,ID: 166,ID2: 169, Timer: 35050, RSSI: -29
2026-08-11 07:59:16,ID: 166,ID2: 169, Timer: 35064, RSSI: -22
2026-08-11 07:59:16,ID: 166,ID2: 169, Timer: 35071, RSSI: -29
2026-08-11 07:59:16,ID: 166,ID2: 169, Timer: 35098, RSSI: -39
2026-08-11 07:59:16,ID: 166,ID2: 169, Timer: 35106, RSSI: -61
2026-08-11 07:59:16,ID: 166,ID2: 169, Timer: 35113, RSSI: -56
2026-08-11 07:59:16,ID: 166,ID2: 169, Timer: 35147, RSSI: -46
2026-08-11 07:59:16,ID: 166,ID2: 253, Timer: 35148, RSSI: -44
2026-08-11 07:59:16,ID: 166,ID2: 253, Timer: 35148, RSSI: -44
2026-08-11 07:59:16,ID: 166,ID2: 169, Timer: 35155, RSSI: -54
2026-08-11 07:59:16,ID: 166,ID2: 253, Timer: 35155, RSSI: -44
2026-08-11 07:59:16,ID: 166,ID2: 253, Timer: 35175, RSSI: -43
2026-08-11 07:59:16,ID: 166,ID2: 253, Timer: 35182, RSSI: -44
2026-08-11 07:59:16,ID: 166,ID2: 169, Timer: 35183, RSSI: -50
2026-08-11 07:59:16,ID: 166,ID2: 253, Timer: 35190, RSSI: -46
2026-08-11 07:59:16,ID: 166,ID2: 169, Timer: 35190, RSSI: -46
2026-08-11 07:59:16,ID: 166,ID2: 169, Timer: 35203, RSSI: -50
2026-08-11 07:59:16,ID: 166,ID2: 253, Timer: 35204, RSSI: -43
2026-08-11 07:59:16,ID: 166,ID2: 169, Timer: 35217, RSSI: -55
2026-08-11 07:59:16,ID: 166,ID2: 253, Timer: 35232, RSSI: -44
2026-08-11 07:59:16,ID: 166,ID2: 169, Timer: 35232, RSSI: -46
2026-08-11 07:59:16,ID: 166,ID2: 169, Timer: 35239, RSSI: -54
2026-08-11 07:59:16,ID: 166,ID2: 253, Timer: 35239, RSSI: -46
2026-08-11 07:59:16,ID: 166,ID2: 169, Timer: 35246, RSSI: -50
2026-08-11 07:59:16,ID: 166,ID2: 169, Timer: 35253, RSSI: -45
2026-08-11 07:59:16,ID: 166,ID2: 253, Timer: 35253, RSSI: -44
2026-08-11 07:59:16,ID: 166,ID2: 169, Timer: 35260, RSSI: -56
2026-08-11 07:59:16,ID: 166,ID2: 253, Timer: 35260, RSSI: -44
2026-08-11 07:59:16,ID: 166,ID2: 253, Timer: 35273, RSSI: -44
2026-08-11 07:59:16,ID: 166,ID2: 169, Timer: 35273, RSSI: -46
2026-08-11 07:59:16,ID: 166,ID2: 253, Timer: 35274, RSSI: -45
2026-08-11 07:59:16,ID: 166,ID2: 169, Timer: 35274, RSSI: -45
2026-08-11 07:59:16,ID: 166,ID2: 253, Timer: 35281, RSSI: -43
2026-08-11 07:59:16,ID: 166,ID2: 253, Timer: 35288, RSSI: -41
2026-08-11 07:59:16,ID: 166,ID2: 169, Timer: 35288, RSSI: -51
2026-08-11 07:59:16,ID: 166,ID2: 169, Timer: 35295, RSSI: -46
2026-08-11 07:59:16,ID: 166,ID2: 169, Timer: 35308, RSSI: -51
2026-08-11 07:59:16,ID: 166,ID2: 253, Timer: 35308, RSSI: -43
2026-08-11 07:59:16,ID: 166,ID2: 253, Timer: 35316, RSSI: -44
2026-08-11 07:59:16,ID: 166,ID2: 169, Timer: 35316, RSSI: -46
2026-08-11 07:59:16,ID: 166,ID2: 253, Timer: 35337, RSSI: -46
2026-08-11 07:59:16,ID: 166,ID2: 169, Timer: 35337, RSSI: -46
2026-08-11 07:59:16,ID: 166,ID2: 253, Timer: 35358, RSSI: -44
2026-08-11 07:59:16,ID: 166,ID2: 169, Timer: 35358, RSSI: -27
2026-08-11 07:59:16,ID: 166,ID2: 253, Timer: 35358, RSSI: -46
2026-08-11 07:59:16,ID: 166,ID2: 169, Timer: 35372, RSSI: -29
2026-08-11 07:59:16,ID: 166,ID2: 169, Timer: 35400, RSSI: -28
2026-08-11 07:59:16,ID: 166,ID2: 253, Timer: 35400, RSSI: -44
2026-08-11 07:59:16,ID: 166,ID2: 169, Timer: 35407, RSSI: -32
2026-08-11 07:59:16,ID: 166,ID2: 253, Timer: 35407, RSSI: -43
2026-08-11 07:59:16,ID: 166,ID2: 169, Timer: 35434, RSSI: -29
2026-08-11 07:59:16,ID: 166,ID2: 169, Timer: 35441, RSSI: -28
2026-08-11 07:59:16,ID: 166,ID2: 169, Timer: 35442, RSSI: -28
2026-08-11 07:59:16,ID: 166,ID2: 169, Timer: 35448, RSSI: -32
2026-08-11 07:59:16,ID: 166,ID2: 169, Timer: 35456, RSSI: -29
2026-08-11 07:59:16,ID: 166,ID2: 169, Timer: 35476, RSSI: -29
2026-08-11 07:59:16,ID: 166,ID2: 169, Timer: 35484, RSSI: -28
2026-08-11 07:59:16,ID: 166,ID2: 169, Timer: 35491, RSSI: -32
2026-08-11 07:59:16,ID: 166,ID2: 169, Timer: 35505, RSSI: -28
2026-08-11 07:59:16,ID: 166,ID2: 169, Timer: 35512, RSSI: -32
2026-08-11 07:59:16,ID: 166,ID2: 169, Timer: 35519, RSSI: -29
2026-08-11 07:59:16,ID: 166,ID2: 169, Timer: 35526, RSSI: -28
2026-08-11 07:59:16,ID: 166,ID2: 169, Timer: 35546, RSSI: -28
2026-08-11 07:59:16,ID: 166,ID2: 169, Timer: 35554, RSSI: -32
2026-08-11 07:59:16,ID: 166,ID2: 169, Timer: 35568, RSSI: -28
2026-08-11 07:59:16,ID: 166,ID2: 169, Timer: 35582, RSSI: -29
2026-08-11 07:59:16,ID: 166,ID2: 169, Timer: 35596, RSSI: -32
2026-08-11 07:59:16,ID: 166,ID2: 169, Timer: 35610, RSSI: -28
2026-08-11 07:59:16,ID: 166,ID2: 169, Timer: 35624, RSSI: -30
2026-08-11 07:59:16,ID: 166,ID2: 169, Timer: 35645, RSSI: -29
2026-08-11 07:59:16,ID: 166,ID2: 169, Timer: 35652, RSSI: -28
2026-08-11 07:59:16,ID: 166,ID2: 169, Timer: 35666, RSSI: -30
2026-08-11 07:59:16,ID: 166,ID2: 169, Timer: 35672, RSSI: -28
2026-08-11 07:59:16,ID: 166,ID2: 169, Timer: 35687, RSSI: -29
2026-08-11 07:59:16,ID: 166,ID2: 169, Timer: 35694, RSSI: -28
2026-08-11 07:59:16,ID: 166,ID2: 169, Timer: 35700, RSSI: -32
2026-08-11 07:59:16,ID: 166,ID2: 169, Timer: 35722, RSSI: -32
2026-08-11 07:59:16,ID: 166,ID2: 169, Timer: 35736, RSSI: -28
2026-08-11 07:59:16,ID: 166,ID2: 169, Timer: 35743, RSSI: -32
2026-08-11 07:59:16,ID: 166,ID2: 169, Timer: 35750, RSSI: -29
2026-08-11 07:59:16,ID: 166,ID2: 169, Timer: 35778, RSSI: -28
2026-08-11 07:59:16,ID: 166,ID2: 169, Timer: 35813, RSSI: -30
2026-08-11 07:59:16,ID: 166,ID2: 169, Timer: 35819, RSSI: -28
2026-08-11 07:59:16,ID: 166,ID2: 169, Timer: 35820, RSSI: -28
2026-08-11 07:59:16,ID: 166,ID2: 169, Timer: 35827, RSSI: -32
2026-08-11 07:59:16,ID: 166,ID2: 169, Timer: 35834, RSSI: -30
2026-08-11 07:59:16,ID: 166,ID2: 169, Timer: 35840, RSSI: -28
2026-08-11 07:59:16,ID: 166,ID2: 169, Timer: 35862, RSSI: -28
2026-08-11 07:59:16,ID: 166,ID2: 169, Timer: 35904, RSSI: -28
2026-08-11 07:59:16,ID: 166,ID2: 169, Timer: 35932, RSSI: -32
2026-08-11 07:59:17,ID: 166,Current Timer: 35936
2026-08-11 07:59:17,ID: 166,Contact Count: 0
2026-08-11 07:59:17,ID: 166,Voltage: 2854
2026-08-11 07:59:17,ID: 166,Current Timer: 35937
2026-08-11 07:59:17,ID: 166,Contact Count: 0
2026-08-11 07:59:17,ID: 166,Voltage: 2854
2026-08-11 09:35:34,ID: 169,Current Timer: 6381
2026-08-11 09:35:34,ID: 169,Contact Count: 37
2026-08-11 09:35:34,ID: 169,Voltage: 2900
2026-08-11 09:35:34,ID: 169,ID2: 166, Timer: 608, RSSI: -33
2026-08-11 09:35:34,ID: 169,ID2: 166, Timer: 615, RSSI: -31
2026-08-11 09:35:34,ID: 169,ID2: 166, Timer: 622, RSSI: -28
2026-08-11 09:35:34,ID: 169,ID2: 166, Timer: 636, RSSI: -31
2026-08-11 09:35:34,ID: 169,ID2: 166, Timer: 643, RSSI: -28
2026-08-11 09:35:34,ID: 169,ID2: 166, Timer: 650, RSSI: -33
2026-08-11 09:35:34,ID: 169,ID2: 166, Timer: 678, RSSI: -31
2026-08-11 09:35:34,ID: 169,ID2: 166, Timer: 692, RSSI: -33
2026-08-11 09:35:34,ID: 169,ID2: 166, Timer: 699, RSSI: -31
2026-08-11 09:35:34,ID: 169,ID2: 166, Timer: 718, RSSI: -31
2026-08-11 09:35:34,ID: 169,ID2: 166, Timer: 1018, RSSI: -28
2026-08-11 09:35:34,ID: 169,ID2: 166, Timer: 1618, RSSI: -31
2026-08-11 09:35:34,ID: 169,ID2: 166, Timer: 1730, RSSI: -65
2026-08-11 09:35:34,ID: 169,ID2: 166, Timer: 1744, RSSI: -61
2026-08-11 09:35:34,ID: 169,ID2: 166, Timer: 1758, RSSI: -58
2026-08-11 09:35:34,ID: 169,ID2: 166, Timer: 1758, RSSI: -59
2026-08-11 09:35:34,ID: 169,ID2: 166, Timer: 1765, RSSI: -60
2026-08-11 09:35:34,ID: 169,ID2: 166, Timer: 1800, RSSI: -54
2026-08-11 09:35:34,ID: 169,ID2: 166, Timer: 1800, RSSI: -54
2026-08-11 09:35:34,ID: 169,ID2: 166, Timer: 1821, RSSI: -54
2026-08-11 09:35:34,ID: 169,ID2: 166, Timer: 1828, RSSI: -58
2026-08-11 09:35:34,ID: 169,ID2: 166, Timer: 1840, RSSI: -54
2026-08-11 09:35:34,ID: 169,ID2: 166, Timer: 2140, RSSI: -59
2026-08-11 09:35:34,ID: 169,ID2: 166, Timer: 2440, RSSI: -55
2026-08-11 09:35:34,ID: 169,ID2: 166, Timer: 2740, RSSI: -57
2026-08-11 09:35:34,ID: 169,ID2: 166, Timer: 3040, RSSI: -62
2026-08-11 09:35:34,ID: 169,ID2: 166, Timer: 3340, RSSI: -61
2026-08-11 09:35:34,ID: 169,ID2: 166, Timer: 3641, RSSI: -55
2026-08-11 09:35:34,ID: 169,ID2: 166, Timer: 3941, RSSI: -59
2026-08-11 09:35:34,ID: 169,ID2: 166, Timer: 4241, RSSI: -57
2026-08-11 09:35:34,ID: 169,ID2: 166, Timer: 4541, RSSI: -46
2026-08-11 09:35:34,ID: 169,ID2: 166, Timer: 4841, RSSI: -50
2026-08-11 09:35:34,ID: 169,ID2: 166, Timer: 5141, RSSI: -49
2026-08-11 09:35:34,ID: 169,ID2: 166, Timer: 5441, RSSI: -46
2026-08-11 09:35:34,ID: 169,ID2: 166, Timer: 5741, RSSI: -50
2026-08-11 09:35:34,ID: 169,ID2: 166, Timer: 6041, RSSI: -50
2026-08-11 09:35:34,ID: 169,ID2: 166, Timer: 6341, RSSI: -53
2026-08-11 09:35:34,ID: 169,Eco Session Enter: 718, Leave: 1716
2026-08-11 09:35:34,ID: 169,Current Timer: 6382
2026-08-11 09:35:34,ID: 169,Contact Count: 0
2026-08-11 09:35:34,ID: 169,Voltage: 2900
2026-08-11 09:35:35,ID: 166,Current Timer: 41716
2026-08-11 09:35:35,ID: 166,Contact Count: 386
2026-08-11 09:35:35,ID: 166,Voltage: 2854
2026-08-11 09:35:35,ID: 166,ID2: 169, Timer: 35946, RSSI: -27
2026-08-11 09:35:35,ID: 166,ID2: 169, Timer: 35988, RSSI: -27
2026-08-11 09:35:35,ID: 166,ID2: 169, Timer: 36002, RSSI: -29
2026-08-11 09:35:35,ID: 166,ID2: 169, Timer: 36030, RSSI: -27
2026-08-11 09:35:35,ID: 166,ID2: 169, Timer: 36037, RSSI: -31
2026-08-11 09:35:35,ID: 166,ID2: 169, Timer: 36051, RSSI: -27
2026-08-11 09:35:35,ID: 166,ID2: 169, Timer: 36058, RSSI: -32
2026-08-11 09:35:35,ID: 166,ID2: 169, Timer: 36072, RSSI: -27
2026-08-11 09:35:35,ID: 166,ID2: 169, Timer: 36100, RSSI: -32
2026-08-11 09:35:35,ID: 166,ID2: 169, Timer: 36114, RSSI: -27
2026-08-11 09:35:35,ID: 166,ID2: 169, Timer: 36141, RSSI: -32
2026-08-11 09:35:35,ID: 166,ID2: 169, Timer: 36148, RSSI: -29
2026-08-11 09:35:35,ID: 166,ID2: 169, Timer: 36156, RSSI: -27
2026-08-11 09:35:35,ID: 166,ID2: 169, Timer: 36162, RSSI: -32
2026-08-11 09:35:35,ID: 166,ID2: 169, Timer: 36184, RSSI: -32
2026-08-11 09:35:35,ID: 166,ID2: 169, Timer: 36198, RSSI: -27
2026-08-11 09:35:35,ID: 166,ID2: 169, Timer: 36218, RSSI: -27
2026-08-11 09:35:35,ID: 166,ID2: 169, Timer: 36240, RSSI: -27
2026-08-11 09:35:35,ID: 166,ID2: 169, Timer: 36247, RSSI: -32
2026-08-11 09:35:35,ID: 166,ID2: 169, Timer: 36254, RSSI: -29
2026-08-11 09:35:35,ID: 166,ID2: 169, Timer: 36261, RSSI: -27
2026-08-11 09:35:35,ID: 166,ID2: 169, Timer: 36275, RSSI: -29
2026-08-11 09:35:35,ID: 166,ID2: 169, Timer: 36282, RSSI: -27
2026-08-11 09:35:35,ID: 166,ID2: 169, Timer: 36282, RSSI: -27
2026-08-11 09:35:35,ID: 166,ID2: 169, Timer: 36289, RSSI: -32
2026-08-11 09:35:35,ID: 166,ID2: 169, Timer: 36303, RSSI: -27
2026-08-11 09:35:35,ID: 166,ID2: 169, Timer: 36316, RSSI: -29
2026-08-11 09:35:35,ID: 166,ID2: 169, Timer: 36324, RSSI: -27
2026-08-11 09:35:35,ID: 166,ID2: 169, Timer: 36337, RSSI: -29
2026-08-11 09:35:35,ID: 166,ID2: 169, Timer: 36345, RSSI: -27
2026-08-11 09:35:35,ID: 166,ID2: 169, Timer: 36358, RSSI: -29
2026-08-11 09:35:35,ID: 166,ID2: 169, Timer: 36366, RSSI: -27
2026-08-11 09:35:35,ID: 166,ID2: 169, Timer: 36373, RSSI: -32
2026-08-11 09:35:35,ID: 166,ID2: 169, Timer: 36394, RSSI: -32
2026-08-11 09:35:35,ID: 166,ID2: 169, Timer: 36407, RSSI: -27
2026-08-11 09:35:35,ID: 166,ID2: 169, Timer: 36408, RSSI: -27
2026-08-11 09:35:35,ID: 166,ID2: 169, Timer: 36415, RSSI: -32
2026-08-11 09:35:35,ID: 166,ID2: 169, Timer: 36422, RSSI: -29
2026-08-11 09:35:35,ID: 166,ID2: 169, Timer: 36450, RSSI: -27
2026-08-11 09:35:35,ID: 166,ID2: 169, Timer: 36464, RSSI: -29
2026-08-11 09:35:35,ID: 166,ID2: 169, Timer: 36471, RSSI: -27
2026-08-11 09:35:35,ID: 166,ID2: 169, Timer: 36478, RSSI: -32
2026-08-11 09:35:35,ID: 166,ID2: 169, Timer: 36492, RSSI: -27
2026-08-11 09:35:35,ID: 166,ID2: 169, Timer: 36506, RSSI: -29
2026-08-11 09:35:35,ID: 166,ID2: 169, Timer: 36520, RSSI: -32
2026-08-11 09:35:35,ID: 166,ID2: 169, Timer: 36534, RSSI: -27
2026-08-11 09:35:35,ID: 166,ID2: 169, Timer: 36548, RSSI: -29
2026-08-11 09:35:35,ID: 166,ID2: 169, Timer: 36562, RSSI: -32
2026-08-11 09:35:35,ID: 166,ID2: 169, Timer: 36568, RSSI: -29
2026-08-11 09:35:35,ID: 166,ID2: 169, Timer: 36576, RSSI: -27
2026-08-11 09:35:35,ID: 166,ID2: 169, Timer: 36582, RSSI: -32
2026-08-11 09:35:35,ID: 166,ID2: 169, Timer: 36604, RSSI: -32
2026-08-11 09:35:35,ID: 166,ID2: 169, Timer: 36611, RSSI: -29
2026-08-11 09:35:35,ID: 166,ID2: 169, Timer: 36618, RSSI: -27
2026-08-11 09:35:35,ID: 166,ID2: 169, Timer: 36638, RSSI: -27
2026-08-11 09:35:35,ID: 166,ID2: 169, Timer: 36645, RSSI: -32
2026-08-11 09:35:35,ID: 166,ID2: 169, Timer: 36653, RSSI: -29
2026-08-11 09:35:35,ID: 166,ID2: 169, Timer: 36681, RSSI: -27
2026-08-11 09:35:35,ID: 166,ID2: 169, Timer: 36695, RSSI: -29
2026-08-11 09:35:35,ID: 166,ID2: 169, Timer: 36702, RSSI: -27
2026-08-11 09:35:35,ID: 166,ID2: 169, Timer: 36708, RSSI: -32
2026-08-11 09:35:35,ID: 166,ID2: 169, Timer: 36723, RSSI: -27
2026-08-11 09:35:35,ID: 166,ID2: 169, Timer: 36736, RSSI: -29
2026-08-11 09:35:35,ID: 166,ID2: 169, Timer: 36744, RSSI: -27
2026-08-11 09:35:35,ID: 166,ID2: 169, Timer: 36744, RSSI: -27
2026-08-11 09:35:35,ID: 166,ID2: 169, Timer: 36750, RSSI: -32
2026-08-11 09:35:35,ID: 166,ID2: 169, Timer: 36758, RSSI: -29
2026-08-11 09:35:35,ID: 166,ID2: 169, Timer: 36779, RSSI: -29
2026-08-11 09:35:35,ID: 166,ID2: 169, Timer: 36786, RSSI: -26
2026-08-11 09:35:35,ID: 166,ID2: 169, Timer: 36792, RSSI: -31
2026-08-11 09:35:35,ID: 166,ID2: 253, Timer: 36793, RSSI: -47
2026-08-11 09:35:35,ID: 166,ID2: 169, Timer: 36799, RSSI: -29
2026-08-11 09:35:35,ID: 166,ID2: 253, Timer: 36800, RSSI: -45
2026-08-11 09:35:35,ID: 166,ID2: 169, Timer: 36821, RSSI: -28
2026-08-11 09:35:35,ID: 166,ID2: 169, Timer: 36828, RSSI: -27
2026-08-11 09:35:35,ID: 166,ID2: 169, Timer: 36849, RSSI: -27
2026-08-11 09:35:35,ID: 166,ID2: 169, Timer: 36870, RSSI: -27
2026-08-11 09:35:35,ID: 166,ID2: 169, Timer: 36883, RSSI: -28
2026-08-11 09:35:35,ID: 166,ID2: 169, Timer: 36912, RSSI: -26
2026-08-11 09:35:35,ID: 166,ID2: 169, Timer: 36926, RSSI: -28
2026-08-11 09:35:35,ID: 166,ID2: 169, Timer: 36933, RSSI: -26
2026-08-11 09:35:35,ID: 166,ID2: 169, Timer: 36939, RSSI: -31
2026-08-11 09:35:35,ID: 166,ID2: 169, Timer: 36947, RSSI: -28
2026-08-11 09:35:35,ID: 166,ID2: 169, Timer: 36954, RSSI: -26
2026-08-11 09:35:35,ID: 166,ID2: 169, Timer: 36975, RSSI: -26
2026-08-11 09:35:35,ID: 166,ID2: 169, Timer: 36996, RSSI: -26
2026-08-11 09:35:35,ID: 166,ID2: 169, Timer: 37017, RSSI: -26
2026-08-11 09:35:35,ID: 166,ID2: 169, Timer: 37031, RSSI: -29
2026-08-11 09:35:35,ID: 166,ID2: 169, Timer: 37038, RSSI: -27
2026-08-11 09:35:35,ID: 166,ID2: 169, Timer: 37052, RSSI: -62
2026-08-11 09:35:35,ID: 166,ID2: 169, Timer: 37059, RSSI: -52
2026-08-11 09:35:35,ID: 166,ID2: 169, Timer: 37065, RSSI: -61
2026-08-11 09:35:35,ID: 166,ID2: 169, Timer: 37073, RSSI: -59
2026-08-11 09:35:35,ID: 166,ID2: 169, Timer: 37079, RSSI: -52
2026-08-11 09:35:35,ID: 166,ID2: 169, Timer: 37080, RSSI: -52
2026-08-11 09:35:35,ID: 166,ID2: 169, Timer: 37100, RSSI: -57
2026-08-11 09:35:35,ID: 166,ID2: 169, Timer: 37108, RSSI: -57
2026-08-11 09:35:35,ID: 166,ID2: 169, Timer: 37115, RSSI: -64
2026-08-11 09:35:35,ID: 166,ID2: 169, Timer: 37122, RSSI: -53
2026-08-11 09:35:35,ID: 166,ID2: 169, Timer: 37122, RSSI: -53
2026-08-11 09:35:35,ID: 166,ID2: 169, Timer: 37136, RSSI: -62
2026-08-11 09:35:35,ID: 166,ID2: 169, Timer: 37164, RSSI: -53
2026-08-11 09:35:35,ID: 166,ID2: 169, Timer: 37191, RSSI: -57
2026-08-11 09:35:35,ID: 166,ID2: 169, Timer: 37199, RSSI: -59
2026-08-11 09:35:35,ID: 166,ID2: 169, Timer: 37206, RSSI: -52
2026-08-11 09:35:35,ID: 166,ID2: 169, Timer: 37241, RSSI: -57
2026-08-11 09:35:35,ID: 166,ID2: 169, Timer: 37248, RSSI: -51
2026-08-11 09:35:35,ID: 166,ID2: 169, Timer: 37254, RSSI: -57
2026-08-11 09:35:35,ID: 166,ID2: 169, Timer: 37262, RSSI: -58
2026-08-11 09:35:35,ID: 166,ID2: 169, Timer: 37283, RSSI: -57
2026-08-11 09:35:35,ID: 166,ID2: 169, Timer: 37290, RSSI: -52
2026-08-11 09:35:35,ID: 166,ID2: 169, Timer: 37296, RSSI: -55
2026-08-11 09:35:35,ID: 166,ID2: 169, Timer: 37325, RSSI: -57
2026-08-11 09:35:35,ID: 166,ID2: 169, Timer: 37332, RSSI: -52
2026-08-11 09:35:35,ID: 166,ID2: 169, Timer: 37345, RSSI: -57
2026-08-11 09:35:35,ID: 166,ID2: 169, Timer: 37352, RSSI: -53
2026-08-11 09:35:35,ID: 166,ID2: 169, Timer: 37360, RSSI: -56
2026-08-11 09:35:35,ID: 166,ID2: 169, Timer: 37374, RSSI: -53
2026-08-11 09:35:35,ID: 166,ID2: 169, Timer: 37380, RSSI: -56
2026-08-11 09:35:35,ID: 166,ID2: 169, Timer: 37388, RSSI: -56
2026-08-11 09:35:35,ID: 166,ID2: 169, Timer: 37401, RSSI: -56
2026-08-11 09:35:35,ID: 166,ID2: 169, Timer: 37416, RSSI: -53
2026-08-11 09:35:35,ID: 166,ID2: 169, Timer: 37430, RSSI: -58
2026-08-11 09:35:35,ID: 166,ID2: 169, Timer: 37458, RSSI: -53
2026-08-11 09:35:35,ID: 166,ID2: 169, Timer: 37464, RSSI: -59
2026-08-11 09:35:35,ID: 166,ID2: 169, Timer: 37479, RSSI: -54
2026-08-11 09:35:35,ID: 166,ID2: 169, Timer: 37486, RSSI: -58
2026-08-11 09:35:35,ID: 166,ID2: 169, Timer: 37493, RSSI: -56
2026-08-11 09:35:35,ID: 166,ID2: 169, Timer: 37500, RSSI: -55
2026-08-11 09:35:35,ID: 166,ID2: 169, Timer: 37514, RSSI: -56
2026-08-11 09:35:35,ID: 166,ID2: 169, Timer: 37528, RSSI: -58
2026-08-11 09:35:35,ID: 166,ID2: 169, Timer: 37542, RSSI: -55
2026-08-11 09:35:35,ID: 166,ID2: 169, Timer: 37556, RSSI: -56
2026-08-11 09:35:35,ID: 166,ID2: 169, Timer: 37570, RSSI: -57
2026-08-11 09:35:35,ID: 166,ID2: 169, Timer: 37591, RSSI: -58
2026-08-11 09:35:35,ID: 166,ID2: 169, Timer: 37605, RSSI: -55
2026-08-11 09:35:35,ID: 166,ID2: 169, Timer: 37618, RSSI: -56
2026-08-11 09:35:35,ID: 166,ID2: 169, Timer: 37626, RSSI: -55
2026-08-11 09:35:35,ID: 166,ID2: 169, Timer: 37633, RSSI: -57
2026-08-11 09:35:35,ID: 166,ID2: 169, Timer: 37653, RSSI: -57
2026-08-11 09:35:35,ID: 166,ID2: 169, Timer: 37661, RSSI: -59
2026-08-11 09:35:35,ID: 166,ID2: 169, Timer: 37668, RSSI: -53
2026-08-11 09:35:35,ID: 166,ID2: 169, Timer: 37682, RSSI: -56
2026-08-11 09:35:35,ID: 166,ID2: 169, Timer: 37689, RSSI: -51
2026-08-11 09:35:35,ID: 166,ID2: 169, Timer: 37710, RSSI: -51
2026-08-11 09:35:35,ID: 166,ID2: 169, Timer: 37717, RSSI: -58
2026-08-11 09:35:35,ID: 166,ID2: 169, Timer: 37731, RSSI: -51
2026-08-11 09:35:35,ID: 166,ID2: 169, Timer: 37738, RSSI: -58
2026-08-11 09:35:35,ID: 166,ID2: 169, Timer: 37759, RSSI: -57
2026-08-11 09:35:35,ID: 166,ID2: 169, Timer: 37766, RSSI: -54
2026-08-11 09:35:35,ID: 166,ID2: 169, Timer: 37780, RSSI: -58
2026-08-11 09:35:35,ID: 166,ID2: 169, Timer: 37787, RSSI: -55
2026-08-11 09:35:35,ID: 166,ID2: 169, Timer: 37793, RSSI: -55
2026-08-11 09:35:35,ID: 166,ID2: 169, Timer: 37794, RSSI: -53
2026-08-11 09:35:35,ID: 166,ID2: 169, Timer: 37815, RSSI: -52
2026-08-11 09:35:35,ID: 166,ID2: 169, Timer: 37829, RSSI: -55
2026-08-11 09:35:35,ID: 166,ID2: 169, Timer: 37836, RSSI: -53
2026-08-11 09:35:35,ID: 166,ID2: 169, Timer: 37857, RSSI: -52
2026-08-11 09:35:35,ID: 166,ID2: 169, Timer: 37878, RSSI: -52
2026-08-11 09:35:35,ID: 166,ID2: 169, Timer: 37885, RSSI: -59
2026-08-11 09:35:35,ID: 166,ID2: 169, Timer: 37899, RSSI: -55
2026-08-11 09:35:35,ID: 166,ID2: 169, Timer: 37906, RSSI: -59
2026-08-11 09:35:35,ID: 166,ID2: 169, Timer: 37920, RSSI: -55
2026-08-11 09:35:35,ID: 166,ID2: 169, Timer: 37927, RSSI: -57
2026-08-11 09:35:35,ID: 166,ID2: 169, Timer: 37941, RSSI: -55
2026-08-11 09:35:35,ID: 166,ID2: 169, Timer: 37955, RSSI: -60
2026-08-11 09:35:35,ID: 166,ID2: 169, Timer: 37962, RSSI: -55
2026-08-11 09:35:35,ID: 166,ID2: 169, Timer: 37969, RSSI: -59
2026-08-11 09:35:35,ID: 166,ID2: 169, Timer: 37976, RSSI: -60
2026-08-11 09:35:35,ID: 166,ID2: 169, Timer: 37990, RSSI: -59
2026-08-11 09:35:35,ID: 166,ID2: 169, Timer: 38004, RSSI: -55
2026-08-11 09:35:35,ID: 166,ID2: 169, Timer: 38011, RSSI: -57
2026-08-11 09:35:35,ID: 166,ID2: 169, Timer: 38017, RSSI: -56
2026-08-11 09:35:35,ID: 166,ID2: 169, Timer: 38025, RSSI: -55
2026-08-11 09:35:35,ID: 166,ID2: 169, Timer: 38045, RSSI: -52
2026-08-11 09:35:35,ID: 166,ID2: 169, Timer: 38046, RSSI: -53
2026-08-11 09:35:35,ID: 166,ID2: 169, Timer: 38067, RSSI: -57
2026-08-11 09:35:35,ID: 166,ID2: 169, Timer: 38088, RSSI: -56
2026-08-11 09:35:35,ID: 166,ID2: 169, Timer: 38095, RSSI: -57
2026-08-11 09:35:35,ID: 166,ID2: 169, Timer: 38102, RSSI: -57
2026-08-11 09:35:35,ID: 166,ID2: 169, Timer: 38108, RSSI: -57
2026-08-11 09:35:35,ID: 166,ID2: 169, Timer: 38130, RSSI: -57
2026-08-11 09:35:35,ID: 166,ID2: 169, Timer: 38130, RSSI: -57
2026-08-11 09:35:35,ID: 166,ID2: 169, Timer: 38144, RSSI: -57
2026-08-11 09:35:35,ID: 166,ID2: 169, Timer: 38151, RSSI: -57
2026-08-11 09:35:35,ID: 166,ID2: 169, Timer: 38165, RSSI: -57
2026-08-11 09:35:35,ID: 166,ID2: 169, Timer: 38172, RSSI: -56
2026-08-11 09:35:35,ID: 166,ID2: 169, Timer: 38179, RSSI: -57
2026-08-11 09:35:35,ID: 166,ID2: 169, Timer: 38186, RSSI: -56
2026-08-11 09:35:35,ID: 166,ID2: 169, Timer: 38207, RSSI: -56
2026-08-11 09:35:35,ID: 166,ID2: 169, Timer: 38214, RSSI: -57
2026-08-11 09:35:35,ID: 166,ID2: 169, Timer: 38220, RSSI: -57
2026-08-11 09:35:35,ID: 166,ID2: 169, Timer: 38242, RSSI: -58
2026-08-11 09:35:35,ID: 166,ID2: 169, Timer: 38249, RSSI: -56
2026-08-11 09:35:35,ID: 166,ID2: 169, Timer: 38255, RSSI: -56
2026-08-11 09:35:35,ID: 166,ID2: 169, Timer: 38256, RSSI: -56
2026-08-11 09:35:35,ID: 166,ID2: 169, Timer: 38269, RSSI: -57
2026-08-11 09:35:35,ID: 166,ID2: 169, Timer: 38284, RSSI: -58
2026-08-11 09:35:35,ID: 166,ID2: 169, Timer: 38298, RSSI: -52
2026-08-11 09:35:35,ID: 166,ID2: 169, Timer: 38304, RSSI: -62
2026-08-11 09:35:35,ID: 166,ID2: 169, Timer: 38319, RSSI: -51
2026-08-11 09:35:35,ID: 166,ID2: 169, Timer: 38332, RSSI: -56
2026-08-11 09:35:35,ID: 166,ID2: 169, Timer: 38375, RSSI: -55
2026-08-11 09:35:35,ID: 166,ID2: 169, Timer: 38381, RSSI: -54
2026-08-11 09:35:35,ID: 166,ID2: 169, Timer: 38382, RSSI: -54
2026-08-11 09:35:35,ID: 166,ID2: 169, Timer: 38403, RSSI: -51
2026-08-11 09:35:35,ID: 166,ID2: 169, Timer: 38424, RSSI: -51
2026-08-11 09:35:35,ID: 166,ID2: 169, Timer: 38438, RSSI: -57
2026-08-11 09:35:35,ID: 166,ID2: 169, Timer: 38451, RSSI: -61
2026-08-11 09:35:35,ID: 166,ID2: 169, Timer: 38493, RSSI: -61
2026-08-11 09:35:35,ID: 166,ID2: 169, Timer: 38501, RSSI: -57
2026-08-11 09:35:35,ID: 166,ID2: 169, Timer: 38508, RSSI: -54
2026-08-11 09:35:35,ID: 166,ID2: 169, Timer: 38514, RSSI: -58
2026-08-11 09:35:35,ID: 166,ID2: 169, Timer: 38529, RSSI: -52
2026-08-11 09:35:35,ID: 166,ID2: 169, Timer: 38543, RSSI: -60
2026-08-11 09:35:35,ID: 166,ID2: 169, Timer: 38550, RSSI: -52
2026-08-11 09:35:35,ID: 166,ID2: 169, Timer: 38556, RSSI: -59
2026-08-11 09:35:35,ID: 166,ID2: 169, Timer: 38564, RSSI: -59
2026-08-11 09:35:35,ID: 166,ID2: 169, Timer: 38570, RSSI: -52
2026-08-11 09:35:35,ID: 166,ID2: 169, Timer: 38578, RSSI: -60
2026-08-11 09:35:35,ID: 166,ID2: 169, Timer: 38585, RSSI: -60
2026-08-11 09:35:35,ID: 166,ID2: 169, Timer: 38592, RSSI: -52
2026-08-11 09:35:35,ID: 166,ID2: 169, Timer: 38613, RSSI: -52
2026-08-11 09:35:35,ID: 166,ID2: 169, Timer: 38634, RSSI: -52
2026-08-11 09:35:35,ID: 166,ID2: 169, Timer: 38655, RSSI: -53
2026-08-11 09:35:35,ID: 166,ID2: 169, Timer: 38675, RSSI: -52
2026-08-11 09:35:35,ID: 166,ID2: 169, Timer: 38676, RSSI: -52
2026-08-11 09:35:35,ID: 166,ID2: 169, Timer: 38683, RSSI: -59
2026-08-11 09:35:35,ID: 166,ID2: 169, Timer: 38704, RSSI: -56
2026-08-11 09:35:35,ID: 166,ID2: 169, Timer: 38717, RSSI: -51
2026-08-11 09:35:35,ID: 166,ID2: 169, Timer: 38718, RSSI: -51
2026-08-11 09:35:35,ID: 166,ID2: 169, Timer: 38729, RSSI: -54
2026-08-11 09:35:35,ID: 166,ID2: 169, Timer: 39029, RSSI: -52
2026-08-11 09:35:35,ID: 166,ID2: 169, Timer: 39330, RSSI: -58
2026-08-11 09:35:35,ID: 166,ID2: 169, Timer: 39630, RSSI: -54
2026-08-11 09:35:35,ID: 166,ID2: 169, Timer: 39767, RSSI: -50
2026-08-11 09:35:35,ID: 166,ID2: 169, Timer: 39774, RSSI: -45
2026-08-11 09:35:35,ID: 166,ID2: 169, Timer: 39781, RSSI: -51
2026-08-11 09:35:35,ID: 166,ID2: 169, Timer: 39788, RSSI: -52
2026-08-11 09:35:35,ID: 166,ID2: 169, Timer: 39795, RSSI: -44
2026-08-11 09:35:35,ID: 166,ID2: 169, Timer: 39802, RSSI: -50
2026-08-11 09:35:35,ID: 166,ID2: 169, Timer: 39816, RSSI: -43
2026-08-11 09:35:35,ID: 166,ID2: 169, Timer: 39830, RSSI: -48
2026-08-11 09:35:35,ID: 166,ID2: 169, Timer: 39837, RSSI: -44
2026-08-11 09:35:35,ID: 166,ID2: 169, Timer: 39851, RSSI: -48
2026-08-11 09:35:35,ID: 166,ID2: 169, Timer: 39858, RSSI: -44
2026-08-11 09:35:35,ID: 166,ID2: 169, Timer: 39879, RSSI: -44
2026-08-11 09:35:35,ID: 166,ID2: 169, Timer: 39921, RSSI: -43
2026-08-11 09:35:35,ID: 166,ID2: 169, Timer: 39921, RSSI: -43
2026-08-11 09:35:35,ID: 166,ID2: 169, Timer: 39935, RSSI: -48
2026-08-11 09:35:35,ID: 166,ID2: 169, Timer: 39949, RSSI: -50
2026-08-11 09:35:35,ID: 166,ID2: 169, Timer: 39963, RSSI: -44
2026-08-11 09:35:35,ID: 166,ID2: 169, Timer: 39977, RSSI: -46
2026-08-11 09:35:35,ID: 166,ID2: 169, Timer: 39998, RSSI: -47
2026-08-11 09:35:35,ID: 166,ID2: 169, Timer: 40005, RSSI: -43
2026-08-11 09:35:35,ID: 166,ID2: 169, Timer: 40012, RSSI: -49
2026-08-11 09:35:35,ID: 166,ID2: 169, Timer: 40033, RSSI: -49
2026-08-11 09:35:35,ID: 166,ID2: 169, Timer: 40047, RSSI: -44
2026-08-11 09:35:35,ID: 166,ID2: 169, Timer: 40054, RSSI: -50
2026-08-11 09:35:35,ID: 166,ID2: 169, Timer: 40089, RSSI: -44
2026-08-11 09:35:35,ID: 166,ID2: 169, Timer: 40117, RSSI: -50
2026-08-11 09:35:35,ID: 166,ID2: 169, Timer: 40124, RSSI: -49
2026-08-11 09:35:35,ID: 166,ID2: 169, Timer: 40131, RSSI: -44
2026-08-11 09:35:35,ID: 166,ID2: 169, Timer: 40145, RSSI: -48
2026-08-11 09:35:35,ID: 166,ID2: 169, Timer: 40152, RSSI: -44
2026-08-11 09:35:35,ID: 166,ID2: 169, Timer: 40173, RSSI: -43
2026-08-11 09:35:35,ID: 166,ID2: 169, Timer: 40187, RSSI: -52
2026-08-11 09:35:35,ID: 166,ID2: 169, Timer: 40201, RSSI: -55
2026-08-11 09:35:35,ID: 166,ID2: 169, Timer: 40208, RSSI: -52
2026-08-11 09:35:35,ID: 166,ID2: 169, Timer: 40215, RSSI: -45
2026-08-11 09:35:35,ID: 166,ID2: 169, Timer: 40250, RSSI: -51
2026-08-11 09:35:35,ID: 166,ID2: 169, Timer: 40257, RSSI: -45
2026-08-11 09:35:35,ID: 166,ID2: 169, Timer: 40264, RSSI: -54
2026-08-11 09:35:35,ID: 166,ID2: 169, Timer: 40278, RSSI: -44
2026-08-11 09:35:35,ID: 166,ID2: 169, Timer: 40285, RSSI: -56
2026-08-11 09:35:35,ID: 166,ID2: 169, Timer: 40299, RSSI: -44
2026-08-11 09:35:35,ID: 166,ID2: 169, Timer: 40320, RSSI: -44
2026-08-11 09:35:35,ID: 166,ID2: 169, Timer: 40327, RSSI: -52
2026-08-11 09:35:35,ID: 166,ID2: 169, Timer: 40341, RSSI: -43
2026-08-11 09:35:35,ID: 166,ID2: 169, Timer: 40348, RSSI: -54
2026-08-11 09:35:35,ID: 166,ID2: 169, Timer: 40355, RSSI: -50
2026-08-11 09:35:35,ID: 166,ID2: 169, Timer: 40369, RSSI: -54
2026-08-11 09:35:35,ID: 166,ID2: 169, Timer: 40376, RSSI: -50
2026-08-11 09:35:35,ID: 166,ID2: 169, Timer: 40383, RSSI: -43
2026-08-11 09:35:35,ID: 166,ID2: 169, Timer: 40397, RSSI: -49
2026-08-11 09:35:35,ID: 166,ID2: 169, Timer: 40425, RSSI: -45
2026-08-11 09:35:35,ID: 166,ID2: 169, Timer: 40425, RSSI: -44
2026-08-11 09:35:35,ID: 166,ID2: 169, Timer: 40432, RSSI: -51
2026-08-11 09:35:35,ID: 166,ID2: 169, Timer: 40446, RSSI: -44
2026-08-11 09:35:35,ID: 166,ID2: 169, Timer: 40467, RSSI: -43
2026-08-11 09:35:35,ID: 166,ID2: 169, Timer: 40495, RSSI: -51
2026-08-11 09:35:35,ID: 166,ID2: 169, Timer: 40502, RSSI: -48
2026-08-11 09:35:35,ID: 166,ID2: 169, Timer: 40509, RSSI: -44
2026-08-11 09:35:35,ID: 166,ID2: 169, Timer: 40516, RSSI: -50
2026-08-11 09:35:35,ID: 166,ID2: 169, Timer: 40523, RSSI: -47
2026-08-11 09:35:35,ID: 166,ID2: 169, Timer: 40537, RSSI: -50
2026-08-11 09:35:35,ID: 166,ID2: 169, Timer: 40551, RSSI: -44
2026-08-11 09:35:35,ID: 166,ID2: 169, Timer: 40551, RSSI: -44
2026-08-11 09:35:35,ID: 166,ID2: 169, Timer: 40558, RSSI: -50
2026-08-11 09:35:35,ID: 166,ID2: 169, Timer: 40565, RSSI: -47
2026-08-11 09:35:35,ID: 166,ID2: 169, Timer: 40593, RSSI: -44
2026-08-11 09:35:35,ID: 166,ID2: 169, Timer: 40621, RSSI: -50
2026-08-11 09:35:35,ID: 166,ID2: 169, Timer: 40635, RSSI: -44
2026-08-11 09:35:35,ID: 166,ID2: 169, Timer: 40649, RSSI: -47
2026-08-11 09:35:35,ID: 166,ID2: 169, Timer: 40656, RSSI: -44
2026-08-11 09:35:35,ID: 166,ID2: 169, Timer: 40677, RSSI: -44
2026-08-11 09:35:35,ID: 166,ID2: 169, Timer: 40684, RSSI: -50
2026-08-11 09:35:35,ID: 166,ID2: 169, Timer: 40719, RSSI: -44
2026-08-11 09:35:35,ID: 166,ID2: 169, Timer: 40733, RSSI: -48
2026-08-11 09:35:35,ID: 166,ID2: 169, Timer: 40740, RSSI: -44
2026-08-11 09:35:35,ID: 166,ID2: 169, Timer: 40754, RSSI: -48
2026-08-11 09:35:35,ID: 166,ID2: 169, Timer: 40761, RSSI: -44
2026-08-11 09:35:35,ID: 166,ID2: 169, Timer: 40775, RSSI: -48
2026-08-11 09:35:35,ID: 166,ID2: 169, Timer: 40782, RSSI: -44
2026-08-11 09:35:35,ID: 166,ID2: 169, Timer: 40796, RSSI: -48
2026-08-11 09:35:35,ID: 166,ID2: 169, Timer: 40803, RSSI: -44
2026-08-11 09:35:35,ID: 166,ID2: 169, Timer: 40810, RSSI: -51
2026-08-11 09:35:35,ID: 166,ID2: 169, Timer: 40817, RSSI: -48
2026-08-11 09:35:35,ID: 166,ID2: 169, Timer: 40845, RSSI: -44
2026-08-11 09:35:35,ID: 166,ID2: 169, Timer: 40887, RSSI: -44
2026-08-11 09:35:35,ID: 166,ID2: 169, Timer: 40929, RSSI: -43
2026-08-11 09:35:35,ID: 166,ID2: 169, Timer: 40936, RSSI: -52
2026-08-11 09:35:35,ID: 166,ID2: 169, Timer: 40943, RSSI: -49
2026-08-11 09:35:35,ID: 166,ID2: 169, Timer: 40950, RSSI: -44
2026-08-11 09:35:35,ID: 166,ID2: 169, Timer: 40957, RSSI: -51
2026-08-11 09:35:35,ID: 166,ID2: 169, Timer: 40971, RSSI: -43
2026-08-11 09:35:35,ID: 166,ID2: 169, Timer: 40978, RSSI: -50
2026-08-11 09:35:35,ID: 166,ID2: 169, Timer: 40985, RSSI: -49
2026-08-11 09:35:35,ID: 166,ID2: 169, Timer: 40992, RSSI: -43
2026-08-11 09:35:35,ID: 166,ID2: 169, Timer: 41013, RSSI: -43
2026-08-11 09:35:35,ID: 166,ID2: 169, Timer: 41013, RSSI: -43
2026-08-11 09:35:35,ID: 166,ID2: 169, Timer: 41020, RSSI: -50
2026-08-11 09:35:35,ID: 166,ID2: 169, Timer: 41055, RSSI: -44
2026-08-11 09:35:35,ID: 166,ID2: 169, Timer: 41076, RSSI: -44
2026-08-11 09:35:35,ID: 166,ID2: 169, Timer: 41097, RSSI: -44
2026-08-11 09:35:35,ID: 166,ID2: 169, Timer: 41104, RSSI: -49
2026-08-11 09:35:35,ID: 166,ID2: 169, Timer: 41118, RSSI: -44
2026-08-11 09:35:35,ID: 166,ID2: 169, Timer: 41132, RSSI: -48
2026-08-11 09:35:35,ID: 166,ID2: 169, Timer: 41139, RSSI: -44
2026-08-11 09:35:35,ID: 166,ID2: 169, Timer: 41146, RSSI: -50
2026-08-11 09:35:35,ID: 166,ID2: 169, Timer: 41153, RSSI: -48
2026-08-11 09:35:35,ID: 166,ID2: 169, Timer: 41167, RSSI: -50
2026-08-11 09:35:35,ID: 166,ID2: 169, Timer: 41181, RSSI: -44
2026-08-11 09:35:35,ID: 166,ID2: 169, Timer: 41202, RSSI: -44
2026-08-11 09:35:35,ID: 166,ID2: 169, Timer: 41216, RSSI: -49
2026-08-11 09:35:35,ID: 166,ID2: 169, Timer: 41223, RSSI: -44
2026-08-11 09:35:35,ID: 166,ID2: 169, Timer: 41230, RSSI: -50
2026-08-11 09:35:35,ID: 166,ID2: 169, Timer: 41258, RSSI: -49
2026-08-11 09:35:35,ID: 166,ID2: 169, Timer: 41265, RSSI: -44
2026-08-11 09:35:35,ID: 166,ID2: 169, Timer: 41307, RSSI: -44
2026-08-11 09:35:35,ID: 166,ID2: 169, Timer: 41321, RSSI: -49
2026-08-11 09:35:35,ID: 166,ID2: 169, Timer: 41342, RSSI: -49
2026-08-11 09:35:35,ID: 166,ID2: 169, Timer: 41349, RSSI: -43
2026-08-11 09:35:35,ID: 166,ID2: 169, Timer: 41349, RSSI: -43
2026-08-11 09:35:35,ID: 166,ID2: 169, Timer: 41356, RSSI: -50
2026-08-11 09:35:35,ID: 166,ID2: 169, Timer: 41370, RSSI: -43
2026-08-11 09:35:35,ID: 166,ID2: 169, Timer: 41377, RSSI: -50
2026-08-11 09:35:35,ID: 166,ID2: 169, Timer: 41384, RSSI: -49
2026-08-11 09:35:35,ID: 166,ID2: 169, Timer: 41391, RSSI: -44
2026-08-11 09:35:35,ID: 166,ID2: 169, Timer: 41398, RSSI: -50
2026-08-11 09:35:35,ID: 166,ID2: 169, Timer: 41405, RSSI: -49
2026-08-11 09:35:35,ID: 166,ID2: 169, Timer: 41412, RSSI: -43
2026-08-11 09:35:35,ID: 166,ID2: 169, Timer: 41419, RSSI: -50
2026-08-11 09:35:35,ID: 166,ID2: 169, Timer: 41426, RSSI: -49
2026-08-11 09:35:35,ID: 166,ID2: 169, Timer: 41433, RSSI: -44
2026-08-11 09:35:35,ID: 166,ID2: 169, Timer: 41447, RSSI: -50
2026-08-11 09:35:35,ID: 166,ID2: 169, Timer: 41461, RSSI: -52
2026-08-11 09:35:35,ID: 166,ID2: 169, Timer: 41475, RSSI: -44
2026-08-11 09:35:35,ID: 166,ID2: 169, Timer: 41482, RSSI: -52
2026-08-11 09:35:35,ID: 166,ID2: 169, Timer: 41496, RSSI: -44
2026-08-11 09:35:35,ID: 166,ID2: 169, Timer: 41524, RSSI: -52
2026-08-11 09:35:35,ID: 166,ID2: 169, Timer: 41545, RSSI: -52
2026-08-11 09:35:35,ID: 166,ID2: 169, Timer: 41559, RSSI: -44
2026-08-11 09:35:35,ID: 166,ID2: 169, Timer: 41559, RSSI: -44
2026-08-11 09:35:35,ID: 166,ID2: 169, Timer: 41566, RSSI: -52
2026-08-11 09:35:35,ID: 166,ID2: 169, Timer: 41594, RSSI: -49
2026-08-11 09:35:35,ID: 166,ID2: 169, Timer: 41601, RSSI: -51
2026-08-11 09:35:35,ID: 166,ID2: 169, Timer: 41601, RSSI: -51
2026-08-11 09:35:35,ID: 166,ID2: 169, Timer: 41615, RSSI: -49
2026-08-11 09:35:35,ID: 166,ID2: 169, Timer: 41629, RSSI: -53
2026-08-11 09:35:35,ID: 166,ID2: 169, Timer: 41636, RSSI: -50
2026-08-11 09:35:35,ID: 166,ID2: 169, Timer: 41643, RSSI: -51
2026-08-11 09:35:35,ID: 166,ID2: 169, Timer: 41678, RSSI: -50
2026-08-11 09:35:35,ID: 166,ID2: 169, Timer: 41685, RSSI: -52
2026-08-11 09:35:35,ID: 166,ID2: 169, Timer: 41692, RSSI: -54
2026-08-11 09:35:35,ID: 166,ID2: 169, Timer: 41713, RSSI: -56
2026-08-11 09:35:35,ID: 166,Current Timer: 41717
2026-08-11 09:35:35,ID: 166,Contact Count: 0
2026-08-11 09:35:35,ID: 166,Voltage: 2854
2026-08-11 09:35:36,ID: 166,Current Timer: 41717
2026-08-11 09:35:36,ID: 166,Contact Count: 0
2026-08-11 09:35:36,ID: 166,Voltage: 2854
2026-08-11 09:35:36,ID: 166,Current Timer: 41717
2026-08-11 09:35:36,ID: 166,Contact Count: 0
2026-08-11 09:35:36,ID: 166,Voltage: 2854
2026-08-11 09:35:37,ID: 166,Current Timer: 41718
2026-08-11 09:35:37,ID: 166,Contact Count: 0
2026-08-11 09:35:37,ID: 166,Voltage: 2854
2026-08-11 09:35:37,ID: 169,Current Timer: 6385
2026-08-11 09:35:37,ID: 169,Contact Count: 0
2026-08-11 09:35:37,ID: 169,Voltage: 2900
2026-08-11 09:35:38,ID: 169,Current Timer: 6385
2026-08-11 09:35:38,ID: 169,Contact Count: 0
2026-08-11 09:35:38,ID: 169,Voltage: 2900
2026-08-11 09:35:38,ID: 169,Current Timer: 6386
2026-08-11 09:35:38,ID: 169,Contact Count: 0
2026-08-11 09:35:38,ID: 169,Voltage: 2900
2026-08-11 09:35:39,ID: 169,Current Timer: 6386
2026-08-11 09:35:39,ID: 169,Contact Count: 0
2026-08-11 09:35:39,ID: 169,Voltage: 2900
2026-08-11 09:35:39,ID: 169,Current Timer: 6387
2026-08-11 09:35:39,ID: 169,Contact Count: 0
2026-08-11 09:35:39,ID: 169,Voltage: 2900
