2026-08-12 09:17:51,ID: 168,Status: 0
2026-08-12 09:17:51,ID: 168,Current Timer: 34942
2026-08-12 09:17:51,ID: 168,Contact Count: 31
2026-08-12 09:17:51,ID: 168,Voltage: 2920
2026-08-12 09:17:51,ID: 168,ID2: 170, Timer: 34604, RSSI: -43
2026-08-12 09:17:51,ID: 168,ID2: 170, Timer: 34611, RSSI: -56
2026-08-12 09:17:51,ID: 168,ID2: 170, Timer: 34625, RSSI: -43
2026-08-12 09:17:51,ID: 168,ID2: 170, Timer: 34639, RSSI: -47
2026-08-12 09:17:51,ID: 168,ID2: 170, Timer: 34646, RSSI: -38
2026-08-12 09:17:51,ID: 168,ID2: 170, Timer: 34653, RSSI: -50
2026-08-12 09:17:51,ID: 168,ID2: 170, Timer: 34660, RSSI: -46
2026-08-12 09:17:51,ID: 168,ID2: 170, Timer: 34667, RSSI: -41
2026-08-12 09:17:51,ID: 168,ID2: 170, Timer: 34674, RSSI: -51
2026-08-12 09:17:51,ID: 168,ID2: 170, Timer: 34688, RSSI: -42
2026-08-12 09:17:51,ID: 168,ID2: 170, Timer: 34688, RSSI: -42
2026-08-12 09:17:51,ID: 168,ID2: 170, Timer: 34702, RSSI: -49
2026-08-12 09:17:51,ID: 168,ID2: 170, Timer: 34716, RSSI: -51
2026-08-12 09:17:51,ID: 168,ID2: 170, Timer: 34730, RSSI: -37
2026-08-12 09:17:51,ID: 168,ID2: 170, Timer: 34744, RSSI: -48
2026-08-12 09:17:51,ID: 168,ID2: 170, Timer: 34758, RSSI: -49
2026-08-12 09:17:51,ID: 168,ID2: 170, Timer: 34765, RSSI: -46
2026-08-12 09:17:51,ID: 168,ID2: 170, Timer: 34772, RSSI: -37
2026-08-12 09:17:51,ID: 168,ID2: 170, Timer: 34779, RSSI: -49
2026-08-12 09:17:51,ID: 168,ID2: 170, Timer: 34807, RSSI: -37
2026-08-12 09:17:51,ID: 168,ID2: 170, Timer: 34814, RSSI: -34
2026-08-12 09:17:51,ID: 168,ID2: 170, Timer: 34821, RSSI: -44
2026-08-12 09:17:51,ID: 168,ID2: 170, Timer: 34828, RSSI: -50
2026-08-12 09:17:51,ID: 168,ID2: 170, Timer: 34842, RSSI: -60
2026-08-12 09:17:51,ID: 168,ID2: 170, Timer: 34856, RSSI: -58
2026-08-12 09:17:51,ID: 168,ID2: 170, Timer: 34884, RSSI: -63
2026-08-12 09:17:51,ID: 168,ID2: 170, Timer: 34891, RSSI: -64
2026-08-12 09:17:51,ID: 168,ID2: 170, Timer: 34898, RSSI: -55
2026-08-12 09:17:51,ID: 168,ID2: 170, Timer: 34912, RSSI: -60
2026-08-12 09:17:51,ID: 168,ID2: 170, Timer: 34940, RSSI: -62
2026-08-12 09:17:51,ID: 168,ID2: 170, Timer: 34940, RSSI: -61
2026-08-12 09:17:51,ID: 168,Transfer complete. Disconnecting
2026-08-12 09:17:52,ID: 168,Status: 0
2026-08-12 09:17:52,ID: 168,Current Timer: 34942
2026-08-12 09:17:52,ID: 168,Contact Count: 0
2026-08-12 09:17:52,ID: 168,Voltage: 2920
2026-08-12 09:17:52,ID: 168,Transfer complete. Disconnecting
2026-08-12 09:17:52,ID: 168,Status: 0
2026-08-12 09:17:52,ID: 168,Current Timer: 34943
2026-08-12 09:17:52,ID: 168,Contact Count: 0
2026-08-12 09:17:52,ID: 168,Voltage: 2920
2026-08-12 09:17:52,ID: 168,Transfer complete. Disconnecting
2026-08-12 09:17:52,ID: 168,Status: 0
2026-08-12 09:17:53,ID: 168,Current Timer: 34943
2026-08-12 09:17:53,ID: 168,Contact Count: 0
2026-08-12 09:17:53,ID: 168,Voltage: 2920
2026-08-12 09:17:53,ID: 168,Transfer complete. Disconnecting
2026-08-12 09:17:53,ID: 170,Status: 32
2026-08-12 09:17:53,ID: 170,Current Timer: 32264
2026-08-12 09:17:53,ID: 170,Contact Count: 1461
2026-08-12 09:17:53,ID: 170,Voltage: 2939
2026-08-12 09:17:53,ID: 170,ID2: 168, Timer: 9, RSSI: -79
2026-08-12 09:17:53,ID: 170,ID2: 168, Timer: 16, RSSI: -74
2026-08-12 09:17:53,ID: 170,ID2: 168, Timer: 23, RSSI: -55
2026-08-12 09:17:53,ID: 170,ID2: 168, Timer: 30, RSSI: -67
2026-08-12 09:17:53,ID: 170,ID2: 168, Timer: 58, RSSI: -79
2026-08-12 09:17:53,ID: 170,ID2: 168, Timer: 114, RSSI: -79
2026-08-12 09:17:53,ID: 170,ID2: 168, Timer: 156, RSSI: -76
2026-08-12 09:17:53,ID: 170,ID2: 168, Timer: 282, RSSI: -69
2026-08-12 09:17:53,ID: 170,ID2: 168, Timer: 380, RSSI: -76
2026-08-12 09:17:53,ID: 170,ID2: 168, Timer: 380, RSSI: -79
2026-08-12 09:17:53,ID: 170,ID2: 168, Timer: 422, RSSI: -78
2026-08-12 09:17:53,ID: 170,ID2: 168, Timer: 429, RSSI: -67
2026-08-12 09:17:53,ID: 170,ID2: 168, Timer: 443, RSSI: -62
2026-08-12 09:17:53,ID: 170,ID2: 167, Timer: 492, RSSI: -78
2026-08-12 09:17:53,ID: 170,ID2: 168, Timer: 492, RSSI: -74
2026-08-12 09:17:53,ID: 170,ID2: 168, Timer: 520, RSSI: -75
2026-08-12 09:17:53,ID: 170,ID2: 168, Timer: 534, RSSI: -78
2026-08-12 09:17:53,ID: 170,ID2: 168, Timer: 548, RSSI: -78
2026-08-12 09:17:53,ID: 170,ID2: 168, Timer: 548, RSSI: -65
2026-08-12 09:17:53,ID: 170,ID2: 168, Timer: 569, RSSI: -79
2026-08-12 09:17:53,ID: 170,ID2: 168, Timer: 590, RSSI: -76
2026-08-12 09:17:53,ID: 170,ID2: 168, Timer: 597, RSSI: -69
2026-08-12 09:17:53,ID: 170,ID2: 168, Timer: 611, RSSI: -78
2026-08-12 09:17:53,ID: 170,ID2: 168, Timer: 660, RSSI: -56
2026-08-12 09:17:53,ID: 170,ID2: 168, Timer: 674, RSSI: -79
2026-08-12 09:17:53,ID: 170,ID2: 168, Timer: 674, RSSI: -72
2026-08-12 09:17:53,ID: 170,ID2: 168, Timer: 688, RSSI: -79
2026-08-12 09:17:53,ID: 170,ID2: 168, Timer: 695, RSSI: -77
2026-08-12 09:17:53,ID: 170,ID2: 168, Timer: 716, RSSI: -78
2026-08-12 09:17:53,ID: 170,ID2: 168, Timer: 716, RSSI: -79
2026-08-12 09:17:53,ID: 170,ID2: 168, Timer: 723, RSSI: -79
2026-08-12 09:17:53,ID: 170,ID2: 168, Timer: 730, RSSI: -79
2026-08-12 09:17:53,ID: 170,ID2: 168, Timer: 751, RSSI: -75
2026-08-12 09:17:53,ID: 170,ID2: 168, Timer: 765, RSSI: -78
2026-08-12 09:17:53,ID: 170,ID2: 168, Timer: 786, RSSI: -76
2026-08-12 09:17:53,ID: 170,ID2: 168, Timer: 842, RSSI: -67
2026-08-12 09:17:53,ID: 170,ID2: 168, Timer: 849, RSSI: -76
2026-08-12 09:17:53,ID: 170,ID2: 168, Timer: 863, RSSI: -67
2026-08-12 09:17:53,ID: 170,ID2: 168, Timer: 870, RSSI: -64
2026-08-12 09:17:53,ID: 170,ID2: 168, Timer: 884, RSSI: -65
2026-08-12 09:17:53,ID: 170,ID2: 168, Timer: 926, RSSI: -67
2026-08-12 09:17:53,ID: 170,ID2: 168, Timer: 926, RSSI: -77
2026-08-12 09:17:53,ID: 170,ID2: 168, Timer: 968, RSSI: -74
2026-08-12 09:17:53,ID: 170,ID2: 168, Timer: 975, RSSI: -78
2026-08-12 09:17:53,ID: 170,ID2: 168, Timer: 1031, RSSI: -72
2026-08-12 09:17:53,ID: 170,ID2: 168, Timer: 1052, RSSI: -76
2026-08-12 09:17:53,ID: 170,ID2: 168, Timer: 1066, RSSI: -80
2026-08-12 09:17:53,ID: 170,ID2: 168, Timer: 1087, RSSI: -75
2026-08-12 09:17:53,ID: 170,ID2: 168, Timer: 1094, RSSI: -54
2026-08-12 09:17:53,ID: 170,ID2: 168, Timer: 1094, RSSI: -54
2026-08-12 09:17:53,ID: 170,ID2: 168, Timer: 1136, RSSI: -76
2026-08-12 09:17:53,ID: 170,ID2: 168, Timer: 1150, RSSI: -74
2026-08-12 09:17:53,ID: 170,ID2: 168, Timer: 1178, RSSI: -75
2026-08-12 09:17:53,ID: 170,ID2: 168, Timer: 1192, RSSI: -78
2026-08-12 09:17:53,ID: 170,ID2: 168, Timer: 1206, RSSI: -75
2026-08-12 09:17:53,ID: 170,ID2: 168, Timer: 1248, RSSI: -74
2026-08-12 09:17:53,ID: 170,ID2: 168, Timer: 1290, RSSI: -74
2026-08-12 09:17:53,ID: 170,ID2: 168, Timer: 1304, RSSI: -79
2026-08-12 09:17:53,ID: 170,ID2: 168, Timer: 1311, RSSI: -72
2026-08-12 09:17:53,ID: 170,ID2: 168, Timer: 1409, RSSI: -80
2026-08-12 09:17:53,ID: 170,ID2: 168, Timer: 1416, RSSI: -72
2026-08-12 09:17:53,ID: 170,ID2: 168, Timer: 1430, RSSI: -80
2026-08-12 09:17:53,ID: 170,ID2: 168, Timer: 1430, RSSI: -79
2026-08-12 09:17:53,ID: 170,ID2: 168, Timer: 1472, RSSI: -80
2026-08-12 09:17:53,ID: 170,ID2: 168, Timer: 1486, RSSI: -80
2026-08-12 09:17:53,ID: 170,ID2: 168, Timer: 1507, RSSI: -80
2026-08-12 09:17:53,ID: 170,ID2: 168, Timer: 1514, RSSI: -79
2026-08-12 09:17:53,ID: 170,ID2: 168, Timer: 1542, RSSI: -72
2026-08-12 09:17:53,ID: 170,ID2: 168, Timer: 1556, RSSI: -78
2026-08-12 09:17:53,ID: 170,ID2: 168, Timer: 1577, RSSI: -79
2026-08-12 09:17:53,ID: 170,ID2: 168, Timer: 1598, RSSI: -76
2026-08-12 09:17:53,ID: 170,ID2: 168, Timer: 1598, RSSI: -76
2026-08-12 09:17:53,ID: 170,ID2: 168, Timer: 1605, RSSI: -73
2026-08-12 09:17:53,ID: 170,ID2: 168, Timer: 1640, RSSI: -79
2026-08-12 09:17:53,ID: 170,ID2: 168, Timer: 1647, RSSI: -76
2026-08-12 09:17:53,ID: 170,ID2: 168, Timer: 1668, RSSI: -73
2026-08-12 09:17:53,ID: 170,ID2: 168, Timer: 1682, RSSI: -80
2026-08-12 09:17:53,ID: 170,ID2: 168, Timer: 1682, RSSI: -80
2026-08-12 09:17:53,ID: 170,ID2: 168, Timer: 1689, RSSI: -75
2026-08-12 09:17:53,ID: 170,ID2: 168, Timer: 1766, RSSI: -79
2026-08-12 09:17:53,ID: 170,ID2: 168, Timer: 1773, RSSI: -77
2026-08-12 09:17:53,ID: 170,ID2: 168, Timer: 1808, RSSI: -79
2026-08-12 09:17:53,ID: 170,ID2: 168, Timer: 1829, RSSI: -77
2026-08-12 09:17:53,ID: 170,ID2: 168, Timer: 1850, RSSI: -77
2026-08-12 09:17:53,ID: 170,ID2: 168, Timer: 1850, RSSI: -78
2026-08-12 09:17:53,ID: 170,ID2: 168, Timer: 1857, RSSI: -78
2026-08-12 09:17:53,ID: 170,ID2: 168, Timer: 1878, RSSI: -76
2026-08-12 09:17:53,ID: 170,ID2: 168, Timer: 1892, RSSI: -80
2026-08-12 09:17:53,ID: 170,ID2: 168, Timer: 1920, RSSI: -76
2026-08-12 09:17:53,ID: 170,ID2: 168, Timer: 1983, RSSI: -78
2026-08-12 09:17:53,ID: 170,ID2: 168, Timer: 1997, RSSI: -79
2026-08-12 09:17:53,ID: 170,ID2: 168, Timer: 2004, RSSI: -77
2026-08-12 09:17:53,ID: 170,ID2: 168, Timer: 2018, RSSI: -79
2026-08-12 09:17:53,ID: 170,ID2: 168, Timer: 2018, RSSI: -79
2026-08-12 09:17:53,ID: 170,ID2: 168, Timer: 2025, RSSI: -77
2026-08-12 09:17:53,ID: 170,ID2: 168, Timer: 2039, RSSI: -80
2026-08-12 09:17:53,ID: 170,ID2: 168, Timer: 2088, RSSI: -77
2026-08-12 09:17:53,ID: 170,ID2: 168, Timer: 2130, RSSI: -77
2026-08-12 09:17:53,ID: 170,ID2: 168, Timer: 2172, RSSI: -77
2026-08-12 09:17:53,ID: 170,ID2: 168, Timer: 2214, RSSI: -77
2026-08-12 09:17:53,ID: 170,ID2: 168, Timer: 2277, RSSI: -77
2026-08-12 09:17:53,ID: 170,ID2: 168, Timer: 2298, RSSI: -77
2026-08-12 09:17:53,ID: 170,ID2: 168, Timer: 2319, RSSI: -77
2026-08-12 09:17:53,ID: 170,ID2: 168, Timer: 2340, RSSI: -77
2026-08-12 09:17:53,ID: 170,ID2: 168, Timer: 2424, RSSI: -76
2026-08-12 09:17:53,ID: 170,ID2: 168, Timer: 2445, RSSI: -76
2026-08-12 09:17:53,ID: 170,ID2: 168, Timer: 2739, RSSI: -76
2026-08-12 09:17:53,ID: 170,ID2: 168, Timer: 2760, RSSI: -76
2026-08-12 09:17:53,ID: 170,ID2: 168, Timer: 2907, RSSI: -77
2026-08-12 09:17:53,ID: 170,ID2: 168, Timer: 2949, RSSI: -77
2026-08-12 09:17:53,ID: 170,ID2: 168, Timer: 3033, RSSI: -76
2026-08-12 09:17:53,ID: 170,ID2: 168, Timer: 3054, RSSI: -76
2026-08-12 09:17:53,ID: 170,ID2: 168, Timer: 3075, RSSI: -76
2026-08-12 09:17:53,ID: 170,ID2: 168, Timer: 3243, RSSI: -77
2026-08-12 09:17:53,ID: 170,ID2: 168, Timer: 3306, RSSI: -76
2026-08-12 09:17:53,ID: 170,ID2: 168, Timer: 3369, RSSI: -76
2026-08-12 09:17:53,ID: 170,ID2: 168, Timer: 3390, RSSI: -76
2026-08-12 09:17:53,ID: 170,ID2: 168, Timer: 3432, RSSI: -75
2026-08-12 09:17:53,ID: 170,ID2: 168, Timer: 3558, RSSI: -76
2026-08-12 09:17:53,ID: 170,ID2: 168, Timer: 3600, RSSI: -75
2026-08-12 09:17:53,ID: 170,ID2: 168, Timer: 3663, RSSI: -75
2026-08-12 09:17:53,ID: 170,ID2: 168, Timer: 3705, RSSI: -75
2026-08-12 09:17:53,ID: 170,ID2: 168, Timer: 3831, RSSI: -75
2026-08-12 09:17:53,ID: 170,ID2: 168, Timer: 3894, RSSI: -75
2026-08-12 09:17:53,ID: 170,ID2: 168, Timer: 3978, RSSI: -75
2026-08-12 09:17:53,ID: 170,ID2: 168, Timer: 4062, RSSI: -75
2026-08-12 09:17:53,ID: 170,ID2: 168, Timer: 4146, RSSI: -76
2026-08-12 09:17:53,ID: 170,ID2: 168, Timer: 4314, RSSI: -76
2026-08-12 09:17:53,ID: 170,ID2: 168, Timer: 4356, RSSI: -76
2026-08-12 09:17:53,ID: 170,ID2: 168, Timer: 4377, RSSI: -75
2026-08-12 09:17:53,ID: 170,ID2: 168, Timer: 4419, RSSI: -75
2026-08-12 09:17:53,ID: 170,ID2: 168, Timer: 4461, RSSI: -76
2026-08-12 09:17:53,ID: 170,ID2: 168, Timer: 4482, RSSI: -76
2026-08-12 09:17:53,ID: 170,ID2: 168, Timer: 4524, RSSI: -75
2026-08-12 09:17:53,ID: 170,ID2: 168, Timer: 4587, RSSI: -75
2026-08-12 09:17:53,ID: 170,ID2: 168, Timer: 4608, RSSI: -76
2026-08-12 09:17:53,ID: 170,ID2: 168, Timer: 4650, RSSI: -75
2026-08-12 09:17:53,ID: 170,ID2: 168, Timer: 4671, RSSI: -75
2026-08-12 09:17:53,ID: 170,ID2: 168, Timer: 4776, RSSI: -76
2026-08-12 09:17:53,ID: 170,ID2: 168, Timer: 4818, RSSI: -76
2026-08-12 09:17:53,ID: 170,ID2: 168, Timer: 4839, RSSI: -75
2026-08-12 09:17:53,ID: 170,ID2: 168, Timer: 4986, RSSI: -76
2026-08-12 09:17:53,ID: 170,ID2: 168, Timer: 5154, RSSI: -75
2026-08-12 09:17:53,ID: 170,ID2: 168, Timer: 5196, RSSI: -75
2026-08-12 09:17:53,ID: 170,ID2: 168, Timer: 5238, RSSI: -75
2026-08-12 09:17:53,ID: 170,ID2: 168, Timer: 5259, RSSI: -75
2026-08-12 09:17:53,ID: 170,ID2: 168, Timer: 5301, RSSI: -75
2026-08-12 09:17:53,ID: 170,ID2: 168, Timer: 5322, RSSI: -75
2026-08-12 09:17:53,ID: 170,ID2: 168, Timer: 5364, RSSI: -73
2026-08-12 09:17:53,ID: 170,ID2: 168, Timer: 5406, RSSI: -74
2026-08-12 09:17:53,ID: 170,ID2: 168, Timer: 5427, RSSI: -74
2026-08-12 09:17:53,ID: 170,ID2: 168, Timer: 5448, RSSI: -74
2026-08-12 09:17:53,ID: 170,ID2: 168, Timer: 5511, RSSI: -73
2026-08-12 09:17:53,ID: 170,ID2: 168, Timer: 5574, RSSI: -74
2026-08-12 09:17:53,ID: 170,ID2: 168, Timer: 5721, RSSI: -73
2026-08-12 09:17:53,ID: 170,ID2: 168, Timer: 5742, RSSI: -73
2026-08-12 09:17:53,ID: 170,ID2: 168, Timer: 5889, RSSI: -74
2026-08-12 09:17:53,ID: 170,ID2: 168, Timer: 5973, RSSI: -74
2026-08-12 09:17:53,ID: 170,ID2: 168, Timer: 6036, RSSI: -74
2026-08-12 09:17:53,ID: 170,ID2: 168, Timer: 6099, RSSI: -73
2026-08-12 09:17:53,ID: 170,ID2: 168, Timer: 6141, RSSI: -74
2026-08-12 09:17:53,ID: 170,ID2: 168, Timer: 6204, RSSI: -73
2026-08-12 09:17:53,ID: 170,ID2: 168, Timer: 6309, RSSI: -74
2026-08-12 09:17:53,ID: 170,ID2: 168, Timer: 6393, RSSI: -74
2026-08-12 09:17:53,ID: 170,ID2: 168, Timer: 6456, RSSI: -74
2026-08-12 09:17:53,ID: 170,ID2: 168, Timer: 6477, RSSI: -74
2026-08-12 09:17:53,ID: 170,ID2: 168, Timer: 6519, RSSI: -74
2026-08-12 09:17:53,ID: 170,ID2: 168, Timer: 6540, RSSI: -74
2026-08-12 09:17:53,ID: 170,ID2: 168, Timer: 6582, RSSI: -74
2026-08-12 09:17:53,ID: 170,ID2: 168, Timer: 6645, RSSI: -74
2026-08-12 09:17:53,ID: 170,ID2: 168, Timer: 6687, RSSI: -74
2026-08-12 09:17:53,ID: 170,ID2: 168, Timer: 6708, RSSI: -74
2026-08-12 09:17:53,ID: 170,ID2: 168, Timer: 6729, RSSI: -74
2026-08-12 09:17:53,ID: 170,ID2: 168, Timer: 6771, RSSI: -74
2026-08-12 09:17:53,ID: 170,ID2: 168, Timer: 6834, RSSI: -74
2026-08-12 09:17:53,ID: 170,ID2: 168, Timer: 6876, RSSI: -74
2026-08-12 09:17:53,ID: 170,ID2: 168, Timer: 6939, RSSI: -74
2026-08-12 09:17:53,ID: 170,ID2: 168, Timer: 6981, RSSI: -74
2026-08-12 09:17:53,ID: 170,ID2: 168, Timer: 7002, RSSI: -74
2026-08-12 09:17:53,ID: 170,ID2: 168, Timer: 7023, RSSI: -74
2026-08-12 09:17:53,ID: 170,ID2: 168, Timer: 7044, RSSI: -74
2026-08-12 09:17:53,ID: 170,ID2: 168, Timer: 7065, RSSI: -74
2026-08-12 09:17:53,ID: 170,ID2: 168, Timer: 7086, RSSI: -74
2026-08-12 09:17:53,ID: 170,ID2: 168, Timer: 7128, RSSI: -74
2026-08-12 09:17:53,ID: 170,ID2: 168, Timer: 7170, RSSI: -74
2026-08-12 09:17:53,ID: 170,ID2: 168, Timer: 7191, RSSI: -74
2026-08-12 09:17:53,ID: 170,ID2: 168, Timer: 7401, RSSI: -75
2026-08-12 09:17:53,ID: 170,ID2: 168, Timer: 7443, RSSI: -75
2026-08-12 09:17:53,ID: 170,ID2: 168, Timer: 7464, RSSI: -75
2026-08-12 09:17:53,ID: 170,ID2: 168, Timer: 7569, RSSI: -74
2026-08-12 09:17:53,ID: 170,ID2: 168, Timer: 7590, RSSI: -74
2026-08-12 09:17:53,ID: 170,ID2: 168, Timer: 7632, RSSI: -75
2026-08-12 09:17:53,ID: 170,ID2: 168, Timer: 7653, RSSI: -74
2026-08-12 09:17:53,ID: 170,ID2: 168, Timer: 7695, RSSI: -74
2026-08-12 09:17:53,ID: 170,ID2: 168, Timer: 7758, RSSI: -74
2026-08-12 09:17:53,ID: 170,ID2: 168, Timer: 7863, RSSI: -74
2026-08-12 09:17:53,ID: 170,ID2: 168, Timer: 7884, RSSI: -74
2026-08-12 09:17:53,ID: 170,ID2: 168, Timer: 7926, RSSI: -74
2026-08-12 09:17:53,ID: 170,ID2: 168, Timer: 7968, RSSI: -75
2026-08-12 09:17:53,ID: 170,ID2: 168, Timer: 7989, RSSI: -74
2026-08-12 09:17:53,ID: 170,ID2: 168, Timer: 8094, RSSI: -75
2026-08-12 09:17:53,ID: 170,ID2: 168, Timer: 8178, RSSI: -74
2026-08-12 09:17:53,ID: 170,ID2: 168, Timer: 8241, RSSI: -74
2026-08-12 09:17:53,ID: 170,ID2: 168, Timer: 8346, RSSI: -74
2026-08-12 09:17:53,ID: 170,ID2: 168, Timer: 8430, RSSI: -75
2026-08-12 09:17:53,ID: 170,ID2: 168, Timer: 8493, RSSI: -74
2026-08-12 09:17:53,ID: 170,ID2: 168, Timer: 8514, RSSI: -74
2026-08-12 09:17:53,ID: 170,ID2: 168, Timer: 8577, RSSI: -74
2026-08-12 09:17:53,ID: 170,ID2: 168, Timer: 8598, RSSI: -75
2026-08-12 09:17:53,ID: 170,ID2: 168, Timer: 8661, RSSI: -74
2026-08-12 09:17:53,ID: 170,ID2: 168, Timer: 8724, RSSI: -75
2026-08-12 09:17:53,ID: 170,ID2: 168, Timer: 8766, RSSI: -75
2026-08-12 09:17:53,ID: 170,ID2: 168, Timer: 8871, RSSI: -74
2026-08-12 09:17:53,ID: 170,ID2: 168, Timer: 8892, RSSI: -74
2026-08-12 09:17:53,ID: 170,ID2: 168, Timer: 8934, RSSI: -75
2026-08-12 09:17:53,ID: 170,ID2: 168, Timer: 9081, RSSI: -74
2026-08-12 09:17:53,ID: 170,ID2: 168, Timer: 9123, RSSI: -75
2026-08-12 09:17:53,ID: 170,ID2: 168, Timer: 9207, RSSI: -75
2026-08-12 09:17:53,ID: 170,ID2: 168, Timer: 9249, RSSI: -74
2026-08-12 09:17:53,ID: 170,ID2: 168, Timer: 9270, RSSI: -74
2026-08-12 09:17:53,ID: 170,ID2: 168, Timer: 9291, RSSI: -74
2026-08-12 09:17:53,ID: 170,ID2: 168, Timer: 9396, RSSI: -74
2026-08-12 09:17:53,ID: 170,ID2: 168, Timer: 9480, RSSI: -74
2026-08-12 09:17:53,ID: 170,ID2: 168, Timer: 9501, RSSI: -75
2026-08-12 09:17:53,ID: 170,ID2: 168, Timer: 9522, RSSI: -74
2026-08-12 09:17:53,ID: 170,ID2: 168, Timer: 9669, RSSI: -75
2026-08-12 09:17:53,ID: 170,ID2: 168, Timer: 9690, RSSI: -74
2026-08-12 09:17:53,ID: 170,ID2: 168, Timer: 9816, RSSI: -75
2026-08-12 09:17:53,ID: 170,ID2: 168, Timer: 9900, RSSI: -74
2026-08-12 09:17:53,ID: 170,ID2: 168, Timer: 9921, RSSI: -74
2026-08-12 09:17:53,ID: 170,ID2: 168, Timer: 9984, RSSI: -74
2026-08-12 09:17:53,ID: 170,ID2: 168, Timer: 10110, RSSI: -74
2026-08-12 09:17:53,ID: 170,ID2: 168, Timer: 10152, RSSI: -74
2026-08-12 09:17:53,ID: 170,ID2: 168, Timer: 10278, RSSI: -74
2026-08-12 09:17:53,ID: 170,ID2: 168, Timer: 10299, RSSI: -74
2026-08-12 09:17:53,ID: 170,ID2: 168, Timer: 10341, RSSI: -74
2026-08-12 09:17:53,ID: 170,ID2: 168, Timer: 10362, RSSI: -74
2026-08-12 09:17:53,ID: 170,ID2: 168, Timer: 10383, RSSI: -74
2026-08-12 09:17:53,ID: 170,ID2: 168, Timer: 10425, RSSI: -74
2026-08-12 09:17:53,ID: 170,ID2: 168, Timer: 10446, RSSI: -74
2026-08-12 09:17:53,ID: 170,ID2: 168, Timer: 10509, RSSI: -74
2026-08-12 09:17:53,ID: 170,ID2: 168, Timer: 10572, RSSI: -75
2026-08-12 09:17:53,ID: 170,ID2: 168, Timer: 10614, RSSI: -74
2026-08-12 09:17:53,ID: 170,ID2: 168, Timer: 10656, RSSI: -74
2026-08-12 09:17:53,ID: 170,ID2: 168, Timer: 10698, RSSI: -74
2026-08-12 09:17:53,ID: 170,ID2: 168, Timer: 10740, RSSI: -74
2026-08-12 09:17:53,ID: 170,ID2: 168, Timer: 10782, RSSI: -74
2026-08-12 09:17:53,ID: 170,ID2: 168, Timer: 10824, RSSI: -74
2026-08-12 09:17:53,ID: 170,ID2: 168, Timer: 10845, RSSI: -74
2026-08-12 09:17:53,ID: 170,ID2: 168, Timer: 10908, RSSI: -74
2026-08-12 09:17:53,ID: 170,ID2: 168, Timer: 10929, RSSI: -74
2026-08-12 09:17:53,ID: 170,ID2: 168, Timer: 10992, RSSI: -74
2026-08-12 09:17:53,ID: 170,ID2: 168, Timer: 11013, RSSI: -74
2026-08-12 09:17:53,ID: 170,ID2: 168, Timer: 11118, RSSI: -74
2026-08-12 09:17:53,ID: 170,ID2: 168, Timer: 11139, RSSI: -74
2026-08-12 09:17:53,ID: 170,ID2: 168, Timer: 11160, RSSI: -74
2026-08-12 09:17:53,ID: 170,ID2: 168, Timer: 11202, RSSI: -74
2026-08-12 09:17:53,ID: 170,ID2: 168, Timer: 11223, RSSI: -74
2026-08-12 09:17:53,ID: 170,ID2: 168, Timer: 11265, RSSI: -74
2026-08-12 09:17:53,ID: 170,ID2: 168, Timer: 11412, RSSI: -74
2026-08-12 09:17:53,ID: 170,ID2: 168, Timer: 11433, RSSI: -74
2026-08-12 09:17:53,ID: 170,ID2: 168, Timer: 11454, RSSI: -74
2026-08-12 09:17:53,ID: 170,ID2: 168, Timer: 11475, RSSI: -74
2026-08-12 09:17:53,ID: 170,ID2: 168, Timer: 11496, RSSI: -74
2026-08-12 09:17:53,ID: 170,ID2: 168, Timer: 11517, RSSI: -74
2026-08-12 09:17:53,ID: 170,ID2: 168, Timer: 11538, RSSI: -74
2026-08-12 09:17:53,ID: 170,ID2: 168, Timer: 11559, RSSI: -74
2026-08-12 09:17:53,ID: 170,ID2: 168, Timer: 11580, RSSI: -74
2026-08-12 09:17:53,ID: 170,ID2: 168, Timer: 11622, RSSI: -74
2026-08-12 09:17:53,ID: 170,ID2: 168, Timer: 11685, RSSI: -74
2026-08-12 09:17:53,ID: 170,ID2: 168, Timer: 11706, RSSI: -75
2026-08-12 09:17:53,ID: 170,ID2: 168, Timer: 11748, RSSI: -75
2026-08-12 09:17:53,ID: 170,ID2: 168, Timer: 11769, RSSI: -75
2026-08-12 09:17:53,ID: 170,ID2: 168, Timer: 11790, RSSI: -74
2026-08-12 09:17:53,ID: 170,ID2: 168, Timer: 11811, RSSI: -74
2026-08-12 09:17:53,ID: 170,ID2: 168, Timer: 11832, RSSI: -75
2026-08-12 09:17:53,ID: 170,ID2: 168, Timer: 11874, RSSI: -75
2026-08-12 09:17:53,ID: 170,ID2: 168, Timer: 11916, RSSI: -74
2026-08-12 09:17:53,ID: 170,ID2: 168, Timer: 11958, RSSI: -74
2026-08-12 09:17:53,ID: 170,ID2: 168, Timer: 12021, RSSI: -75
2026-08-12 09:17:53,ID: 170,ID2: 168, Timer: 12063, RSSI: -75
2026-08-12 09:17:53,ID: 170,ID2: 168, Timer: 12105, RSSI: -75
2026-08-12 09:17:53,ID: 170,ID2: 168, Timer: 12189, RSSI: -75
2026-08-12 09:17:53,ID: 170,ID2: 168, Timer: 12210, RSSI: -74
2026-08-12 09:17:53,ID: 170,ID2: 168, Timer: 12252, RSSI: -75
2026-08-12 09:17:53,ID: 170,ID2: 168, Timer: 12273, RSSI: -74
2026-08-12 09:17:53,ID: 170,ID2: 168, Timer: 12294, RSSI: -74
2026-08-12 09:17:53,ID: 170,ID2: 168, Timer: 12315, RSSI: -75
2026-08-12 09:17:53,ID: 170,ID2: 168, Timer: 12399, RSSI: -74
2026-08-12 09:17:53,ID: 170,ID2: 168, Timer: 12462, RSSI: -74
2026-08-12 09:17:53,ID: 170,ID2: 168, Timer: 12546, RSSI: -75
2026-08-12 09:17:53,ID: 170,ID2: 168, Timer: 12588, RSSI: -75
2026-08-12 09:17:53,ID: 170,ID2: 168, Timer: 12609, RSSI: -74
2026-08-12 09:17:53,ID: 170,ID2: 168, Timer: 12651, RSSI: -75
2026-08-12 09:17:53,ID: 170,ID2: 168, Timer: 12756, RSSI: -75
2026-08-12 09:17:53,ID: 170,ID2: 168, Timer: 12777, RSSI: -74
2026-08-12 09:17:53,ID: 170,ID2: 168, Timer: 12798, RSSI: -74
2026-08-12 09:17:53,ID: 170,ID2: 168, Timer: 12840, RSSI: -74
2026-08-12 09:17:53,ID: 170,ID2: 168, Timer: 12861, RSSI: -74
2026-08-12 09:17:53,ID: 170,ID2: 168, Timer: 12903, RSSI: -74
2026-08-12 09:17:53,ID: 170,ID2: 168, Timer: 13092, RSSI: -74
2026-08-12 09:17:53,ID: 170,ID2: 168, Timer: 13197, RSSI: -74
2026-08-12 09:17:53,ID: 170,ID2: 168, Timer: 13239, RSSI: -74
2026-08-12 09:17:53,ID: 170,ID2: 168, Timer: 13302, RSSI: -74
2026-08-12 09:17:53,ID: 170,ID2: 168, Timer: 13344, RSSI: -74
2026-08-12 09:17:53,ID: 170,ID2: 168, Timer: 13386, RSSI: -74
2026-08-12 09:17:53,ID: 170,ID2: 168, Timer: 13533, RSSI: -74
2026-08-12 09:17:53,ID: 170,ID2: 168, Timer: 13617, RSSI: -74
2026-08-12 09:17:53,ID: 170,ID2: 168, Timer: 13701, RSSI: -73
2026-08-12 09:17:53,ID: 170,ID2: 168, Timer: 13722, RSSI: -73
2026-08-12 09:17:53,ID: 170,ID2: 168, Timer: 13743, RSSI: -73
2026-08-12 09:17:53,ID: 170,ID2: 168, Timer: 13911, RSSI: -74
2026-08-12 09:17:53,ID: 170,ID2: 168, Timer: 13932, RSSI: -73
2026-08-12 09:17:53,ID: 170,ID2: 168, Timer: 13953, RSSI: -74
2026-08-12 09:17:53,ID: 170,ID2: 168, Timer: 13995, RSSI: -74
2026-08-12 09:17:53,ID: 170,ID2: 168, Timer: 14079, RSSI: -73
2026-08-12 09:17:53,ID: 170,ID2: 168, Timer: 14184, RSSI: -74
2026-08-12 09:17:53,ID: 170,ID2: 168, Timer: 14205, RSSI: -73
2026-08-12 09:17:53,ID: 170,ID2: 168, Timer: 14268, RSSI: -74
2026-08-12 09:17:53,ID: 170,ID2: 168, Timer: 14331, RSSI: -74
2026-08-12 09:17:53,ID: 170,ID2: 168, Timer: 14373, RSSI: -73
2026-08-12 09:17:53,ID: 170,ID2: 168, Timer: 14415, RSSI: -73
2026-08-12 09:17:53,ID: 170,ID2: 168, Timer: 14436, RSSI: -73
2026-08-12 09:17:53,ID: 170,ID2: 168, Timer: 14499, RSSI: -74
2026-08-12 09:17:53,ID: 170,ID2: 168, Timer: 14583, RSSI: -73
2026-08-12 09:17:53,ID: 170,ID2: 168, Timer: 14604, RSSI: -73
2026-08-12 09:17:53,ID: 170,ID2: 168, Timer: 14667, RSSI: -73
2026-08-12 09:17:53,ID: 170,ID2: 168, Timer: 14688, RSSI: -73
2026-08-12 09:17:53,ID: 170,ID2: 168, Timer: 14814, RSSI: -73
2026-08-12 09:17:53,ID: 170,ID2: 168, Timer: 14835, RSSI: -73
2026-08-12 09:17:53,ID: 170,ID2: 168, Timer: 14856, RSSI: -74
2026-08-12 09:17:53,ID: 170,ID2: 168, Timer: 14877, RSSI: -74
2026-08-12 09:17:53,ID: 170,ID2: 168, Timer: 14898, RSSI: -73
2026-08-12 09:17:53,ID: 170,ID2: 168, Timer: 14940, RSSI: -73
2026-08-12 09:17:53,ID: 170,ID2: 168, Timer: 15108, RSSI: -73
2026-08-12 09:17:53,ID: 170,ID2: 168, Timer: 15150, RSSI: -74
2026-08-12 09:17:53,ID: 170,ID2: 168, Timer: 15213, RSSI: -73
2026-08-12 09:17:53,ID: 170,ID2: 168, Timer: 15318, RSSI: -74
2026-08-12 09:17:53,ID: 170,ID2: 168, Timer: 15339, RSSI: -74
2026-08-12 09:17:53,ID: 170,ID2: 168, Timer: 15360, RSSI: -73
2026-08-12 09:17:53,ID: 170,ID2: 168, Timer: 15381, RSSI: -73
2026-08-12 09:17:53,ID: 170,ID2: 168, Timer: 15402, RSSI: -73
2026-08-12 09:17:53,ID: 170,ID2: 168, Timer: 15423, RSSI: -73
2026-08-12 09:17:53,ID: 170,ID2: 168, Timer: 15444, RSSI: -73
2026-08-12 09:17:53,ID: 170,ID2: 168, Timer: 15465, RSSI: -73
2026-08-12 09:17:53,ID: 170,ID2: 168, Timer: 15486, RSSI: -72
2026-08-12 09:17:53,ID: 170,ID2: 168, Timer: 15507, RSSI: -74
2026-08-12 09:17:53,ID: 170,ID2: 168, Timer: 15612, RSSI: -73
2026-08-12 09:17:53,ID: 170,ID2: 168, Timer: 15738, RSSI: -73
2026-08-12 09:17:53,ID: 170,ID2: 168, Timer: 15759, RSSI: -73
2026-08-12 09:17:53,ID: 170,ID2: 168, Timer: 15822, RSSI: -73
2026-08-12 09:17:53,ID: 170,ID2: 168, Timer: 15906, RSSI: -74
2026-08-12 09:17:53,ID: 170,ID2: 168, Timer: 15948, RSSI: -74
2026-08-12 09:17:53,ID: 170,ID2: 168, Timer: 16053, RSSI: -73
2026-08-12 09:17:53,ID: 170,ID2: 168, Timer: 16095, RSSI: -73
2026-08-12 09:17:53,ID: 170,ID2: 168, Timer: 16116, RSSI: -73
2026-08-12 09:17:53,ID: 170,ID2: 168, Timer: 16179, RSSI: -73
2026-08-12 09:17:53,ID: 170,ID2: 168, Timer: 16200, RSSI: -74
2026-08-12 09:17:53,ID: 170,ID2: 168, Timer: 16284, RSSI: -73
2026-08-12 09:17:53,ID: 170,ID2: 168, Timer: 16326, RSSI: -74
2026-08-12 09:17:53,ID: 170,ID2: 168, Timer: 16368, RSSI: -74
2026-08-12 09:17:53,ID: 170,ID2: 168, Timer: 16557, RSSI: -73
2026-08-12 09:17:53,ID: 170,ID2: 168, Timer: 16620, RSSI: -74
2026-08-12 09:17:53,ID: 170,ID2: 168, Timer: 16641, RSSI: -73
2026-08-12 09:17:53,ID: 170,ID2: 168, Timer: 16662, RSSI: -73
2026-08-12 09:17:53,ID: 170,ID2: 168, Timer: 16746, RSSI: -74
2026-08-12 09:17:53,ID: 170,ID2: 168, Timer: 16767, RSSI: -73
2026-08-12 09:17:53,ID: 170,ID2: 168, Timer: 16830, RSSI: -73
2026-08-12 09:17:53,ID: 170,ID2: 168, Timer: 16914, RSSI: -74
2026-08-12 09:17:53,ID: 170,ID2: 168, Timer: 16956, RSSI: -74
2026-08-12 09:17:53,ID: 170,ID2: 168, Timer: 16977, RSSI: -74
2026-08-12 09:17:53,ID: 170,ID2: 168, Timer: 17061, RSSI: -74
2026-08-12 09:17:53,ID: 170,ID2: 168, Timer: 17103, RSSI: -74
2026-08-12 09:17:53,ID: 170,ID2: 168, Timer: 17145, RSSI: -74
2026-08-12 09:17:53,ID: 170,ID2: 168, Timer: 17208, RSSI: -74
2026-08-12 09:17:53,ID: 170,ID2: 168, Timer: 17250, RSSI: -74
2026-08-12 09:17:53,ID: 170,ID2: 168, Timer: 17355, RSSI: -74
2026-08-12 09:17:53,ID: 170,ID2: 168, Timer: 17376, RSSI: -74
2026-08-12 09:17:53,ID: 170,ID2: 168, Timer: 17460, RSSI: -74
2026-08-12 09:17:53,ID: 170,ID2: 168, Timer: 17481, RSSI: -74
2026-08-12 09:17:53,ID: 170,ID2: 168, Timer: 17502, RSSI: -74
2026-08-12 09:17:53,ID: 170,ID2: 168, Timer: 17544, RSSI: -74
2026-08-12 09:17:53,ID: 170,ID2: 168, Timer: 17586, RSSI: -74
2026-08-12 09:17:53,ID: 170,ID2: 168, Timer: 17607, RSSI: -74
2026-08-12 09:17:53,ID: 170,ID2: 168, Timer: 17691, RSSI: -74
2026-08-12 09:17:53,ID: 170,ID2: 168, Timer: 17712, RSSI: -74
2026-08-12 09:17:53,ID: 170,ID2: 168, Timer: 17838, RSSI: -74
2026-08-12 09:17:53,ID: 170,ID2: 168, Timer: 17859, RSSI: -74
2026-08-12 09:17:53,ID: 170,ID2: 168, Timer: 17880, RSSI: -74
2026-08-12 09:17:53,ID: 170,ID2: 168, Timer: 17943, RSSI: -74
2026-08-12 09:17:53,ID: 170,ID2: 168, Timer: 17985, RSSI: -74
2026-08-12 09:17:53,ID: 170,ID2: 168, Timer: 18027, RSSI: -74
2026-08-12 09:17:53,ID: 170,ID2: 168, Timer: 18048, RSSI: -73
2026-08-12 09:17:53,ID: 170,ID2: 168, Timer: 18069, RSSI: -74
2026-08-12 09:17:53,ID: 170,ID2: 168, Timer: 18132, RSSI: -74
2026-08-12 09:17:53,ID: 170,ID2: 168, Timer: 18237, RSSI: -74
2026-08-12 09:17:53,ID: 170,ID2: 168, Timer: 18321, RSSI: -74
2026-08-12 09:17:53,ID: 170,ID2: 168, Timer: 18342, RSSI: -74
2026-08-12 09:17:53,ID: 170,ID2: 168, Timer: 18405, RSSI: -74
2026-08-12 09:17:53,ID: 170,ID2: 168, Timer: 18489, RSSI: -74
2026-08-12 09:17:53,ID: 170,ID2: 168, Timer: 18531, RSSI: -74
2026-08-12 09:17:53,ID: 170,ID2: 168, Timer: 18552, RSSI: -74
2026-08-12 09:17:53,ID: 170,ID2: 168, Timer: 18573, RSSI: -74
2026-08-12 09:17:53,ID: 170,ID2: 168, Timer: 18657, RSSI: -74
2026-08-12 09:17:53,ID: 170,ID2: 168, Timer: 18783, RSSI: -74
2026-08-12 09:17:53,ID: 170,ID2: 168, Timer: 18804, RSSI: -73
2026-08-12 09:17:53,ID: 170,ID2: 168, Timer: 18867, RSSI: -74
2026-08-12 09:17:53,ID: 170,ID2: 168, Timer: 18930, RSSI: -74
2026-08-12 09:17:53,ID: 170,ID2: 168, Timer: 18993, RSSI: -74
2026-08-12 09:17:53,ID: 170,ID2: 168, Timer: 19014, RSSI: -74
2026-08-12 09:17:53,ID: 170,ID2: 168, Timer: 19056, RSSI: -73
2026-08-12 09:17:53,ID: 170,ID2: 168, Timer: 19077, RSSI: -74
2026-08-12 09:17:53,ID: 170,ID2: 168, Timer: 19098, RSSI: -73
2026-08-12 09:17:53,ID: 170,ID2: 168, Timer: 19119, RSSI: -74
2026-08-12 09:17:53,ID: 170,ID2: 168, Timer: 19140, RSSI: -74
2026-08-12 09:17:53,ID: 170,ID2: 168, Timer: 19182, RSSI: -74
2026-08-12 09:17:53,ID: 170,ID2: 168, Timer: 19203, RSSI: -74
2026-08-12 09:17:53,ID: 170,ID2: 168, Timer: 19245, RSSI: -74
2026-08-12 09:17:53,ID: 170,ID2: 168, Timer: 19266, RSSI: -74
2026-08-12 09:17:53,ID: 170,ID2: 168, Timer: 19371, RSSI: -74
2026-08-12 09:17:53,ID: 170,ID2: 168, Timer: 19392, RSSI: -74
2026-08-12 09:17:53,ID: 170,ID2: 168, Timer: 19434, RSSI: -74
2026-08-12 09:17:53,ID: 170,ID2: 168, Timer: 19581, RSSI: -73
2026-08-12 09:17:53,ID: 170,ID2: 168, Timer: 19623, RSSI: -73
2026-08-12 09:17:53,ID: 170,ID2: 168, Timer: 19644, RSSI: -73
2026-08-12 09:17:53,ID: 170,ID2: 168, Timer: 19665, RSSI: -73
2026-08-12 09:17:53,ID: 170,ID2: 168, Timer: 19686, RSSI: -74
2026-08-12 09:17:53,ID: 170,ID2: 168, Timer: 19728, RSSI: -73
2026-08-12 09:17:53,ID: 170,ID2: 168, Timer: 19854, RSSI: -73
2026-08-12 09:17:53,ID: 170,ID2: 168, Timer: 19875, RSSI: -73
2026-08-12 09:17:53,ID: 170,ID2: 168, Timer: 19917, RSSI: -74
2026-08-12 09:17:53,ID: 170,ID2: 168, Timer: 19938, RSSI: -73
2026-08-12 09:17:53,ID: 170,ID2: 168, Timer: 19959, RSSI: -74
2026-08-12 09:17:53,ID: 170,ID2: 168, Timer: 19980, RSSI: -73
2026-08-12 09:17:53,ID: 170,ID2: 168, Timer: 20043, RSSI: -73
2026-08-12 09:17:53,ID: 170,ID2: 168, Timer: 20064, RSSI: -74
2026-08-12 09:17:53,ID: 170,ID2: 168, Timer: 20106, RSSI: -74
2026-08-12 09:17:53,ID: 170,ID2: 168, Timer: 20148, RSSI: -74
2026-08-12 09:17:53,ID: 170,ID2: 168, Timer: 20169, RSSI: -74
2026-08-12 09:17:53,ID: 170,ID2: 168, Timer: 20274, RSSI: -73
2026-08-12 09:17:53,ID: 170,ID2: 168, Timer: 20295, RSSI: -73
2026-08-12 09:17:53,ID: 170,ID2: 168, Timer: 20337, RSSI: -73
2026-08-12 09:17:53,ID: 170,ID2: 168, Timer: 20358, RSSI: -73
2026-08-12 09:17:53,ID: 170,ID2: 168, Timer: 20379, RSSI: -74
2026-08-12 09:17:53,ID: 170,ID2: 168, Timer: 20400, RSSI: -74
2026-08-12 09:17:53,ID: 170,ID2: 168, Timer: 20442, RSSI: -74
2026-08-12 09:17:53,ID: 170,ID2: 168, Timer: 20484, RSSI: -74
2026-08-12 09:17:53,ID: 170,ID2: 168, Timer: 20505, RSSI: -74
2026-08-12 09:17:53,ID: 170,ID2: 168, Timer: 20589, RSSI: -74
2026-08-12 09:17:53,ID: 170,ID2: 168, Timer: 20610, RSSI: -74
2026-08-12 09:17:53,ID: 170,ID2: 168, Timer: 20652, RSSI: -74
2026-08-12 09:17:53,ID: 170,ID2: 168, Timer: 20757, RSSI: -74
2026-08-12 09:17:53,ID: 170,ID2: 168, Timer: 20799, RSSI: -74
2026-08-12 09:17:53,ID: 170,ID2: 168, Timer: 20904, RSSI: -74
2026-08-12 09:17:53,ID: 170,ID2: 168, Timer: 20925, RSSI: -74
2026-08-12 09:17:53,ID: 170,ID2: 168, Timer: 20967, RSSI: -74
2026-08-12 09:17:53,ID: 170,ID2: 168, Timer: 20988, RSSI: -74
2026-08-12 09:17:53,ID: 170,ID2: 168, Timer: 21009, RSSI: -74
2026-08-12 09:17:53,ID: 170,ID2: 168, Timer: 21030, RSSI: -74
2026-08-12 09:17:53,ID: 170,ID2: 168, Timer: 21051, RSSI: -74
2026-08-12 09:17:53,ID: 170,ID2: 168, Timer: 21093, RSSI: -75
2026-08-12 09:17:53,ID: 170,ID2: 168, Timer: 21114, RSSI: -74
2026-08-12 09:17:53,ID: 170,ID2: 168, Timer: 21177, RSSI: -75
2026-08-12 09:17:53,ID: 170,ID2: 168, Timer: 21198, RSSI: -75
2026-08-12 09:17:53,ID: 170,ID2: 168, Timer: 21240, RSSI: -75
2026-08-12 09:17:53,ID: 170,ID2: 168, Timer: 21261, RSSI: -74
2026-08-12 09:17:53,ID: 170,ID2: 168, Timer: 21303, RSSI: -75
2026-08-12 09:17:53,ID: 170,ID2: 168, Timer: 21324, RSSI: -74
2026-08-12 09:17:53,ID: 170,ID2: 168, Timer: 21345, RSSI: -75
2026-08-12 09:17:53,ID: 170,ID2: 168, Timer: 21366, RSSI: -75
2026-08-12 09:17:53,ID: 170,ID2: 168, Timer: 21408, RSSI: -75
2026-08-12 09:17:53,ID: 170,ID2: 168, Timer: 21471, RSSI: -75
2026-08-12 09:17:53,ID: 170,ID2: 168, Timer: 21492, RSSI: -75
2026-08-12 09:17:53,ID: 170,ID2: 168, Timer: 21534, RSSI: -75
2026-08-12 09:17:53,ID: 170,ID2: 168, Timer: 21555, RSSI: -74
2026-08-12 09:17:53,ID: 170,ID2: 168, Timer: 21597, RSSI: -75
2026-08-12 09:17:53,ID: 170,ID2: 168, Timer: 21744, RSSI: -75
2026-08-12 09:17:53,ID: 170,ID2: 168, Timer: 21765, RSSI: -75
2026-08-12 09:17:53,ID: 170,ID2: 168, Timer: 21828, RSSI: -75
2026-08-12 09:17:53,ID: 170,ID2: 168, Timer: 22017, RSSI: -74
2026-08-12 09:17:53,ID: 170,ID2: 168, Timer: 22164, RSSI: -73
2026-08-12 09:17:53,ID: 170,ID2: 168, Timer: 22185, RSSI: -74
2026-08-12 09:17:53,ID: 170,ID2: 168, Timer: 22227, RSSI: -74
2026-08-12 09:17:53,ID: 170,ID2: 168, Timer: 22332, RSSI: -74
2026-08-12 09:17:53,ID: 170,ID2: 168, Timer: 22353, RSSI: -74
2026-08-12 09:17:53,ID: 170,ID2: 168, Timer: 22437, RSSI: -74
2026-08-12 09:17:53,ID: 170,ID2: 168, Timer: 22458, RSSI: -74
2026-08-12 09:17:53,ID: 170,ID2: 168, Timer: 22521, RSSI: -74
2026-08-12 09:17:53,ID: 170,ID2: 168, Timer: 22542, RSSI: -74
2026-08-12 09:17:53,ID: 170,ID2: 168, Timer: 22626, RSSI: -74
2026-08-12 09:17:53,ID: 170,ID2: 168, Timer: 22689, RSSI: -74
2026-08-12 09:17:53,ID: 170,ID2: 168, Timer: 22731, RSSI: -74
2026-08-12 09:17:53,ID: 170,ID2: 168, Timer: 22752, RSSI: -74
2026-08-12 09:17:53,ID: 170,ID2: 168, Timer: 22773, RSSI: -74
2026-08-12 09:17:53,ID: 170,ID2: 168, Timer: 22794, RSSI: -74
2026-08-12 09:17:53,ID: 170,ID2: 168, Timer: 22815, RSSI: -74
2026-08-12 09:17:53,ID: 170,ID2: 168, Timer: 22836, RSSI: -74
2026-08-12 09:17:53,ID: 170,ID2: 168, Timer: 22920, RSSI: -74
2026-08-12 09:17:53,ID: 170,ID2: 168, Timer: 23046, RSSI: -74
2026-08-12 09:17:53,ID: 170,ID2: 168, Timer: 23088, RSSI: -74
2026-08-12 09:17:53,ID: 170,ID2: 168, Timer: 23109, RSSI: -74
2026-08-12 09:17:53,ID: 170,ID2: 168, Timer: 23130, RSSI: -73
2026-08-12 09:17:53,ID: 170,ID2: 168, Timer: 23172, RSSI: -74
2026-08-12 09:17:53,ID: 170,ID2: 168, Timer: 23277, RSSI: -74
2026-08-12 09:17:53,ID: 170,ID2: 168, Timer: 23319, RSSI: -73
2026-08-12 09:17:53,ID: 170,ID2: 168, Timer: 23382, RSSI: -74
2026-08-12 09:17:53,ID: 170,ID2: 168, Timer: 23487, RSSI: -73
2026-08-12 09:17:53,ID: 170,ID2: 168, Timer: 23508, RSSI: -74
2026-08-12 09:17:53,ID: 170,ID2: 168, Timer: 23550, RSSI: -74
2026-08-12 09:17:53,ID: 170,ID2: 168, Timer: 23571, RSSI: -74
2026-08-12 09:17:53,ID: 170,ID2: 168, Timer: 23592, RSSI: -74
2026-08-12 09:17:53,ID: 170,ID2: 168, Timer: 23634, RSSI: -74
2026-08-12 09:17:53,ID: 170,ID2: 168, Timer: 23655, RSSI: -73
2026-08-12 09:17:53,ID: 170,ID2: 168, Timer: 23718, RSSI: -74
2026-08-12 09:17:53,ID: 170,ID2: 168, Timer: 23739, RSSI: -74
2026-08-12 09:17:53,ID: 170,ID2: 168, Timer: 23802, RSSI: -74
2026-08-12 09:17:53,ID: 170,ID2: 168, Timer: 23865, RSSI: -74
2026-08-12 09:17:53,ID: 170,ID2: 168, Timer: 23907, RSSI: -74
2026-08-12 09:17:53,ID: 170,ID2: 168, Timer: 23921, RSSI: -80
2026-08-12 09:17:53,ID: 170,ID2: 168, Timer: 23949, RSSI: -74
2026-08-12 09:17:53,ID: 170,ID2: 168, Timer: 24033, RSSI: -74
2026-08-12 09:17:53,ID: 170,ID2: 168, Timer: 24096, RSSI: -74
2026-08-12 09:17:53,ID: 170,ID2: 168, Timer: 24138, RSSI: -74
2026-08-12 09:17:53,ID: 170,ID2: 168, Timer: 24180, RSSI: -74
2026-08-12 09:17:53,ID: 170,ID2: 168, Timer: 24222, RSSI: -74
2026-08-12 09:17:53,ID: 170,ID2: 168, Timer: 24243, RSSI: -74
2026-08-12 09:17:53,ID: 170,ID2: 168, Timer: 24348, RSSI: -74
2026-08-12 09:17:53,ID: 170,ID2: 168, Timer: 24369, RSSI: -74
2026-08-12 09:17:53,ID: 170,ID2: 168, Timer: 24411, RSSI: -74
2026-08-12 09:17:53,ID: 170,ID2: 168, Timer: 24432, RSSI: -74
2026-08-12 09:17:53,ID: 170,ID2: 168, Timer: 24453, RSSI: -74
2026-08-12 09:17:53,ID: 170,ID2: 168, Timer: 24495, RSSI: -74
2026-08-12 09:17:53,ID: 170,ID2: 168, Timer: 24516, RSSI: -73
2026-08-12 09:17:53,ID: 170,ID2: 168, Timer: 24537, RSSI: -74
2026-08-12 09:17:53,ID: 170,ID2: 168, Timer: 24705, RSSI: -74
2026-08-12 09:17:53,ID: 170,ID2: 168, Timer: 24726, RSSI: -74
2026-08-12 09:17:53,ID: 170,ID2: 168, Timer: 24810, RSSI: -74
2026-08-12 09:17:53,ID: 170,ID2: 168, Timer: 24831, RSSI: -74
2026-08-12 09:17:53,ID: 170,ID2: 168, Timer: 24873, RSSI: -74
2026-08-12 09:17:53,ID: 170,ID2: 168, Timer: 24936, RSSI: -73
2026-08-12 09:17:53,ID: 170,ID2: 168, Timer: 24971, RSSI: -79
2026-08-12 09:17:53,ID: 170,ID2: 168, Timer: 24992, RSSI: -80
2026-08-12 09:17:53,ID: 170,ID2: 168, Timer: 24999, RSSI: -73
2026-08-12 09:17:53,ID: 170,ID2: 168, Timer: 25020, RSSI: -72
2026-08-12 09:17:53,ID: 170,ID2: 168, Timer: 25034, RSSI: -78
2026-08-12 09:17:53,ID: 170,ID2: 168, Timer: 25062, RSSI: -75
2026-08-12 09:17:53,ID: 170,ID2: 168, Timer: 25097, RSSI: -80
2026-08-12 09:17:53,ID: 170,ID2: 168, Timer: 25118, RSSI: -80
2026-08-12 09:17:53,ID: 170,ID2: 168, Timer: 25125, RSSI: -75
2026-08-12 09:17:53,ID: 170,ID2: 168, Timer: 25202, RSSI: -80
2026-08-12 09:17:53,ID: 170,ID2: 168, Timer: 25209, RSSI: -75
2026-08-12 09:17:53,ID: 170,ID2: 168, Timer: 25272, RSSI: -75
2026-08-12 09:17:53,ID: 170,ID2: 168, Timer: 25293, RSSI: -75
2026-08-12 09:17:53,ID: 170,ID2: 168, Timer: 25335, RSSI: -75
2026-08-12 09:17:53,ID: 170,ID2: 168, Timer: 25377, RSSI: -74
2026-08-12 09:17:53,ID: 170,ID2: 168, Timer: 25398, RSSI: -75
2026-08-12 09:17:53,ID: 170,ID2: 168, Timer: 25461, RSSI: -75
2026-08-12 09:17:53,ID: 170,ID2: 168, Timer: 25496, RSSI: -80
2026-08-12 09:17:53,ID: 170,ID2: 168, Timer: 25524, RSSI: -75
2026-08-12 09:17:53,ID: 170,ID2: 168, Timer: 25538, RSSI: -80
2026-08-12 09:17:53,ID: 170,ID2: 168, Timer: 25566, RSSI: -75
2026-08-12 09:17:53,ID: 170,ID2: 168, Timer: 25622, RSSI: -80
2026-08-12 09:17:53,ID: 170,ID2: 168, Timer: 25622, RSSI: -80
2026-08-12 09:17:53,ID: 170,ID2: 168, Timer: 25629, RSSI: -75
2026-08-12 09:17:53,ID: 170,ID2: 168, Timer: 25643, RSSI: -80
2026-08-12 09:17:53,ID: 170,ID2: 168, Timer: 25664, RSSI: -80
2026-08-12 09:17:53,ID: 170,ID2: 168, Timer: 25664, RSSI: -80
2026-08-12 09:17:53,ID: 170,ID2: 168, Timer: 25671, RSSI: -75
2026-08-12 09:17:53,ID: 170,ID2: 168, Timer: 25692, RSSI: -75
2026-08-12 09:17:53,ID: 170,ID2: 168, Timer: 25706, RSSI: -80
2026-08-12 09:17:53,ID: 170,ID2: 168, Timer: 25706, RSSI: -80
2026-08-12 09:17:53,ID: 170,ID2: 168, Timer: 25734, RSSI: -75
2026-08-12 09:17:53,ID: 170,ID2: 168, Timer: 25748, RSSI: -80
2026-08-12 09:17:53,ID: 170,ID2: 168, Timer: 25755, RSSI: -75
2026-08-12 09:17:53,ID: 170,ID2: 168, Timer: 25769, RSSI: -80
2026-08-12 09:17:53,ID: 170,ID2: 168, Timer: 25790, RSSI: -80
2026-08-12 09:17:53,ID: 170,ID2: 168, Timer: 25790, RSSI: -80
2026-08-12 09:17:53,ID: 170,ID2: 168, Timer: 25811, RSSI: -80
2026-08-12 09:17:53,ID: 170,ID2: 168, Timer: 25832, RSSI: -80
2026-08-12 09:17:53,ID: 170,ID2: 168, Timer: 25874, RSSI: -80
2026-08-12 09:17:53,ID: 170,ID2: 168, Timer: 25895, RSSI: -79
2026-08-12 09:17:53,ID: 170,ID2: 168, Timer: 25916, RSSI: -80
2026-08-12 09:17:53,ID: 170,ID2: 168, Timer: 25916, RSSI: -79
2026-08-12 09:17:53,ID: 170,ID2: 168, Timer: 25923, RSSI: -73
2026-08-12 09:17:53,ID: 170,ID2: 168, Timer: 25965, RSSI: -72
2026-08-12 09:17:53,ID: 170,ID2: 168, Timer: 26000, RSSI: -80
2026-08-12 09:17:53,ID: 170,ID2: 168, Timer: 26000, RSSI: -80
2026-08-12 09:17:53,ID: 170,ID2: 168, Timer: 26007, RSSI: -75
2026-08-12 09:17:53,ID: 170,ID2: 168, Timer: 26028, RSSI: -78
2026-08-12 09:17:53,ID: 170,ID2: 168, Timer: 26070, RSSI: -74
2026-08-12 09:17:53,ID: 170,ID2: 168, Timer: 26091, RSSI: -74
2026-08-12 09:17:53,ID: 170,ID2: 168, Timer: 26126, RSSI: -79
2026-08-12 09:17:53,ID: 170,ID2: 168, Timer: 26154, RSSI: -73
2026-08-12 09:17:53,ID: 170,ID2: 168, Timer: 26175, RSSI: -74
2026-08-12 09:17:53,ID: 170,ID2: 168, Timer: 26196, RSSI: -72
2026-08-12 09:17:53,ID: 170,ID2: 168, Timer: 26217, RSSI: -73
2026-08-12 09:17:53,ID: 170,ID2: 168, Timer: 26259, RSSI: -74
2026-08-12 09:17:53,ID: 170,ID2: 168, Timer: 26280, RSSI: -73
2026-08-12 09:17:53,ID: 170,ID2: 168, Timer: 26336, RSSI: -76
2026-08-12 09:17:53,ID: 170,ID2: 168, Timer: 26350, RSSI: -79
2026-08-12 09:17:53,ID: 170,ID2: 168, Timer: 26357, RSSI: -79
2026-08-12 09:17:53,ID: 170,ID2: 168, Timer: 26420, RSSI: -71
2026-08-12 09:17:53,ID: 170,ID2: 168, Timer: 26420, RSSI: -76
2026-08-12 09:17:53,ID: 170,ID2: 168, Timer: 26476, RSSI: -56
2026-08-12 09:17:53,ID: 170,ID2: 168, Timer: 26483, RSSI: -51
2026-08-12 09:17:53,ID: 170,ID2: 168, Timer: 26490, RSSI: -45
2026-08-12 09:17:53,ID: 170,ID2: 168, Timer: 26504, RSSI: -49
2026-08-12 09:17:53,ID: 170,ID2: 168, Timer: 26511, RSSI: -54
2026-08-12 09:17:53,ID: 170,ID2: 168, Timer: 26525, RSSI: -59
2026-08-12 09:17:53,ID: 170,ID2: 168, Timer: 26539, RSSI: -71
2026-08-12 09:17:53,ID: 170,ID2: 168, Timer: 26546, RSSI: -52
2026-08-12 09:17:53,ID: 170,ID2: 168, Timer: 26581, RSSI: -54
2026-08-12 09:17:53,ID: 170,ID2: 168, Timer: 26588, RSSI: -51
2026-08-12 09:17:53,ID: 170,ID2: 168, Timer: 26595, RSSI: -51
2026-08-12 09:17:53,ID: 170,ID2: 168, Timer: 26609, RSSI: -52
2026-08-12 09:17:53,ID: 170,ID2: 168, Timer: 26630, RSSI: -51
2026-08-12 09:17:53,ID: 170,ID2: 168, Timer: 26644, RSSI: -54
2026-08-12 09:17:53,ID: 170,ID2: 168, Timer: 26658, RSSI: -54
2026-08-12 09:17:53,ID: 170,ID2: 168, Timer: 26672, RSSI: -55
2026-08-12 09:17:53,ID: 170,ID2: 168, Timer: 26672, RSSI: -55
2026-08-12 09:17:53,ID: 170,ID2: 168, Timer: 26686, RSSI: -59
2026-08-12 09:17:53,ID: 170,ID2: 168, Timer: 26714, RSSI: -53
2026-08-12 09:17:53,ID: 170,ID2: 168, Timer: 26714, RSSI: -53
2026-08-12 09:17:53,ID: 170,ID2: 168, Timer: 26721, RSSI: -56
2026-08-12 09:17:54,ID: 170,ID2: 168, Timer: 26735, RSSI: -55
2026-08-12 09:17:54,ID: 170,ID2: 168, Timer: 26756, RSSI: -55
2026-08-12 09:17:54,ID: 170,ID2: 168, Timer: 26791, RSSI: -59
2026-08-12 09:17:54,ID: 170,ID2: 168, Timer: 26798, RSSI: -55
2026-08-12 09:17:54,ID: 170,ID2: 168, Timer: 26798, RSSI: -55
2026-08-12 09:17:54,ID: 170,ID2: 168, Timer: 26805, RSSI: -52
2026-08-12 09:17:54,ID: 170,ID2: 168, Timer: 26826, RSSI: -58
2026-08-12 09:17:54,ID: 170,ID2: 168, Timer: 26833, RSSI: -67
2026-08-12 09:17:54,ID: 170,ID2: 168, Timer: 26840, RSSI: -64
2026-08-12 09:17:54,ID: 170,ID2: 168, Timer: 26840, RSSI: -65
2026-08-12 09:17:54,ID: 170,ID2: 168, Timer: 26854, RSSI: -55
2026-08-12 09:17:54,ID: 170,ID2: 168, Timer: 26868, RSSI: -59
2026-08-12 09:17:54,ID: 170,ID2: 168, Timer: 26882, RSSI: -61
2026-08-12 09:17:54,ID: 170,ID2: 168, Timer: 26903, RSSI: -78
2026-08-12 09:17:54,ID: 170,ID2: 167, Timer: 26910, RSSI: -80
2026-08-12 09:17:54,ID: 170,ID2: 168, Timer: 26917, RSSI: -71
2026-08-12 09:17:54,ID: 170,ID2: 168, Timer: 26924, RSSI: -64
2026-08-12 09:17:54,ID: 170,ID2: 168, Timer: 26938, RSSI: -60
2026-08-12 09:17:54,ID: 170,ID2: 168, Timer: 26945, RSSI: -60
2026-08-12 09:17:54,ID: 170,ID2: 168, Timer: 26959, RSSI: -65
2026-08-12 09:17:54,ID: 170,ID2: 168, Timer: 26966, RSSI: -61
2026-08-12 09:17:54,ID: 170,ID2: 168, Timer: 26987, RSSI: -65
2026-08-12 09:17:54,ID: 170,ID2: 168, Timer: 27001, RSSI: -63
2026-08-12 09:17:54,ID: 170,ID2: 168, Timer: 27008, RSSI: -66
2026-08-12 09:17:54,ID: 170,ID2: 168, Timer: 27029, RSSI: -58
2026-08-12 09:17:54,ID: 170,ID2: 168, Timer: 27036, RSSI: -57
2026-08-12 09:17:54,ID: 170,ID2: 168, Timer: 27043, RSSI: -65
2026-08-12 09:17:54,ID: 170,ID2: 168, Timer: 27050, RSSI: -57
2026-08-12 09:17:54,ID: 170,ID2: 168, Timer: 27092, RSSI: -58
2026-08-12 09:17:54,ID: 170,ID2: 168, Timer: 27092, RSSI: -58
2026-08-12 09:17:54,ID: 170,ID2: 168, Timer: 27127, RSSI: -65
2026-08-12 09:17:54,ID: 170,ID2: 168, Timer: 27134, RSSI: -60
2026-08-12 09:17:54,ID: 170,ID2: 168, Timer: 27141, RSSI: -59
2026-08-12 09:17:54,ID: 170,ID2: 168, Timer: 27148, RSSI: -65
2026-08-12 09:17:54,ID: 170,ID2: 168, Timer: 27176, RSSI: -57
2026-08-12 09:17:54,ID: 170,ID2: 168, Timer: 27183, RSSI: -56
2026-08-12 09:17:54,ID: 170,ID2: 168, Timer: 27204, RSSI: -56
2026-08-12 09:17:54,ID: 170,ID2: 168, Timer: 27218, RSSI: -57
2026-08-12 09:17:54,ID: 170,ID2: 168, Timer: 27225, RSSI: -55
2026-08-12 09:17:54,ID: 170,ID2: 168, Timer: 27232, RSSI: -62
2026-08-12 09:17:54,ID: 170,ID2: 168, Timer: 27239, RSSI: -58
2026-08-12 09:17:54,ID: 170,ID2: 168, Timer: 27260, RSSI: -78
2026-08-12 09:17:54,ID: 170,ID2: 168, Timer: 27260, RSSI: -76
2026-08-12 09:17:54,ID: 170,ID2: 168, Timer: 27274, RSSI: -67
2026-08-12 09:17:54,ID: 170,ID2: 168, Timer: 27288, RSSI: -59
2026-08-12 09:17:54,ID: 170,ID2: 168, Timer: 27302, RSSI: -63
2026-08-12 09:17:54,ID: 170,ID2: 168, Timer: 27323, RSSI: -62
2026-08-12 09:17:54,ID: 170,ID2: 168, Timer: 27337, RSSI: -72
2026-08-12 09:17:54,ID: 170,ID2: 168, Timer: 27344, RSSI: -66
2026-08-12 09:17:54,ID: 170,ID2: 168, Timer: 27351, RSSI: -75
2026-08-12 09:17:54,ID: 170,ID2: 168, Timer: 27365, RSSI: -65
2026-08-12 09:17:54,ID: 170,ID2: 168, Timer: 27379, RSSI: -80
2026-08-12 09:17:54,ID: 170,ID2: 168, Timer: 27386, RSSI: -59
2026-08-12 09:17:54,ID: 170,ID2: 168, Timer: 27393, RSSI: -50
2026-08-12 09:17:54,ID: 170,ID2: 168, Timer: 27400, RSSI: -65
2026-08-12 09:17:54,ID: 170,ID2: 168, Timer: 27414, RSSI: -52
2026-08-12 09:17:54,ID: 170,ID2: 168, Timer: 27428, RSSI: -71
2026-08-12 09:17:54,ID: 170,ID2: 168, Timer: 27428, RSSI: -71
2026-08-12 09:17:54,ID: 170,ID2: 168, Timer: 27442, RSSI: -75
2026-08-12 09:17:54,ID: 170,ID2: 168, Timer: 27456, RSSI: -53
2026-08-12 09:17:54,ID: 170,ID2: 168, Timer: 27470, RSSI: -62
2026-08-12 09:17:54,ID: 170,ID2: 168, Timer: 27477, RSSI: -59
2026-08-12 09:17:54,ID: 170,ID2: 168, Timer: 27491, RSSI: -62
2026-08-12 09:17:54,ID: 170,ID2: 168, Timer: 27512, RSSI: -56
2026-08-12 09:17:54,ID: 170,ID2: 168, Timer: 27512, RSSI: -56
2026-08-12 09:17:54,ID: 170,ID2: 168, Timer: 27526, RSSI: -68
2026-08-12 09:17:54,ID: 170,ID2: 168, Timer: 27533, RSSI: -63
2026-08-12 09:17:54,ID: 170,ID2: 168, Timer: 27554, RSSI: -60
2026-08-12 09:17:54,ID: 170,ID2: 168, Timer: 27554, RSSI: -61
2026-08-12 09:17:54,ID: 170,ID2: 168, Timer: 27561, RSSI: -57
2026-08-12 09:17:54,ID: 170,ID2: 168, Timer: 27575, RSSI: -60
2026-08-12 09:17:54,ID: 170,ID2: 168, Timer: 27582, RSSI: -58
2026-08-12 09:17:54,ID: 170,ID2: 168, Timer: 27589, RSSI: -74
2026-08-12 09:17:54,ID: 170,ID2: 168, Timer: 27596, RSSI: -64
2026-08-12 09:17:54,ID: 170,ID2: 168, Timer: 27596, RSSI: -64
2026-08-12 09:17:54,ID: 170,ID2: 168, Timer: 27610, RSSI: -76
2026-08-12 09:17:54,ID: 170,ID2: 168, Timer: 27617, RSSI: -59
2026-08-12 09:17:54,ID: 170,ID2: 168, Timer: 27638, RSSI: -71
2026-08-12 09:17:54,ID: 170,ID2: 168, Timer: 27652, RSSI: -76
2026-08-12 09:17:54,ID: 170,ID2: 168, Timer: 27666, RSSI: -74
2026-08-12 09:17:54,ID: 170,ID2: 168, Timer: 27680, RSSI: -60
2026-08-12 09:17:54,ID: 170,ID2: 168, Timer: 27680, RSSI: -61
2026-08-12 09:17:54,ID: 170,ID2: 167, Timer: 27701, RSSI: -80
2026-08-12 09:17:54,ID: 170,ID2: 168, Timer: 27701, RSSI: -78
2026-08-12 09:17:54,ID: 170,ID2: 168, Timer: 27715, RSSI: -73
2026-08-12 09:17:54,ID: 170,ID2: 168, Timer: 27722, RSSI: -68
2026-08-12 09:17:54,ID: 170,ID2: 168, Timer: 27729, RSSI: -58
2026-08-12 09:17:54,ID: 170,ID2: 168, Timer: 27736, RSSI: -59
2026-08-12 09:17:54,ID: 170,ID2: 168, Timer: 27750, RSSI: -46
2026-08-12 09:17:54,ID: 170,ID2: 168, Timer: 27757, RSSI: -64
2026-08-12 09:17:54,ID: 170,ID2: 168, Timer: 27764, RSSI: -60
2026-08-12 09:17:54,ID: 170,ID2: 168, Timer: 27785, RSSI: -66
2026-08-12 09:17:54,ID: 170,ID2: 168, Timer: 27806, RSSI: -67
2026-08-12 09:17:54,ID: 170,ID2: 168, Timer: 27806, RSSI: -67
2026-08-12 09:17:54,ID: 170,ID2: 168, Timer: 27841, RSSI: -61
2026-08-12 09:17:54,ID: 170,ID2: 168, Timer: 27848, RSSI: -54
2026-08-12 09:17:54,ID: 170,ID2: 168, Timer: 27848, RSSI: -54
2026-08-12 09:17:54,ID: 170,ID2: 167, Timer: 27855, RSSI: -54
2026-08-12 09:17:54,ID: 170,ID2: 168, Timer: 27862, RSSI: -67
2026-08-12 09:17:54,ID: 170,ID2: 167, Timer: 27862, RSSI: -78
2026-08-12 09:17:54,ID: 170,ID2: 168, Timer: 27869, RSSI: -59
2026-08-12 09:17:54,ID: 170,ID2: 167, Timer: 27869, RSSI: -65
2026-08-12 09:17:54,ID: 170,ID2: 168, Timer: 27883, RSSI: -64
2026-08-12 09:17:54,ID: 170,ID2: 167, Timer: 27890, RSSI: -73
2026-08-12 09:17:54,ID: 170,ID2: 168, Timer: 27890, RSSI: -67
2026-08-12 09:17:54,ID: 170,ID2: 167, Timer: 27904, RSSI: -74
2026-08-12 09:17:54,ID: 170,ID2: 168, Timer: 27911, RSSI: -56
2026-08-12 09:17:54,ID: 170,ID2: 168, Timer: 27932, RSSI: -66
2026-08-12 09:17:54,ID: 170,ID2: 168, Timer: 27932, RSSI: -76
2026-08-12 09:17:54,ID: 170,ID2: 168, Timer: 27939, RSSI: -65
2026-08-12 09:17:54,ID: 170,ID2: 168, Timer: 27953, RSSI: -62
2026-08-12 09:17:54,ID: 170,ID2: 168, Timer: 27960, RSSI: -56
2026-08-12 09:17:54,ID: 170,ID2: 168, Timer: 27967, RSSI: -76
2026-08-12 09:17:54,ID: 170,ID2: 167, Timer: 27967, RSSI: -75
2026-08-12 09:17:54,ID: 170,ID2: 168, Timer: 27974, RSSI: -56
2026-08-12 09:17:54,ID: 170,ID2: 168, Timer: 27981, RSSI: -55
2026-08-12 09:17:54,ID: 170,ID2: 167, Timer: 27995, RSSI: -69
2026-08-12 09:17:54,ID: 170,ID2: 167, Timer: 28009, RSSI: -77
2026-08-12 09:17:54,ID: 170,ID2: 168, Timer: 28016, RSSI: -58
2026-08-12 09:17:54,ID: 170,ID2: 167, Timer: 28016, RSSI: -69
2026-08-12 09:17:54,ID: 170,ID2: 168, Timer: 28023, RSSI: -58
2026-08-12 09:17:54,ID: 170,ID2: 168, Timer: 28030, RSSI: -72
2026-08-12 09:17:54,ID: 170,ID2: 168, Timer: 28037, RSSI: -56
2026-08-12 09:17:54,ID: 170,ID2: 167, Timer: 28044, RSSI: -62
2026-08-12 09:17:54,ID: 170,ID2: 168, Timer: 28044, RSSI: -64
2026-08-12 09:17:54,ID: 170,ID2: 168, Timer: 28058, RSSI: -77
2026-08-12 09:17:54,ID: 170,ID2: 167, Timer: 28058, RSSI: -77
2026-08-12 09:17:54,ID: 170,ID2: 167, Timer: 28086, RSSI: -70
2026-08-12 09:17:54,ID: 170,ID2: 168, Timer: 28093, RSSI: -68
2026-08-12 09:17:54,ID: 170,ID2: 168, Timer: 28100, RSSI: -56
2026-08-12 09:17:54,ID: 170,ID2: 167, Timer: 28100, RSSI: -66
2026-08-12 09:17:54,ID: 170,ID2: 168, Timer: 28100, RSSI: -56
2026-08-12 09:17:54,ID: 170,ID2: 168, Timer: 28114, RSSI: -59
2026-08-12 09:17:54,ID: 170,ID2: 168, Timer: 28135, RSSI: -60
2026-08-12 09:17:54,ID: 170,ID2: 167, Timer: 28142, RSSI: -71
2026-08-12 09:17:54,ID: 170,ID2: 168, Timer: 28142, RSSI: -57
2026-08-12 09:17:54,ID: 170,ID2: 168, Timer: 28177, RSSI: -58
2026-08-12 09:17:54,ID: 170,ID2: 167, Timer: 28184, RSSI: -69
2026-08-12 09:17:54,ID: 170,ID2: 168, Timer: 28184, RSSI: -58
2026-08-12 09:17:54,ID: 170,ID2: 167, Timer: 28184, RSSI: -69
2026-08-12 09:17:54,ID: 170,ID2: 167, Timer: 28191, RSSI: -65
2026-08-12 09:17:54,ID: 170,ID2: 168, Timer: 28198, RSSI: -57
2026-08-12 09:17:54,ID: 170,ID2: 167, Timer: 28198, RSSI: -80
2026-08-12 09:17:54,ID: 170,ID2: 167, Timer: 28205, RSSI: -70
2026-08-12 09:17:54,ID: 170,ID2: 168, Timer: 28212, RSSI: -63
2026-08-12 09:17:54,ID: 170,ID2: 167, Timer: 28212, RSSI: -67
2026-08-12 09:17:54,ID: 170,ID2: 168, Timer: 28226, RSSI: -58
2026-08-12 09:17:54,ID: 170,ID2: 167, Timer: 28226, RSSI: -70
2026-08-12 09:17:54,ID: 170,ID2: 167, Timer: 28233, RSSI: -68
2026-08-12 09:17:54,ID: 170,ID2: 168, Timer: 28233, RSSI: -64
2026-08-12 09:17:54,ID: 170,ID2: 167, Timer: 28240, RSSI: -79
2026-08-12 09:17:54,ID: 170,ID2: 168, Timer: 28240, RSSI: -58
2026-08-12 09:17:54,ID: 170,ID2: 167, Timer: 28247, RSSI: -67
2026-08-12 09:17:54,ID: 170,ID2: 167, Timer: 28268, RSSI: -74
2026-08-12 09:17:54,ID: 170,ID2: 168, Timer: 28268, RSSI: -58
2026-08-12 09:17:54,ID: 170,ID2: 168, Timer: 28282, RSSI: -60
2026-08-12 09:17:54,ID: 170,ID2: 168, Timer: 28310, RSSI: -67
2026-08-12 09:17:54,ID: 170,ID2: 167, Timer: 28310, RSSI: -70
2026-08-12 09:17:54,ID: 170,ID2: 168, Timer: 28331, RSSI: -58
2026-08-12 09:17:54,ID: 170,ID2: 167, Timer: 28345, RSSI: -71
2026-08-12 09:17:54,ID: 170,ID2: 167, Timer: 28352, RSSI: -78
2026-08-12 09:17:54,ID: 170,ID2: 168, Timer: 28352, RSSI: -59
2026-08-12 09:17:54,ID: 170,ID2: 168, Timer: 28359, RSSI: -52
2026-08-12 09:17:54,ID: 170,ID2: 168, Timer: 28373, RSSI: -70
2026-08-12 09:17:54,ID: 170,ID2: 167, Timer: 28380, RSSI: -76
2026-08-12 09:17:54,ID: 170,ID2: 168, Timer: 28387, RSSI: -70
2026-08-12 09:17:54,ID: 170,ID2: 167, Timer: 28387, RSSI: -71
2026-08-12 09:17:54,ID: 170,ID2: 168, Timer: 28394, RSSI: -74
2026-08-12 09:17:54,ID: 170,ID2: 167, Timer: 28394, RSSI: -77
2026-08-12 09:17:54,ID: 170,ID2: 168, Timer: 28401, RSSI: -52
2026-08-12 09:17:54,ID: 170,ID2: 167, Timer: 28401, RSSI: -66
2026-08-12 09:17:54,ID: 170,ID2: 168, Timer: 28408, RSSI: -58
2026-08-12 09:17:54,ID: 170,ID2: 167, Timer: 28415, RSSI: -73
2026-08-12 09:17:54,ID: 170,ID2: 168, Timer: 28415, RSSI: -53
2026-08-12 09:17:54,ID: 170,ID2: 167, Timer: 28429, RSSI: -69
2026-08-12 09:17:54,ID: 170,ID2: 168, Timer: 28429, RSSI: -60
2026-08-12 09:17:54,ID: 170,ID2: 168, Timer: 28436, RSSI: -57
2026-08-12 09:17:54,ID: 170,ID2: 167, Timer: 28450, RSSI: -78
2026-08-12 09:17:54,ID: 170,ID2: 167, Timer: 28457, RSSI: -71
2026-08-12 09:17:54,ID: 170,ID2: 168, Timer: 28457, RSSI: -57
2026-08-12 09:17:54,ID: 170,ID2: 167, Timer: 28464, RSSI: -64
2026-08-12 09:17:54,ID: 170,ID2: 168, Timer: 28464, RSSI: -46
2026-08-12 09:17:54,ID: 170,ID2: 167, Timer: 28478, RSSI: -64
2026-08-12 09:17:54,ID: 170,ID2: 168, Timer: 28478, RSSI: -61
2026-08-12 09:17:54,ID: 170,ID2: 168, Timer: 28499, RSSI: -55
2026-08-12 09:17:54,ID: 170,ID2: 168, Timer: 28506, RSSI: -52
2026-08-12 09:17:54,ID: 170,ID2: 168, Timer: 28513, RSSI: -60
2026-08-12 09:17:54,ID: 170,ID2: 169, Timer: 28520, RSSI: -76
2026-08-12 09:17:54,ID: 170,ID2: 168, Timer: 28520, RSSI: -58
2026-08-12 09:17:54,ID: 170,ID2: 168, Timer: 28527, RSSI: -54
2026-08-12 09:17:54,ID: 170,ID2: 168, Timer: 28534, RSSI: -64
2026-08-12 09:17:54,ID: 170,ID2: 168, Timer: 28541, RSSI: -64
2026-08-12 09:17:54,ID: 170,ID2: 168, Timer: 28562, RSSI: -55
2026-08-12 09:17:54,ID: 170,ID2: 169, Timer: 28562, RSSI: -74
2026-08-12 09:17:54,ID: 170,ID2: 167, Timer: 28569, RSSI: -71
2026-08-12 09:17:54,ID: 170,ID2: 168, Timer: 28569, RSSI: -58
2026-08-12 09:17:54,ID: 170,ID2: 167, Timer: 28583, RSSI: -76
2026-08-12 09:17:54,ID: 170,ID2: 168, Timer: 28597, RSSI: -58
2026-08-12 09:17:54,ID: 170,ID2: 167, Timer: 28597, RSSI: -68
2026-08-12 09:17:54,ID: 170,ID2: 168, Timer: 28604, RSSI: -46
2026-08-12 09:17:54,ID: 170,ID2: 169, Timer: 28604, RSSI: -73
2026-08-12 09:17:54,ID: 170,ID2: 168, Timer: 28611, RSSI: -43
2026-08-12 09:17:54,ID: 170,ID2: 169, Timer: 28639, RSSI: -75
2026-08-12 09:17:54,ID: 170,ID2: 167, Timer: 28646, RSSI: -69
2026-08-12 09:17:54,ID: 170,ID2: 169, Timer: 28646, RSSI: -79
2026-08-12 09:17:54,ID: 170,ID2: 167, Timer: 28646, RSSI: -69
2026-08-12 09:17:54,ID: 170,ID2: 169, Timer: 28646, RSSI: -80
2026-08-12 09:17:54,ID: 170,ID2: 168, Timer: 28653, RSSI: -53
2026-08-12 09:17:54,ID: 170,ID2: 167, Timer: 28653, RSSI: -63
2026-08-12 09:17:54,ID: 170,ID2: 167, Timer: 28674, RSSI: -74
2026-08-12 09:17:54,ID: 170,ID2: 167, Timer: 28681, RSSI: -78
2026-08-12 09:17:54,ID: 170,ID2: 169, Timer: 28688, RSSI: -72
2026-08-12 09:17:54,ID: 170,ID2: 167, Timer: 28688, RSSI: -72
2026-08-12 09:17:54,ID: 170,ID2: 168, Timer: 28688, RSSI: -55
2026-08-12 09:17:54,ID: 170,ID2: 169, Timer: 28709, RSSI: -73
2026-08-12 09:17:54,ID: 170,ID2: 167, Timer: 28709, RSSI: -66
2026-08-12 09:17:54,ID: 170,ID2: 168, Timer: 28709, RSSI: -73
2026-08-12 09:17:54,ID: 170,ID2: 169, Timer: 28716, RSSI: -69
2026-08-12 09:17:54,ID: 170,ID2: 167, Timer: 28723, RSSI: -76
2026-08-12 09:17:54,ID: 170,ID2: 168, Timer: 28730, RSSI: -53
2026-08-12 09:17:54,ID: 170,ID2: 167, Timer: 28744, RSSI: -63
2026-08-12 09:17:54,ID: 170,ID2: 168, Timer: 28744, RSSI: -64
2026-08-12 09:17:54,ID: 170,ID2: 167, Timer: 28751, RSSI: -59
2026-08-12 09:17:54,ID: 170,ID2: 169, Timer: 28751, RSSI: -72
2026-08-12 09:17:54,ID: 170,ID2: 167, Timer: 28765, RSSI: -71
2026-08-12 09:17:54,ID: 170,ID2: 167, Timer: 28772, RSSI: -75
2026-08-12 09:17:54,ID: 170,ID2: 168, Timer: 28772, RSSI: -53
2026-08-12 09:17:54,ID: 170,ID2: 169, Timer: 28772, RSSI: -71
2026-08-12 09:17:54,ID: 170,ID2: 168, Timer: 28793, RSSI: -56
2026-08-12 09:17:54,ID: 170,ID2: 167, Timer: 28800, RSSI: -74
2026-08-12 09:17:54,ID: 170,ID2: 169, Timer: 28800, RSSI: -70
2026-08-12 09:17:54,ID: 170,ID2: 169, Timer: 28807, RSSI: -72
2026-08-12 09:17:54,ID: 170,ID2: 167, Timer: 28807, RSSI: -76
2026-08-12 09:17:54,ID: 170,ID2: 168, Timer: 28814, RSSI: -56
2026-08-12 09:17:54,ID: 170,ID2: 168, Timer: 28821, RSSI: -49
2026-08-12 09:17:54,ID: 170,ID2: 167, Timer: 28828, RSSI: -74
2026-08-12 09:17:54,ID: 170,ID2: 169, Timer: 28828, RSSI: -76
2026-08-12 09:17:54,ID: 170,ID2: 168, Timer: 28835, RSSI: -56
2026-08-12 09:17:54,ID: 170,ID2: 169, Timer: 28835, RSSI: -71
2026-08-12 09:17:54,ID: 170,ID2: 168, Timer: 28849, RSSI: -71
2026-08-12 09:17:54,ID: 170,ID2: 166, Timer: 28856, RSSI: -62
2026-08-12 09:17:54,ID: 170,ID2: 169, Timer: 28856, RSSI: -75
2026-08-12 09:17:54,ID: 170,ID2: 168, Timer: 28856, RSSI: -56
2026-08-12 09:17:54,ID: 170,ID2: 166, Timer: 28856, RSSI: -62
2026-08-12 09:17:54,ID: 170,ID2: 169, Timer: 28863, RSSI: -70
2026-08-12 09:17:54,ID: 170,ID2: 166, Timer: 28863, RSSI: -60
2026-08-12 09:17:54,ID: 170,ID2: 168, Timer: 28870, RSSI: -58
2026-08-12 09:17:54,ID: 170,ID2: 167, Timer: 28877, RSSI: -76
2026-08-12 09:17:54,ID: 170,ID2: 169, Timer: 28884, RSSI: -62
2026-08-12 09:17:54,ID: 170,ID2: 166, Timer: 28884, RSSI: -76
2026-08-12 09:17:54,ID: 170,ID2: 168, Timer: 28891, RSSI: -74
2026-08-12 09:17:54,ID: 170,ID2: 169, Timer: 28891, RSSI: -77
2026-08-12 09:17:54,ID: 170,ID2: 167, Timer: 28898, RSSI: -79
2026-08-12 09:17:54,ID: 170,ID2: 168, Timer: 28898, RSSI: -60
2026-08-12 09:17:54,ID: 170,ID2: 166, Timer: 28898, RSSI: -69
2026-08-12 09:17:54,ID: 170,ID2: 167, Timer: 28905, RSSI: -80
2026-08-12 09:17:54,ID: 170,ID2: 166, Timer: 28933, RSSI: -76
2026-08-12 09:17:54,ID: 170,ID2: 169, Timer: 28933, RSSI: -77
2026-08-12 09:17:54,ID: 170,ID2: 166, Timer: 28940, RSSI: -70
2026-08-12 09:17:54,ID: 170,ID2: 167, Timer: 28940, RSSI: -78
2026-08-12 09:17:54,ID: 170,ID2: 169, Timer: 28940, RSSI: -65
2026-08-12 09:17:54,ID: 170,ID2: 168, Timer: 28940, RSSI: -63
2026-08-12 09:17:54,ID: 170,ID2: 169, Timer: 28947, RSSI: -61
2026-08-12 09:17:54,ID: 170,ID2: 166, Timer: 28968, RSSI: -70
2026-08-12 09:17:54,ID: 170,ID2: 169, Timer: 28968, RSSI: -72
2026-08-12 09:17:54,ID: 170,ID2: 167, Timer: 28968, RSSI: -63
2026-08-12 09:17:54,ID: 170,ID2: 169, Timer: 28975, RSSI: -73
2026-08-12 09:17:54,ID: 170,ID2: 167, Timer: 28975, RSSI: -75
2026-08-12 09:17:54,ID: 170,ID2: 168, Timer: 28982, RSSI: -72
2026-08-12 09:17:54,ID: 170,ID2: 167, Timer: 28982, RSSI: -75
2026-08-12 09:17:54,ID: 170,ID2: 168, Timer: 28982, RSSI: -71
2026-08-12 09:17:54,ID: 170,ID2: 169, Timer: 28982, RSSI: -66
2026-08-12 09:17:54,ID: 170,ID2: 166, Timer: 28982, RSSI: -77
2026-08-12 09:17:54,ID: 170,ID2: 166, Timer: 28989, RSSI: -75
2026-08-12 09:17:54,ID: 170,ID2: 167, Timer: 28989, RSSI: -70
2026-08-12 09:17:54,ID: 170,ID2: 169, Timer: 29003, RSSI: -74
2026-08-12 09:17:54,ID: 170,ID2: 166, Timer: 29010, RSSI: -65
2026-08-12 09:17:54,ID: 170,ID2: 167, Timer: 29010, RSSI: -61
2026-08-12 09:17:54,ID: 170,ID2: 168, Timer: 29017, RSSI: -75
2026-08-12 09:17:54,ID: 170,ID2: 167, Timer: 29017, RSSI: -78
2026-08-12 09:17:54,ID: 170,ID2: 167, Timer: 29024, RSSI: -72
2026-08-12 09:17:54,ID: 170,ID2: 168, Timer: 29024, RSSI: -66
2026-08-12 09:17:54,ID: 170,ID2: 169, Timer: 29024, RSSI: -64
2026-08-12 09:17:54,ID: 170,ID2: 167, Timer: 29024, RSSI: -72
2026-08-12 09:17:54,ID: 170,ID2: 168, Timer: 29038, RSSI: -74
2026-08-12 09:17:54,ID: 170,ID2: 166, Timer: 29038, RSSI: -79
2026-08-12 09:17:54,ID: 170,ID2: 167, Timer: 29038, RSSI: -71
2026-08-12 09:17:54,ID: 170,ID2: 169, Timer: 29038, RSSI: -79
2026-08-12 09:17:54,ID: 170,ID2: 169, Timer: 29052, RSSI: -68
2026-08-12 09:17:54,ID: 170,ID2: 167, Timer: 29052, RSSI: -65
2026-08-12 09:17:54,ID: 170,ID2: 167, Timer: 29059, RSSI: -71
2026-08-12 09:17:54,ID: 170,ID2: 169, Timer: 29059, RSSI: -69
2026-08-12 09:17:54,ID: 170,ID2: 166, Timer: 29066, RSSI: -73
2026-08-12 09:17:54,ID: 170,ID2: 169, Timer: 29066, RSSI: -75
2026-08-12 09:17:54,ID: 170,ID2: 169, Timer: 29080, RSSI: -58
2026-08-12 09:17:54,ID: 170,ID2: 168, Timer: 29080, RSSI: -68
2026-08-12 09:17:54,ID: 170,ID2: 169, Timer: 29087, RSSI: -65
2026-08-12 09:17:54,ID: 170,ID2: 168, Timer: 29094, RSSI: -76
2026-08-12 09:17:54,ID: 170,ID2: 167, Timer: 29094, RSSI: -62
2026-08-12 09:17:54,ID: 170,ID2: 168, Timer: 29101, RSSI: -70
2026-08-12 09:17:54,ID: 170,ID2: 167, Timer: 29101, RSSI: -80
2026-08-12 09:17:54,ID: 170,ID2: 168, Timer: 29108, RSSI: -48
2026-08-12 09:17:54,ID: 170,ID2: 166, Timer: 29108, RSSI: -69
2026-08-12 09:17:54,ID: 170,ID2: 169, Timer: 29108, RSSI: -71
2026-08-12 09:17:54,ID: 170,ID2: 166, Timer: 29115, RSSI: -66
2026-08-12 09:17:54,ID: 170,ID2: 166, Timer: 29122, RSSI: -65
2026-08-12 09:17:54,ID: 170,ID2: 168, Timer: 29129, RSSI: -55
2026-08-12 09:17:54,ID: 170,ID2: 166, Timer: 29129, RSSI: -65
2026-08-12 09:17:54,ID: 170,ID2: 169, Timer: 29129, RSSI: -76
2026-08-12 09:17:54,ID: 170,ID2: 168, Timer: 29143, RSSI: -76
2026-08-12 09:17:54,ID: 170,ID2: 168, Timer: 29150, RSSI: -57
2026-08-12 09:17:54,ID: 170,ID2: 166, Timer: 29150, RSSI: -71
2026-08-12 09:17:54,ID: 170,ID2: 169, Timer: 29150, RSSI: -74
2026-08-12 09:17:54,ID: 170,ID2: 168, Timer: 29150, RSSI: -57
2026-08-12 09:17:54,ID: 170,ID2: 166, Timer: 29164, RSSI: -73
2026-08-12 09:17:54,ID: 170,ID2: 168, Timer: 29164, RSSI: -55
2026-08-12 09:17:54,ID: 170,ID2: 169, Timer: 29171, RSSI: -80
2026-08-12 09:17:54,ID: 170,ID2: 168, Timer: 29171, RSSI: -61
2026-08-12 09:17:54,ID: 170,ID2: 166, Timer: 29171, RSSI: -75
2026-08-12 09:17:54,ID: 170,ID2: 166, Timer: 29178, RSSI: -66
2026-08-12 09:17:54,ID: 170,ID2: 168, Timer: 29185, RSSI: -64
2026-08-12 09:17:54,ID: 170,ID2: 169, Timer: 29185, RSSI: -80
2026-08-12 09:17:54,ID: 170,ID2: 169, Timer: 29192, RSSI: -72
2026-08-12 09:17:54,ID: 170,ID2: 167, Timer: 29192, RSSI: -68
2026-08-12 09:17:54,ID: 170,ID2: 168, Timer: 29192, RSSI: -56
2026-08-12 09:17:54,ID: 170,ID2: 166, Timer: 29192, RSSI: -80
2026-08-12 09:17:54,ID: 170,ID2: 169, Timer: 29192, RSSI: -72
2026-08-12 09:17:54,ID: 170,ID2: 166, Timer: 29206, RSSI: -75
2026-08-12 09:17:54,ID: 170,ID2: 168, Timer: 29206, RSSI: -63
2026-08-12 09:17:54,ID: 170,ID2: 167, Timer: 29206, RSSI: -76
2026-08-12 09:17:54,ID: 170,ID2: 168, Timer: 29213, RSSI: -57
2026-08-12 09:17:54,ID: 170,ID2: 169, Timer: 29220, RSSI: -68
2026-08-12 09:17:54,ID: 170,ID2: 168, Timer: 29220, RSSI: -67
2026-08-12 09:17:54,ID: 170,ID2: 166, Timer: 29220, RSSI: -70
2026-08-12 09:17:54,ID: 170,ID2: 166, Timer: 29234, RSSI: -71
2026-08-12 09:17:54,ID: 170,ID2: 167, Timer: 29234, RSSI: -79
2026-08-12 09:17:54,ID: 170,ID2: 169, Timer: 29234, RSSI: -65
2026-08-12 09:17:54,ID: 170,ID2: 168, Timer: 29234, RSSI: -69
2026-08-12 09:17:54,ID: 170,ID2: 166, Timer: 29234, RSSI: -71
2026-08-12 09:17:54,ID: 170,ID2: 168, Timer: 29241, RSSI: -66
2026-08-12 09:17:54,ID: 170,ID2: 168, Timer: 29248, RSSI: -74
2026-08-12 09:17:54,ID: 170,ID2: 169, Timer: 29248, RSSI: -67
2026-08-12 09:17:54,ID: 170,ID2: 166, Timer: 29262, RSSI: -68
2026-08-12 09:17:54,ID: 170,ID2: 168, Timer: 29262, RSSI: -77
2026-08-12 09:17:54,ID: 170,ID2: 169, Timer: 29269, RSSI: -71
2026-08-12 09:17:54,ID: 170,ID2: 167, Timer: 29269, RSSI: -79
2026-08-12 09:17:54,ID: 170,ID2: 168, Timer: 29269, RSSI: -70
2026-08-12 09:17:54,ID: 170,ID2: 168, Timer: 29276, RSSI: -78
2026-08-12 09:17:54,ID: 170,ID2: 167, Timer: 29276, RSSI: -69
2026-08-12 09:17:54,ID: 170,ID2: 166, Timer: 29276, RSSI: -72
2026-08-12 09:17:54,ID: 170,ID2: 167, Timer: 29276, RSSI: -69
2026-08-12 09:17:54,ID: 170,ID2: 168, Timer: 29276, RSSI: -77
2026-08-12 09:17:54,ID: 170,ID2: 166, Timer: 29276, RSSI: -72
2026-08-12 09:17:54,ID: 170,ID2: 166, Timer: 29283, RSSI: -72
2026-08-12 09:17:54,ID: 170,ID2: 167, Timer: 29283, RSSI: -68
2026-08-12 09:17:54,ID: 170,ID2: 168, Timer: 29283, RSSI: -71
2026-08-12 09:17:54,ID: 170,ID2: 166, Timer: 29297, RSSI: -74
2026-08-12 09:17:54,ID: 170,ID2: 169, Timer: 29304, RSSI: -76
2026-08-12 09:17:54,ID: 170,ID2: 167, Timer: 29304, RSSI: -70
2026-08-12 09:17:54,ID: 170,ID2: 168, Timer: 29311, RSSI: -72
2026-08-12 09:17:54,ID: 170,ID2: 166, Timer: 29311, RSSI: -73
2026-08-12 09:17:54,ID: 170,ID2: 169, Timer: 29318, RSSI: -68
2026-08-12 09:17:54,ID: 170,ID2: 166, Timer: 29318, RSSI: -72
2026-08-12 09:17:54,ID: 170,ID2: 168, Timer: 29318, RSSI: -65
2026-08-12 09:17:54,ID: 170,ID2: 167, Timer: 29318, RSSI: -75
2026-08-12 09:17:54,ID: 170,ID2: 169, Timer: 29318, RSSI: -68
2026-08-12 09:17:54,ID: 170,ID2: 166, Timer: 29318, RSSI: -72
2026-08-12 09:17:54,ID: 170,ID2: 166, Timer: 29332, RSSI: -73
2026-08-12 09:17:54,ID: 170,ID2: 167, Timer: 29332, RSSI: -75
2026-08-12 09:17:54,ID: 170,ID2: 166, Timer: 29339, RSSI: -68
2026-08-12 09:17:54,ID: 170,ID2: 168, Timer: 29339, RSSI: -69
2026-08-12 09:17:54,ID: 170,ID2: 169, Timer: 29339, RSSI: -79
2026-08-12 09:17:54,ID: 170,ID2: 166, Timer: 29346, RSSI: -70
2026-08-12 09:17:54,ID: 170,ID2: 168, Timer: 29346, RSSI: -71
2026-08-12 09:17:54,ID: 170,ID2: 166, Timer: 29353, RSSI: -74
2026-08-12 09:17:54,ID: 170,ID2: 168, Timer: 29353, RSSI: -76
2026-08-12 09:17:54,ID: 170,ID2: 166, Timer: 29360, RSSI: -70
2026-08-12 09:17:54,ID: 170,ID2: 167, Timer: 29360, RSSI: -78
2026-08-12 09:17:54,ID: 170,ID2: 168, Timer: 29360, RSSI: -70
2026-08-12 09:17:54,ID: 170,ID2: 167, Timer: 29374, RSSI: -71
2026-08-12 09:17:54,ID: 170,ID2: 168, Timer: 29374, RSSI: -67
2026-08-12 09:17:54,ID: 170,ID2: 168, Timer: 29381, RSSI: -70
2026-08-12 09:17:54,ID: 170,ID2: 169, Timer: 29381, RSSI: -66
2026-08-12 09:17:54,ID: 170,ID2: 166, Timer: 29381, RSSI: -70
2026-08-12 09:17:54,ID: 168,Status: 0
2026-08-12 09:17:54,ID: 168,Current Timer: 34945
2026-08-12 09:17:54,ID: 168,Contact Count: 0
2026-08-12 09:17:54,ID: 168,Voltage: 2920
2026-08-12 09:17:54,ID: 168,Transfer complete. Disconnecting
2026-08-12 09:17:54,ID: 168,Status: 0
2026-08-12 09:17:54,ID: 168,Current Timer: 34945
2026-08-12 09:17:54,ID: 168,Contact Count: 0
2026-08-12 09:17:54,ID: 168,Voltage: 2920
2026-08-12 09:17:54,ID: 168,Transfer complete. Disconnecting
2026-08-12 09:17:54,ID: 168,Status: 0
2026-08-12 09:17:55,ID: 168,Current Timer: 34946
2026-08-12 09:17:55,ID: 168,Contact Count: 0
2026-08-12 09:17:55,ID: 168,Voltage: 2920
2026-08-12 09:17:55,ID: 168,Transfer complete. Disconnecting
2026-08-12 09:17:55,ID: 168,Status: 0
2026-08-12 09:17:55,ID: 168,Status: 0
2026-08-12 09:17:56,ID: 168,Current Timer: 34946
2026-08-12 09:17:56,ID: 168,Contact Count: 0
2026-08-12 09:17:56,ID: 168,Voltage: 2920
2026-08-12 09:17:56,ID: 168,Transfer complete. Disconnecting
2026-08-12 09:17:56,ID: 170,Status: 32
2026-08-12 09:17:56,ID: 170,Current Timer: 32268
2026-08-12 09:17:56,ID: 170,Contact Count: 1
2026-08-12 09:17:56,ID: 170,Voltage: 2939
2026-08-12 09:17:56,ID: 170,ID2: 168, Timer: 32265, RSSI: -64
2026-08-12 09:17:56,ID: 170,Transfer complete. Disconnecting
2026-08-12 09:17:56,ID: 170,Status: 32
2026-08-12 09:17:57,ID: 170,Current Timer: 32268
2026-08-12 09:17:57,ID: 170,Contact Count: 0
2026-08-12 09:17:57,ID: 170,Voltage: 2939
2026-08-12 09:17:57,ID: 170,Transfer complete. Disconnecting
2026-08-12 09:17:57,ID: 170,Status: 32
2026-08-12 09:17:57,ID: 170,Current Timer: 32269
2026-08-12 09:17:57,ID: 170,Contact Count: 0
2026-08-12 09:17:57,ID: 170,Voltage: 2939
2026-08-12 09:17:57,ID: 170,Transfer complete. Disconnecting
2026-08-12 09:17:57,ID: 170,Status: 32
2026-08-12 09:17:58,ID: 170,Current Timer: 32269
2026-08-12 09:17:58,ID: 170,Contact Count: 0
2026-08-12 09:17:58,ID: 170,Voltage: 2939
2026-08-12 09:17:58,ID: 170,Transfer complete. Disconnecting
2026-08-12 09:17:58,ID: 170,Status: 32
2026-08-12 09:17:58,ID: 170,Current Timer: 32269
2026-08-12 09:17:58,ID: 170,Contact Count: 0
2026-08-12 09:17:58,ID: 170,Voltage: 2939
2026-08-12 09:17:58,ID: 170,Transfer complete. Disconnecting
2026-08-12 09:17:58,ID: 170,Status: 32
2026-08-12 09:17:59,ID: 170,Current Timer: 32270
2026-08-12 09:17:59,ID: 170,Contact Count: 0
2026-08-12 09:17:59,ID: 170,Voltage: 2939
2026-08-12 09:17:59,ID: 170,Transfer complete. Disconnecting
2026-08-12 09:17:59,ID: 170,Status: 32
2026-08-12 09:17:59,ID: 170,Current Timer: 32270
2026-08-12 09:17:59,ID: 170,Contact Count: 0
2026-08-12 09:17:59,ID: 170,Voltage: 2939
2026-08-12 09:17:59,ID: 170,Transfer complete. Disconnecting
2026-08-12 09:17:59,ID: 170,Status: 32
2026-08-12 09:18:00,ID: 170,Current Timer: 32271
2026-08-12 09:18:00,ID: 170,Contact Count: 0
2026-08-12 09:18:00,ID: 170,Voltage: 2939
2026-08-12 09:18:00,ID: 170,Transfer complete. Disconnecting
2026-08-12 09:18:00,ID: 168,Status: 0
2026-08-12 09:18:00,ID: 168,Current Timer: 34951
2026-08-12 09:18:00,ID: 168,Contact Count: 0
2026-08-12 09:18:00,ID: 168,Voltage: 2920
2026-08-12 09:18:00,ID: 168,Transfer complete. Disconnecting
2026-08-12 09:18:00,ID: 168,Status: 0
2026-08-12 09:18:01,ID: 168,Current Timer: 34951
2026-08-12 09:18:01,ID: 168,Contact Count: 0
2026-08-12 09:18:01,ID: 168,Voltage: 2920
2026-08-12 09:18:01,ID: 168,Transfer complete. Disconnecting
2026-08-12 09:18:01,ID: 168,Status: 0
2026-08-12 09:18:01,ID: 168,Current Timer: 34952
2026-08-12 09:18:01,ID: 168,Contact Count: 0
2026-08-12 09:18:01,ID: 168,Voltage: 2920
2026-08-12 09:18:01,ID: 168,Transfer complete. Disconnecting
2026-08-12 09:18:01,ID: 168,Status: 0
2026-08-12 09:18:02,ID: 168,Current Timer: 34952
2026-08-12 09:18:02,ID: 168,Contact Count: 0
2026-08-12 09:18:02,ID: 168,Voltage: 2920
2026-08-12 09:18:02,ID: 168,Transfer complete. Disconnecting
2026-08-12 09:18:02,ID: 168,Status: 0
2026-08-12 09:18:02,ID: 168,Current Timer: 34953
2026-08-12 09:18:02,ID: 168,Contact Count: 0
2026-08-12 09:18:02,ID: 168,Voltage: 2920
2026-08-12 09:18:02,ID: 168,Transfer complete. Disconnecting
2026-08-12 09:18:02,ID: 170,Status: 32
2026-08-12 09:18:03,ID: 170,Current Timer: 32274
2026-08-12 09:18:03,ID: 170,Contact Count: 0
2026-08-12 09:18:03,ID: 170,Voltage: 2939
2026-08-12 09:18:03,ID: 170,Transfer complete. Disconnecting
2026-08-12 09:18:03,ID: 170,Status: 32
2026-08-12 09:18:03,ID: 170,Current Timer: 32274
2026-08-12 09:18:03,ID: 170,Contact Count: 0
2026-08-12 09:18:03,ID: 170,Voltage: 2939
2026-08-12 09:18:03,ID: 170,Transfer complete. Disconnecting
2026-08-12 09:18:03,ID: 170,Status: 32
2026-08-12 09:18:04,ID: 170,Current Timer: 32275
2026-08-12 09:18:04,ID: 170,Contact Count: 0
2026-08-12 09:18:04,ID: 170,Voltage: 2939
2026-08-12 09:18:04,ID: 170,Transfer complete. Disconnecting
2026-08-12 09:18:04,ID: 170,Status: 32
2026-08-12 09:18:04,ID: 170,Current Timer: 32275
2026-08-12 09:18:04,ID: 170,Contact Count: 0
2026-08-12 09:18:04,ID: 170,Voltage: 2939
2026-08-12 09:18:04,ID: 170,Transfer complete. Disconnecting
2026-08-12 09:18:04,ID: 170,Status: 32
2026-08-12 09:18:04,ID: 170,Current Timer: 32276
2026-08-12 09:18:04,ID: 170,Contact Count: 0
2026-08-12 09:18:04,ID: 170,Voltage: 2939
2026-08-12 09:18:04,ID: 170,Transfer complete. Disconnecting
2026-08-12 09:18:05,ID: 170,Status: 32
2026-08-12 09:18:05,ID: 170,Current Timer: 32276
2026-08-12 09:18:05,ID: 170,Contact Count: 0
2026-08-12 09:18:05,ID: 170,Voltage: 2939
2026-08-12 09:18:05,ID: 170,Transfer complete. Disconnecting
2026-08-12 09:18:05,ID: 170,Status: 32
2026-08-12 09:18:05,ID: 170,Current Timer: 32277
2026-08-12 09:18:05,ID: 170,Contact Count: 0
2026-08-12 09:18:05,ID: 170,Voltage: 2939
2026-08-12 09:18:05,ID: 170,Transfer complete. Disconnecting
2026-08-12 09:18:06,ID: 170,Status: 32
2026-08-12 09:18:06,ID: 170,Current Timer: 32277
2026-08-12 09:18:06,ID: 170,Contact Count: 0
2026-08-12 09:18:06,ID: 170,Voltage: 2939
2026-08-12 09:18:06,ID: 170,Transfer complete. Disconnecting
2026-08-12 09:18:06,ID: 170,Status: 32
2026-08-12 09:18:06,ID: 170,Current Timer: 32278
2026-08-12 09:18:06,ID: 170,Contact Count: 0
2026-08-12 09:18:06,ID: 170,Voltage: 2939
2026-08-12 09:18:06,ID: 170,Transfer complete. Disconnecting
2026-08-12 09:18:07,ID: 170,Status: 32
2026-08-12 09:18:07,ID: 170,Current Timer: 32278
2026-08-12 09:18:07,ID: 170,Contact Count: 0
2026-08-12 09:18:07,ID: 170,Voltage: 2939
2026-08-12 09:18:07,ID: 170,Transfer complete. Disconnecting
2026-08-12 09:18:07,ID: 170,Status: 32
2026-08-12 09:18:07,ID: 170,Current Timer: 32279
2026-08-12 09:18:07,ID: 170,Contact Count: 0
2026-08-12 09:18:07,ID: 170,Voltage: 2939
2026-08-12 09:18:07,ID: 170,Transfer complete. Disconnecting
2026-08-12 09:18:08,ID: 168,Status: 0
2026-08-12 09:18:08,ID: 168,Current Timer: 34959
2026-08-12 09:18:08,ID: 168,Contact Count: 0
2026-08-12 09:18:08,ID: 168,Voltage: 2920
2026-08-12 09:18:08,ID: 168,Transfer complete. Disconnecting
2026-08-12 09:18:08,ID: 168,Status: 0
2026-08-12 09:18:08,ID: 168,Current Timer: 34959
2026-08-12 09:18:08,ID: 168,Contact Count: 0
2026-08-12 09:18:08,ID: 168,Voltage: 2920
2026-08-12 09:18:08,ID: 168,Transfer complete. Disconnecting
2026-08-12 09:18:08,ID: 168,Status: 0
2026-08-12 09:18:09,ID: 168,Current Timer: 34960
2026-08-12 09:18:09,ID: 168,Contact Count: 0
2026-08-12 09:18:09,ID: 168,Voltage: 2920
2026-08-12 09:18:09,ID: 168,Transfer complete. Disconnecting
2026-08-12 09:18:09,ID: 168,Status: 0
2026-08-12 09:18:09,ID: 168,Current Timer: 34960
2026-08-12 09:18:09,ID: 168,Contact Count: 0
2026-08-12 09:18:09,ID: 168,Voltage: 2920
2026-08-12 09:18:09,ID: 168,Transfer complete. Disconnecting
2026-08-12 09:18:10,ID: 170,Status: 32
2026-08-12 09:18:10,ID: 170,Current Timer: 32281
2026-08-12 09:18:10,ID: 170,Contact Count: 1
2026-08-12 09:18:10,ID: 170,Voltage: 2939
2026-08-12 09:18:10,ID: 170,ID2: 168, Timer: 32279, RSSI: -69
2026-08-12 09:18:10,ID: 170,Transfer complete. Disconnecting
2026-08-12 09:18:10,ID: 170,Status: 32
2026-08-12 09:18:10,ID: 170,Current Timer: 32282
2026-08-12 09:18:10,ID: 170,Contact Count: 0
2026-08-12 09:18:10,ID: 170,Voltage: 2939
2026-08-12 09:18:10,ID: 170,Transfer complete. Disconnecting
2026-08-12 09:18:11,ID: 170,Status: 32
2026-08-12 09:18:11,ID: 170,Current Timer: 32282
2026-08-12 09:18:11,ID: 170,Contact Count: 0
2026-08-12 09:18:11,ID: 170,Voltage: 2939
2026-08-12 09:18:11,ID: 170,Transfer complete. Disconnecting
2026-08-12 09:18:11,ID: 170,Status: 32
2026-08-12 09:18:11,ID: 170,Current Timer: 32283
2026-08-12 09:18:11,ID: 170,Contact Count: 0
2026-08-12 09:18:11,ID: 170,Voltage: 2939
2026-08-12 09:18:11,ID: 170,Transfer complete. Disconnecting
2026-08-12 09:18:11,ID: 170,Status: 32
2026-08-12 09:18:12,ID: 170,Current Timer: 32283
2026-08-12 09:18:12,ID: 170,Contact Count: 0
2026-08-12 09:18:12,ID: 170,Voltage: 2939
2026-08-12 09:18:12,ID: 170,Transfer complete. Disconnecting
2026-08-12 09:18:12,ID: 170,Status: 32
2026-08-12 09:18:12,ID: 170,Current Timer: 32284
2026-08-12 09:18:12,ID: 170,Contact Count: 0
2026-08-12 09:18:12,ID: 170,Voltage: 2939
2026-08-12 09:18:12,ID: 170,Transfer complete. Disconnecting
2026-08-12 09:18:12,ID: 170,Status: 32
2026-08-12 09:18:13,ID: 170,Current Timer: 32284
2026-08-12 09:18:13,ID: 170,Contact Count: 0
2026-08-12 09:18:13,ID: 170,Voltage: 2939
2026-08-12 09:18:13,ID: 170,Transfer complete. Disconnecting
2026-08-12 09:18:13,ID: 170,Status: 32
2026-08-12 09:18:13,ID: 170,Current Timer: 32284
2026-08-12 09:18:13,ID: 170,Contact Count: 0
2026-08-12 09:18:13,ID: 170,Voltage: 2939
2026-08-12 09:18:13,ID: 170,Transfer complete. Disconnecting
2026-08-12 09:18:13,ID: 170,Status: 32
2026-08-12 09:18:14,ID: 170,Current Timer: 32285
2026-08-12 09:18:14,ID: 170,Contact Count: 0
2026-08-12 09:18:14,ID: 170,Voltage: 2939
2026-08-12 09:18:14,ID: 170,Transfer complete. Disconnecting
2026-08-12 09:18:14,ID: 170,Status: 32
2026-08-12 09:18:14,ID: 170,Current Timer: 32285
2026-08-12 09:18:14,ID: 170,Contact Count: 0
2026-08-12 09:18:14,ID: 170,Voltage: 2939
2026-08-12 09:18:14,ID: 170,Transfer complete. Disconnecting
2026-08-12 09:18:14,ID: 170,Status: 32
2026-08-12 09:18:15,ID: 170,Current Timer: 32286
2026-08-12 09:18:15,ID: 170,Contact Count: 0
2026-08-12 09:18:15,ID: 170,Voltage: 2939
2026-08-12 09:18:15,ID: 170,Transfer complete. Disconnecting
2026-08-12 09:18:15,ID: 170,Status: 32
2026-08-12 09:18:15,ID: 170,Current Timer: 32286
2026-08-12 09:18:15,ID: 170,Contact Count: 1
2026-08-12 09:18:15,ID: 170,Voltage: 2939
2026-08-12 09:18:15,ID: 170,ID2: 168, Timer: 32286, RSSI: -68
2026-08-12 09:18:15,ID: 170,Transfer complete. Disconnecting
2026-08-12 09:18:15,ID: 170,Status: 32
2026-08-12 09:18:15,ID: 170,Current Timer: 32287
2026-08-12 09:18:15,ID: 170,Contact Count: 0
2026-08-12 09:18:15,ID: 170,Voltage: 2939
2026-08-12 09:18:15,ID: 170,Transfer complete. Disconnecting
2026-08-12 09:18:16,ID: 170,Status: 32
2026-08-12 09:18:16,ID: 170,Current Timer: 32287
2026-08-12 09:18:16,ID: 170,Contact Count: 0
2026-08-12 09:18:16,ID: 170,Voltage: 2939
2026-08-12 09:18:16,ID: 170,Transfer complete. Disconnecting
2026-08-12 09:18:16,ID: 170,Status: 32
2026-08-12 09:18:16,ID: 170,Current Timer: 32288
2026-08-12 09:18:16,ID: 170,Contact Count: 0
2026-08-12 09:18:16,ID: 170,Voltage: 2939
2026-08-12 09:18:16,ID: 170,Transfer complete. Disconnecting
2026-08-12 09:18:17,ID: 170,Status: 32
2026-08-12 09:18:17,ID: 170,Current Timer: 32288
2026-08-12 09:18:17,ID: 170,Contact Count: 0
2026-08-12 09:18:17,ID: 170,Voltage: 2939
2026-08-12 09:18:17,ID: 170,Transfer complete. Disconnecting
2026-08-12 09:18:17,ID: 170,Status: 32
2026-08-12 09:18:17,ID: 170,Current Timer: 32289
2026-08-12 09:18:17,ID: 170,Contact Count: 0
2026-08-12 09:18:17,ID: 170,Voltage: 2939
2026-08-12 09:18:17,ID: 170,Transfer complete. Disconnecting
2026-08-12 09:18:17,ID: 168,Status: 0
2026-08-12 09:18:18,ID: 168,Current Timer: 34969
2026-08-12 09:18:18,ID: 168,Contact Count: 0
2026-08-12 09:18:18,ID: 168,Voltage: 2920
2026-08-12 09:18:18,ID: 168,Transfer complete. Disconnecting
2026-08-12 09:18:18,ID: 168,Status: 0
2026-08-12 09:18:18,ID: 168,Status: 0
2026-08-12 09:18:19,ID: 168,Current Timer: 34970
2026-08-12 09:18:19,ID: 168,Contact Count: 0
2026-08-12 09:18:19,ID: 168,Voltage: 2920
2026-08-12 09:18:19,ID: 168,Transfer complete. Disconnecting
2026-08-12 09:18:19,ID: 168,Status: 0
2026-08-12 09:18:19,ID: 168,Current Timer: 34970
2026-08-12 09:18:19,ID: 168,Contact Count: 0
2026-08-12 09:18:19,ID: 168,Voltage: 2920
2026-08-12 09:18:19,ID: 168,Transfer complete. Disconnecting
2026-08-12 09:18:19,ID: 168,Status: 0
2026-08-12 09:18:20,ID: 168,Current Timer: 34971
2026-08-12 09:18:20,ID: 168,Contact Count: 0
2026-08-12 09:18:20,ID: 168,Voltage: 2920
2026-08-12 09:18:20,ID: 168,Transfer complete. Disconnecting
2026-08-12 09:18:20,ID: 168,Status: 0
2026-08-12 09:18:20,ID: 168,Current Timer: 34971
2026-08-12 09:18:20,ID: 168,Contact Count: 0
2026-08-12 09:18:20,ID: 168,Voltage: 2920
2026-08-12 09:18:20,ID: 168,Transfer complete. Disconnecting
2026-08-12 09:18:20,ID: 168,Status: 0
2026-08-12 09:18:21,ID: 168,Current Timer: 34972
2026-08-12 09:18:21,ID: 168,Contact Count: 0
2026-08-12 09:18:21,ID: 168,Voltage: 2920
2026-08-12 09:18:21,ID: 168,Transfer complete. Disconnecting
2026-08-12 09:18:21,ID: 168,Status: 0
2026-08-12 09:18:21,ID: 168,Current Timer: 34972
2026-08-12 09:18:21,ID: 168,Contact Count: 0
2026-08-12 09:18:21,ID: 168,Voltage: 2920
2026-08-12 09:18:21,ID: 168,Transfer complete. Disconnecting
2026-08-12 09:18:21,ID: 168,Status: 0
2026-08-12 09:18:22,ID: 168,Current Timer: 34973
2026-08-12 09:18:22,ID: 168,Contact Count: 0
2026-08-12 09:18:22,ID: 168,Voltage: 2920
2026-08-12 09:18:22,ID: 168,Transfer complete. Disconnecting
2026-08-12 09:18:22,ID: 168,Status: 0
2026-08-12 09:18:22,ID: 168,Current Timer: 34973
2026-08-12 09:18:22,ID: 168,Contact Count: 0
2026-08-12 09:18:22,ID: 168,Voltage: 2920
2026-08-12 09:18:22,ID: 168,Transfer complete. Disconnecting
2026-08-12 09:18:22,ID: 168,Status: 0
2026-08-12 09:18:23,ID: 168,Current Timer: 34974
2026-08-12 09:18:23,ID: 168,Contact Count: 0
2026-08-12 09:18:23,ID: 168,Voltage: 2920
2026-08-12 09:18:23,ID: 168,Transfer complete. Disconnecting
2026-08-12 09:18:23,ID: 168,Status: 0
2026-08-12 09:18:23,ID: 168,Current Timer: 34974
2026-08-12 09:18:23,ID: 168,Contact Count: 0
2026-08-12 09:18:23,ID: 168,Voltage: 2920
2026-08-12 09:18:23,ID: 168,Transfer complete. Disconnecting
2026-08-12 09:18:24,ID: 168,Status: 0
2026-08-12 09:18:24,ID: 168,Status: 0
2026-08-12 09:18:24,ID: 168,Current Timer: 34975
2026-08-12 09:18:24,ID: 168,Contact Count: 0
2026-08-12 09:18:24,ID: 168,Voltage: 2920
2026-08-12 09:18:24,ID: 168,Transfer complete. Disconnecting
2026-08-12 09:18:24,ID: 168,Status: 0
2026-08-12 09:18:25,ID: 168,Current Timer: 34976
2026-08-12 09:18:25,ID: 168,Contact Count: 0
2026-08-12 09:18:25,ID: 168,Voltage: 2920
2026-08-12 09:18:25,ID: 168,Transfer complete. Disconnecting
2026-08-12 09:18:25,ID: 168,Status: 0
2026-08-12 09:18:25,ID: 168,Current Timer: 34976
2026-08-12 09:18:25,ID: 168,Contact Count: 0
2026-08-12 09:18:25,ID: 168,Voltage: 2920
2026-08-12 09:18:25,ID: 168,Transfer complete. Disconnecting
2026-08-12 09:18:25,ID: 168,Status: 0
2026-08-12 09:18:26,ID: 168,Current Timer: 34977
2026-08-12 09:18:26,ID: 168,Contact Count: 0
2026-08-12 09:18:26,ID: 168,Voltage: 2920
2026-08-12 09:18:26,ID: 168,Transfer complete. Disconnecting
2026-08-12 09:18:26,ID: 168,Status: 0
2026-08-12 09:18:26,ID: 168,Current Timer: 34977
2026-08-12 09:18:26,ID: 168,Contact Count: 0
2026-08-12 09:18:26,ID: 168,Voltage: 2920
2026-08-12 09:18:26,ID: 168,Transfer complete. Disconnecting
2026-08-12 09:18:26,ID: 168,Status: 0
2026-08-12 09:18:27,ID: 168,Status: 0
2026-08-12 09:18:27,ID: 168,Current Timer: 34978
2026-08-12 09:18:27,ID: 168,Contact Count: 0
2026-08-12 09:18:27,ID: 168,Voltage: 2920
2026-08-12 09:18:27,ID: 168,Transfer complete. Disconnecting
2026-08-12 09:18:27,ID: 168,Status: 0
2026-08-12 09:18:27,ID: 168,Current Timer: 34978
2026-08-12 09:18:27,ID: 168,Contact Count: 0
2026-08-12 09:18:27,ID: 168,Voltage: 2920
2026-08-12 09:18:27,ID: 168,Transfer complete. Disconnecting
2026-08-12 09:18:28,ID: 168,Status: 0
2026-08-12 09:18:28,ID: 168,Current Timer: 34979
2026-08-12 09:18:28,ID: 168,Contact Count: 0
2026-08-12 09:18:28,ID: 168,Voltage: 2920
2026-08-12 09:18:28,ID: 168,Transfer complete. Disconnecting
2026-08-12 09:18:28,ID: 168,Status: 0
2026-08-12 09:18:28,ID: 168,Current Timer: 34979
2026-08-12 09:18:28,ID: 168,Contact Count: 0
2026-08-12 09:18:28,ID: 168,Voltage: 2920
2026-08-12 09:18:28,ID: 168,Transfer complete. Disconnecting
2026-08-12 09:18:28,ID: 168,Status: 0
2026-08-12 09:18:29,ID: 168,Current Timer: 34980
2026-08-12 09:18:29,ID: 168,Contact Count: 0
2026-08-12 09:18:29,ID: 168,Voltage: 2920
2026-08-12 09:18:29,ID: 168,Transfer complete. Disconnecting
2026-08-12 09:18:29,ID: 170,Status: 32
2026-08-12 09:18:29,ID: 170,Current Timer: 32301
2026-08-12 09:18:29,ID: 170,Contact Count: 0
2026-08-12 09:18:29,ID: 170,Voltage: 2939
2026-08-12 09:18:29,ID: 170,Transfer complete. Disconnecting
2026-08-12 09:18:30,ID: 170,Status: 32
2026-08-12 09:18:30,ID: 170,Current Timer: 32301
2026-08-12 09:18:30,ID: 170,Contact Count: 0
2026-08-12 09:18:30,ID: 170,Voltage: 2939
2026-08-12 09:18:30,ID: 170,Transfer complete. Disconnecting
2026-08-12 09:18:30,ID: 170,Status: 32
2026-08-12 09:18:30,ID: 170,Current Timer: 32302
2026-08-12 09:18:30,ID: 170,Contact Count: 0
2026-08-12 09:18:30,ID: 170,Voltage: 2939
2026-08-12 09:18:30,ID: 170,Transfer complete. Disconnecting
2026-08-12 09:18:31,ID: 170,Status: 32
2026-08-12 09:18:31,ID: 170,Current Timer: 32302
2026-08-12 09:18:31,ID: 170,Contact Count: 0
2026-08-12 09:18:31,ID: 170,Voltage: 2939
2026-08-12 09:18:31,ID: 170,Transfer complete. Disconnecting
2026-08-12 09:18:31,ID: 170,Status: 32
2026-08-12 09:18:31,ID: 170,Current Timer: 32303
2026-08-12 09:18:31,ID: 170,Contact Count: 0
2026-08-12 09:18:31,ID: 170,Voltage: 2939
2026-08-12 09:18:31,ID: 170,Transfer complete. Disconnecting
2026-08-12 09:18:31,ID: 170,Status: 32
2026-08-12 09:18:32,ID: 170,Current Timer: 32303
2026-08-12 09:18:32,ID: 170,Contact Count: 0
2026-08-12 09:18:32,ID: 170,Voltage: 2939
2026-08-12 09:18:32,ID: 170,Transfer complete. Disconnecting
2026-08-12 09:18:32,ID: 168,Status: 0
2026-08-12 09:18:32,ID: 168,Current Timer: 34983
2026-08-12 09:18:32,ID: 168,Contact Count: 0
2026-08-12 09:18:32,ID: 168,Voltage: 2920
2026-08-12 09:18:32,ID: 168,Transfer complete. Disconnecting
2026-08-12 09:18:33,ID: 168,Status: 0
2026-08-12 09:18:33,ID: 168,Current Timer: 34984
2026-08-12 09:18:33,ID: 168,Contact Count: 0
2026-08-12 09:18:33,ID: 168,Voltage: 2920
2026-08-12 09:18:33,ID: 168,Transfer complete. Disconnecting
2026-08-12 09:18:33,ID: 168,Status: 0
2026-08-12 09:18:33,ID: 168,Current Timer: 34984
2026-08-12 09:18:33,ID: 168,Contact Count: 0
2026-08-12 09:18:33,ID: 168,Voltage: 2920
2026-08-12 09:18:33,ID: 168,Transfer complete. Disconnecting
2026-08-12 09:18:34,ID: 168,Status: 0
2026-08-12 09:18:34,ID: 168,Current Timer: 34985
2026-08-12 09:18:34,ID: 168,Contact Count: 0
2026-08-12 09:18:34,ID: 168,Voltage: 2920
2026-08-12 09:18:34,ID: 168,Transfer complete. Disconnecting
2026-08-12 09:18:34,ID: 168,Status: 0
2026-08-12 09:18:34,ID: 168,Current Timer: 34985
2026-08-12 09:18:34,ID: 168,Contact Count: 0
2026-08-12 09:18:34,ID: 168,Voltage: 2920
2026-08-12 09:18:34,ID: 168,Transfer complete. Disconnecting
2026-08-12 09:18:35,ID: 168,Status: 0
2026-08-12 09:18:35,ID: 168,Status: 0
2026-08-12 09:18:35,ID: 168,Status: 0
2026-08-12 09:18:35,ID: 168,Current Timer: 34986
2026-08-12 09:18:35,ID: 168,Contact Count: 0
2026-08-12 09:18:35,ID: 168,Voltage: 2920
2026-08-12 09:18:35,ID: 168,Transfer complete. Disconnecting
2026-08-12 09:18:36,ID: 168,Status: 0
2026-08-12 09:18:36,ID: 168,Current Timer: 34987
2026-08-12 09:18:36,ID: 168,Contact Count: 0
2026-08-12 09:18:36,ID: 168,Voltage: 2920
2026-08-12 09:18:36,ID: 168,Transfer complete. Disconnecting
2026-08-12 09:18:36,ID: 168,Status: 0
2026-08-12 09:18:36,ID: 168,Current Timer: 34987
2026-08-12 09:18:36,ID: 168,Contact Count: 0
2026-08-12 09:18:36,ID: 168,Voltage: 2920
2026-08-12 09:18:36,ID: 168,Transfer complete. Disconnecting
2026-08-12 09:18:37,ID: 168,Status: 0
2026-08-12 09:18:37,ID: 168,Current Timer: 34988
2026-08-12 09:18:37,ID: 168,Contact Count: 0
2026-08-12 09:18:37,ID: 168,Voltage: 2920
2026-08-12 09:18:37,ID: 168,Transfer complete. Disconnecting
2026-08-12 09:18:37,ID: 168,Status: 0
2026-08-12 09:18:37,ID: 168,Current Timer: 34988
2026-08-12 09:18:37,ID: 168,Contact Count: 0
2026-08-12 09:18:37,ID: 168,Voltage: 2920
2026-08-12 09:18:37,ID: 168,Transfer complete. Disconnecting
2026-08-12 09:18:38,ID: 168,Status: 0
2026-08-12 09:18:38,ID: 168,Current Timer: 34989
2026-08-12 09:18:38,ID: 168,Contact Count: 0
2026-08-12 09:18:38,ID: 168,Voltage: 2920
2026-08-12 09:18:38,ID: 168,Transfer complete. Disconnecting
2026-08-12 09:18:38,ID: 168,Status: 0
2026-08-12 09:18:38,ID: 168,Current Timer: 34989
2026-08-12 09:18:38,ID: 168,Contact Count: 0
2026-08-12 09:18:38,ID: 168,Voltage: 2920
2026-08-12 09:18:38,ID: 168,Transfer complete. Disconnecting
2026-08-12 09:18:39,ID: 168,Status: 0
2026-08-12 09:18:39,ID: 168,Current Timer: 34990
2026-08-12 09:18:39,ID: 168,Contact Count: 0
2026-08-12 09:18:39,ID: 168,Voltage: 2920
2026-08-12 09:18:39,ID: 168,Transfer complete. Disconnecting
2026-08-12 09:18:39,ID: 168,Status: 0
2026-08-12 09:18:39,ID: 168,Current Timer: 34990
2026-08-12 09:18:39,ID: 168,Contact Count: 0
2026-08-12 09:18:39,ID: 168,Voltage: 2920
2026-08-12 09:18:39,ID: 168,Transfer complete. Disconnecting
2026-08-12 09:18:40,ID: 168,Status: 0
2026-08-12 09:18:40,ID: 168,Current Timer: 34991
2026-08-12 09:18:40,ID: 168,Contact Count: 0
2026-08-12 09:18:40,ID: 168,Voltage: 2920
2026-08-12 09:18:40,ID: 168,Transfer complete. Disconnecting
2026-08-12 09:18:40,ID: 168,Status: 0
2026-08-12 09:18:40,ID: 168,Current Timer: 34991
2026-08-12 09:18:40,ID: 168,Contact Count: 0
2026-08-12 09:18:40,ID: 168,Voltage: 2920
2026-08-12 09:18:40,ID: 168,Transfer complete. Disconnecting
2026-08-12 09:18:40,ID: 168,Status: 0
2026-08-12 09:18:41,ID: 170,Status: 32
2026-08-12 09:18:41,ID: 170,Current Timer: 32312
2026-08-12 09:18:41,ID: 170,Contact Count: 0
2026-08-12 09:18:41,ID: 170,Voltage: 2939
2026-08-12 09:18:41,ID: 170,Transfer complete. Disconnecting
2026-08-12 09:18:41,ID: 170,Status: 32
2026-08-12 09:18:42,ID: 170,Current Timer: 32313
2026-08-12 09:18:42,ID: 170,Contact Count: 0
2026-08-12 09:18:42,ID: 170,Voltage: 2939
2026-08-12 09:18:42,ID: 170,Transfer complete. Disconnecting
2026-08-12 09:18:42,ID: 170,Status: 32
2026-08-12 09:18:42,ID: 170,Current Timer: 32313
2026-08-12 09:18:42,ID: 170,Contact Count: 0
2026-08-12 09:18:42,ID: 170,Voltage: 2939
2026-08-12 09:18:42,ID: 170,Transfer complete. Disconnecting
2026-08-12 09:18:42,ID: 170,Status: 32
2026-08-12 09:18:43,ID: 170,Current Timer: 32314
2026-08-12 09:18:43,ID: 170,Contact Count: 0
2026-08-12 09:18:43,ID: 170,Voltage: 2939
2026-08-12 09:18:43,ID: 170,Transfer complete. Disconnecting
2026-08-12 09:18:43,ID: 170,Status: 32
2026-08-12 09:18:43,ID: 170,Current Timer: 32314
2026-08-12 09:18:43,ID: 170,Contact Count: 0
2026-08-12 09:18:43,ID: 170,Voltage: 2939
2026-08-12 09:18:43,ID: 170,Transfer complete. Disconnecting
2026-08-12 09:18:43,ID: 170,Status: 32
2026-08-12 09:18:44,ID: 170,Current Timer: 32315
2026-08-12 09:18:44,ID: 170,Contact Count: 0
2026-08-12 09:18:44,ID: 170,Voltage: 2939
2026-08-12 09:18:44,ID: 170,Transfer complete. Disconnecting
2026-08-12 09:18:44,ID: 168,Status: 0
2026-08-12 09:18:44,ID: 168,Status: 0
2026-08-12 09:18:44,ID: 168,Current Timer: 34995
2026-08-12 09:18:44,ID: 168,Contact Count: 0
2026-08-12 09:18:44,ID: 168,Voltage: 2920
2026-08-12 09:18:44,ID: 168,Transfer complete. Disconnecting
2026-08-12 09:18:45,ID: 168,Status: 0
2026-08-12 09:18:45,ID: 168,Current Timer: 34996
2026-08-12 09:18:45,ID: 168,Contact Count: 0
2026-08-12 09:18:45,ID: 168,Voltage: 2920
2026-08-12 09:18:45,ID: 168,Transfer complete. Disconnecting
2026-08-12 09:18:45,ID: 168,Status: 0
2026-08-12 09:18:45,ID: 168,Current Timer: 34996
2026-08-12 09:18:45,ID: 168,Contact Count: 0
2026-08-12 09:18:45,ID: 168,Voltage: 2920
2026-08-12 09:18:45,ID: 168,Transfer complete. Disconnecting
2026-08-12 09:18:45,ID: 168,Status: 0
2026-08-12 09:18:46,ID: 168,Current Timer: 34996
2026-08-12 09:18:46,ID: 168,Contact Count: 0
2026-08-12 09:18:46,ID: 168,Voltage: 2920
2026-08-12 09:18:46,ID: 168,Transfer complete. Disconnecting
2026-08-12 09:18:46,ID: 168,Status: 0
2026-08-12 09:18:46,ID: 168,Current Timer: 34997
2026-08-12 09:18:46,ID: 168,Contact Count: 0
2026-08-12 09:18:46,ID: 168,Voltage: 2920
2026-08-12 09:18:46,ID: 168,Transfer complete. Disconnecting
2026-08-12 09:18:47,ID: 168,Status: 0
2026-08-12 09:18:47,ID: 168,Current Timer: 34997
2026-08-12 09:18:47,ID: 168,Contact Count: 0
2026-08-12 09:18:47,ID: 168,Voltage: 2920
2026-08-12 09:18:47,ID: 168,Transfer complete. Disconnecting
2026-08-12 09:18:47,ID: 168,Status: 0
2026-08-12 09:18:47,ID: 168,Current Timer: 34998
2026-08-12 09:18:47,ID: 168,Contact Count: 0
2026-08-12 09:18:47,ID: 168,Voltage: 2920
2026-08-12 09:18:47,ID: 168,Transfer complete. Disconnecting
2026-08-12 09:18:47,ID: 168,Status: 0
2026-08-12 09:18:48,ID: 168,Current Timer: 34998
2026-08-12 09:18:48,ID: 168,Contact Count: 0
2026-08-12 09:18:48,ID: 168,Voltage: 2920
2026-08-12 09:18:48,ID: 168,Transfer complete. Disconnecting
2026-08-12 09:18:48,ID: 168,Status: 0
2026-08-12 09:18:48,ID: 168,Status: 0
2026-08-12 09:18:48,ID: 168,Current Timer: 34999
2026-08-12 09:18:48,ID: 168,Contact Count: 0
2026-08-12 09:18:48,ID: 168,Voltage: 2920
2026-08-12 09:18:48,ID: 168,Transfer complete. Disconnecting
2026-08-12 09:18:49,ID: 170,Status: 32
2026-08-12 09:18:49,ID: 170,Current Timer: 32320
2026-08-12 09:18:49,ID: 170,Contact Count: 0
2026-08-12 09:18:49,ID: 170,Voltage: 2939
2026-08-12 09:18:49,ID: 170,Transfer complete. Disconnecting
2026-08-12 09:18:49,ID: 170,Status: 32
2026-08-12 09:18:49,ID: 170,Current Timer: 32321
2026-08-12 09:18:49,ID: 170,Contact Count: 0
2026-08-12 09:18:49,ID: 170,Voltage: 2939
2026-08-12 09:18:49,ID: 170,Transfer complete. Disconnecting
2026-08-12 09:18:50,ID: 170,Status: 32
2026-08-12 09:18:50,ID: 170,Current Timer: 32321
2026-08-12 09:18:50,ID: 170,Contact Count: 0
2026-08-12 09:18:50,ID: 170,Voltage: 2939
2026-08-12 09:18:50,ID: 170,Transfer complete. Disconnecting
2026-08-12 09:18:50,ID: 170,Status: 32
2026-08-12 09:18:50,ID: 170,Current Timer: 32322
2026-08-12 09:18:50,ID: 170,Contact Count: 0
2026-08-12 09:18:50,ID: 170,Voltage: 2939
2026-08-12 09:18:50,ID: 170,Transfer complete. Disconnecting
2026-08-12 09:18:51,ID: 170,Status: 32
2026-08-12 09:18:51,ID: 170,Current Timer: 32322
2026-08-12 09:18:51,ID: 170,Contact Count: 0
2026-08-12 09:18:51,ID: 170,Voltage: 2939
2026-08-12 09:18:51,ID: 170,Transfer complete. Disconnecting
2026-08-12 09:18:51,ID: 170,Status: 32
2026-08-12 09:18:51,ID: 170,Current Timer: 32323
2026-08-12 09:18:51,ID: 170,Contact Count: 0
2026-08-12 09:18:51,ID: 170,Voltage: 2939
2026-08-12 09:18:51,ID: 170,Status: 32
2026-08-12 09:18:52,ID: 170,Current Timer: 32323
2026-08-12 09:18:52,ID: 170,Contact Count: 0
2026-08-12 09:18:52,ID: 170,Voltage: 2939
2026-08-12 09:18:52,ID: 170,Transfer complete. Disconnecting
2026-08-12 09:18:52,ID: 170,Status: 32
2026-08-12 09:18:52,ID: 170,Current Timer: 32324
2026-08-12 09:18:52,ID: 170,Contact Count: 0
2026-08-12 09:18:52,ID: 170,Voltage: 2939
2026-08-12 09:18:52,ID: 170,Transfer complete. Disconnecting
2026-08-12 09:18:53,ID: 170,Status: 32
2026-08-12 09:18:53,ID: 170,Current Timer: 32324
2026-08-12 09:18:53,ID: 170,Contact Count: 0
2026-08-12 09:18:53,ID: 170,Voltage: 2939
2026-08-12 09:18:53,ID: 170,Transfer complete. Disconnecting
2026-08-12 09:18:53,ID: 170,Status: 32
2026-08-12 09:18:53,ID: 170,Current Timer: 32324
2026-08-12 09:18:53,ID: 170,Contact Count: 0
2026-08-12 09:18:53,ID: 170,Voltage: 2939
2026-08-12 09:18:53,ID: 170,Transfer complete. Disconnecting
2026-08-12 09:18:54,ID: 170,Status: 32
2026-08-12 09:18:54,ID: 170,Current Timer: 32325
2026-08-12 09:18:54,ID: 170,Contact Count: 0
2026-08-12 09:18:54,ID: 170,Voltage: 2939
2026-08-12 09:18:54,ID: 170,Transfer complete. Disconnecting
2026-08-12 09:18:54,ID: 170,Status: 32
2026-08-12 09:18:54,ID: 170,Current Timer: 32325
2026-08-12 09:18:54,ID: 170,Contact Count: 0
2026-08-12 09:18:54,ID: 170,Voltage: 2939
2026-08-12 09:18:54,ID: 170,Transfer complete. Disconnecting
2026-08-12 09:18:54,ID: 170,Status: 32
2026-08-12 09:18:55,ID: 170,Current Timer: 32326
2026-08-12 09:18:55,ID: 170,Contact Count: 0
2026-08-12 09:18:55,ID: 170,Voltage: 2939
2026-08-12 09:18:55,ID: 170,Transfer complete. Disconnecting
2026-08-12 09:18:55,ID: 170,Status: 32
2026-08-12 09:18:55,ID: 170,Current Timer: 32326
2026-08-12 09:18:55,ID: 170,Contact Count: 0
2026-08-12 09:18:55,ID: 170,Voltage: 2939
2026-08-12 09:18:55,ID: 170,Transfer complete. Disconnecting
2026-08-12 09:18:55,ID: 170,Status: 32
2026-08-12 09:18:55,ID: 170,Current Timer: 32327
2026-08-12 09:18:55,ID: 170,Contact Count: 0
2026-08-12 09:18:55,ID: 170,Voltage: 2939
2026-08-12 09:18:55,ID: 170,Transfer complete. Disconnecting
2026-08-12 09:18:56,ID: 170,Status: 32
2026-08-12 09:18:56,ID: 170,Current Timer: 32327
2026-08-12 09:18:56,ID: 170,Contact Count: 0
2026-08-12 09:18:56,ID: 170,Voltage: 2939
2026-08-12 09:18:56,ID: 170,Transfer complete. Disconnecting
2026-08-12 09:18:56,ID: 170,Status: 32
2026-08-12 09:18:56,ID: 170,Current Timer: 32328
2026-08-12 09:18:56,ID: 170,Contact Count: 0
2026-08-12 09:18:56,ID: 170,Voltage: 2939
2026-08-12 09:18:56,ID: 170,Transfer complete. Disconnecting
2026-08-12 09:18:57,ID: 168,Status: 0
2026-08-12 09:18:57,ID: 168,Current Timer: 35008
2026-08-12 09:18:57,ID: 168,Contact Count: 0
2026-08-12 09:18:57,ID: 168,Voltage: 2920
2026-08-12 09:18:57,ID: 168,Transfer complete. Disconnecting
2026-08-12 09:18:57,ID: 168,Status: 0
2026-08-12 09:18:57,ID: 168,Current Timer: 35008
2026-08-12 09:18:57,ID: 168,Contact Count: 0
2026-08-12 09:18:57,ID: 168,Voltage: 2920
2026-08-12 09:18:57,ID: 168,Transfer complete. Disconnecting
2026-08-12 09:18:58,ID: 168,Status: 0
2026-08-12 09:18:58,ID: 168,Status: 0
2026-08-12 09:18:58,ID: 168,Current Timer: 35009
2026-08-12 09:18:58,ID: 168,Contact Count: 0
2026-08-12 09:18:58,ID: 168,Voltage: 2920
2026-08-12 09:18:58,ID: 168,Transfer complete. Disconnecting
2026-08-12 09:18:58,ID: 168,Status: 0
2026-08-12 09:18:58,ID: 168,Current Timer: 35009
2026-08-12 09:18:58,ID: 168,Contact Count: 0
2026-08-12 09:18:58,ID: 168,Voltage: 2920
2026-08-12 09:18:58,ID: 168,Transfer complete. Disconnecting
2026-08-12 09:18:59,ID: 170,Status: 32
2026-08-12 09:18:59,ID: 170,Current Timer: 32330
2026-08-12 09:18:59,ID: 170,Contact Count: 0
2026-08-12 09:18:59,ID: 170,Voltage: 2939
2026-08-12 09:18:59,ID: 170,Transfer complete. Disconnecting
2026-08-12 09:18:59,ID: 170,Status: 32
2026-08-12 09:18:59,ID: 170,Current Timer: 32331
2026-08-12 09:18:59,ID: 170,Contact Count: 0
2026-08-12 09:18:59,ID: 170,Voltage: 2939
2026-08-12 09:18:59,ID: 170,Transfer complete. Disconnecting
2026-08-12 09:19:00,ID: 170,Status: 32
2026-08-12 09:19:00,ID: 170,Current Timer: 32331
2026-08-12 09:19:00,ID: 170,Contact Count: 0
2026-08-12 09:19:00,ID: 170,Voltage: 2939
2026-08-12 09:19:00,ID: 170,Transfer complete. Disconnecting
2026-08-12 09:19:00,ID: 170,Status: 32
2026-08-12 09:19:00,ID: 170,Current Timer: 32332
2026-08-12 09:19:00,ID: 170,Contact Count: 0
2026-08-12 09:19:00,ID: 170,Voltage: 2939
2026-08-12 09:19:00,ID: 170,Transfer complete. Disconnecting
2026-08-12 09:19:01,ID: 170,Status: 32
2026-08-12 09:19:01,ID: 170,Current Timer: 32332
2026-08-12 09:19:01,ID: 170,Contact Count: 0
2026-08-12 09:19:01,ID: 170,Voltage: 2939
2026-08-12 09:19:01,ID: 170,Transfer complete. Disconnecting
2026-08-12 09:19:01,ID: 170,Status: 32
2026-08-12 09:19:01,ID: 170,Current Timer: 32333
2026-08-12 09:19:01,ID: 170,Contact Count: 0
2026-08-12 09:19:01,ID: 170,Voltage: 2939
2026-08-12 09:19:01,ID: 170,Transfer complete. Disconnecting
2026-08-12 09:19:01,ID: 170,Status: 32
2026-08-12 09:19:02,ID: 170,Current Timer: 32333
2026-08-12 09:19:02,ID: 170,Contact Count: 0
2026-08-12 09:19:02,ID: 170,Voltage: 2939
2026-08-12 09:19:02,ID: 170,Transfer complete. Disconnecting
2026-08-12 09:19:02,ID: 170,Status: 32
2026-08-12 09:19:02,ID: 170,Current Timer: 32334
2026-08-12 09:19:02,ID: 170,Contact Count: 0
2026-08-12 09:19:02,ID: 170,Voltage: 2939
2026-08-12 09:19:02,ID: 170,Transfer complete. Disconnecting
2026-08-12 09:19:03,ID: 170,Status: 32
2026-08-12 09:19:03,ID: 170,Current Timer: 32334
2026-08-12 09:19:03,ID: 170,Contact Count: 0
2026-08-12 09:19:03,ID: 170,Voltage: 2939
2026-08-12 09:19:03,ID: 170,Transfer complete. Disconnecting
2026-08-12 09:19:03,ID: 170,Status: 32
2026-08-12 09:19:03,ID: 170,Current Timer: 32334
2026-08-12 09:19:03,ID: 170,Contact Count: 0
2026-08-12 09:19:03,ID: 170,Voltage: 2939
2026-08-12 09:19:03,ID: 170,Transfer complete. Disconnecting
2026-08-12 09:19:03,ID: 170,Status: 32
2026-08-12 09:19:04,ID: 170,Current Timer: 32335
2026-08-12 09:19:04,ID: 170,Contact Count: 0
2026-08-12 09:19:04,ID: 170,Voltage: 2939
2026-08-12 09:19:04,ID: 170,Transfer complete. Disconnecting
2026-08-12 09:19:04,ID: 170,Status: 32
2026-08-12 09:19:04,ID: 170,Current Timer: 32335
2026-08-12 09:19:04,ID: 170,Contact Count: 0
2026-08-12 09:19:04,ID: 170,Voltage: 2939
2026-08-12 09:19:04,ID: 170,Transfer complete. Disconnecting
2026-08-12 09:19:04,ID: 170,Status: 32
2026-08-12 09:19:04,ID: 170,Current Timer: 32336
2026-08-12 09:19:04,ID: 170,Contact Count: 0
2026-08-12 09:19:04,ID: 170,Voltage: 2939
2026-08-12 09:19:05,ID: 170,Transfer complete. Disconnecting
2026-08-12 09:19:05,ID: 170,Status: 32
2026-08-12 09:19:05,ID: 170,Current Timer: 32336
2026-08-12 09:19:05,ID: 170,Contact Count: 0
2026-08-12 09:19:05,ID: 170,Voltage: 2939
2026-08-12 09:19:05,ID: 170,Transfer complete. Disconnecting
2026-08-12 09:19:05,ID: 170,Status: 32
2026-08-12 09:19:05,ID: 170,Current Timer: 32337
2026-08-12 09:19:05,ID: 170,Contact Count: 0
2026-08-12 09:19:05,ID: 170,Voltage: 2939
2026-08-12 09:19:05,ID: 170,Transfer complete. Disconnecting
2026-08-12 09:19:06,ID: 170,Status: 32
2026-08-12 09:19:06,ID: 170,Current Timer: 32337
2026-08-12 09:19:06,ID: 170,Contact Count: 0
2026-08-12 09:19:06,ID: 170,Voltage: 2939
2026-08-12 09:19:06,ID: 170,Transfer complete. Disconnecting
2026-08-12 09:19:07,ID: 170,Status: 32
2026-08-12 09:19:07,ID: 170,Current Timer: 32338
2026-08-12 09:19:07,ID: 170,Contact Count: 0
2026-08-12 09:19:07,ID: 170,Voltage: 2939
2026-08-12 09:19:07,ID: 170,Transfer complete. Disconnecting
2026-08-12 09:19:07,ID: 170,Status: 32
2026-08-12 09:19:07,ID: 170,Current Timer: 32338
2026-08-12 09:19:07,ID: 170,Contact Count: 0
2026-08-12 09:19:07,ID: 170,Voltage: 2939
2026-08-12 09:19:07,ID: 170,Transfer complete. Disconnecting
2026-08-12 09:19:08,ID: 170,Status: 32
2026-08-12 09:19:08,ID: 170,Current Timer: 32339
2026-08-12 09:19:08,ID: 170,Contact Count: 0
2026-08-12 09:19:08,ID: 170,Voltage: 2939
2026-08-12 09:19:08,ID: 170,Transfer complete. Disconnecting
2026-08-12 09:19:08,ID: 170,Status: 32
2026-08-12 09:19:08,ID: 170,Current Timer: 32339
2026-08-12 09:19:08,ID: 170,Contact Count: 0
2026-08-12 09:19:08,ID: 170,Voltage: 2939
2026-08-12 09:19:08,ID: 170,Transfer complete. Disconnecting
2026-08-12 09:19:09,ID: 170,Status: 32
2026-08-12 09:19:09,ID: 170,Current Timer: 32340
2026-08-12 09:19:09,ID: 170,Contact Count: 0
2026-08-12 09:19:09,ID: 170,Voltage: 2939
2026-08-12 09:19:09,ID: 170,Transfer complete. Disconnecting
2026-08-12 09:19:09,ID: 170,Status: 32
2026-08-12 09:19:09,ID: 170,Current Timer: 32340
2026-08-12 09:19:09,ID: 170,Contact Count: 0
2026-08-12 09:19:09,ID: 170,Voltage: 2939
2026-08-12 09:19:09,ID: 170,Transfer complete. Disconnecting
2026-08-12 09:19:09,ID: 170,Status: 32
2026-08-12 09:19:09,ID: 170,Current Timer: 32341
2026-08-12 09:19:09,ID: 170,Contact Count: 0
2026-08-12 09:19:09,ID: 170,Voltage: 2939
2026-08-12 09:19:09,ID: 170,Transfer complete. Disconnecting
2026-08-12 09:19:10,ID: 170,Status: 32
2026-08-12 09:19:10,ID: 170,Current Timer: 32341
2026-08-12 09:19:10,ID: 170,Contact Count: 0
2026-08-12 09:19:10,ID: 170,Voltage: 2939
2026-08-12 09:19:10,ID: 170,Transfer complete. Disconnecting
2026-08-12 09:19:10,ID: 170,Status: 32
2026-08-12 09:19:10,ID: 170,Current Timer: 32341
2026-08-12 09:19:10,ID: 170,Contact Count: 0
2026-08-12 09:19:10,ID: 170,Voltage: 2939
2026-08-12 09:19:10,ID: 170,Transfer complete. Disconnecting
2026-08-12 09:19:10,ID: 170,Status: 32
2026-08-12 09:19:11,ID: 170,Current Timer: 32342
2026-08-12 09:19:11,ID: 170,Contact Count: 0
2026-08-12 09:19:11,ID: 170,Voltage: 2939
2026-08-12 09:19:11,ID: 170,Transfer complete. Disconnecting
2026-08-12 09:19:11,ID: 170,Status: 32
2026-08-12 09:19:11,ID: 170,Current Timer: 32342
2026-08-12 09:19:11,ID: 170,Contact Count: 1
2026-08-12 09:19:11,ID: 170,Voltage: 2939
2026-08-12 09:19:11,ID: 170,ID2: 168, Timer: 32342, RSSI: -63
2026-08-12 09:19:11,ID: 170,Transfer complete. Disconnecting
2026-08-12 09:19:11,ID: 170,Status: 32
2026-08-12 09:19:12,ID: 170,Current Timer: 32343
2026-08-12 09:19:12,ID: 170,Contact Count: 0
2026-08-12 09:19:12,ID: 170,Voltage: 2939
2026-08-12 09:19:12,ID: 170,Transfer complete. Disconnecting
2026-08-12 09:19:12,ID: 170,Status: 32
2026-08-12 09:19:12,ID: 170,Current Timer: 32343
2026-08-12 09:19:12,ID: 170,Contact Count: 0
2026-08-12 09:19:12,ID: 170,Voltage: 2939
2026-08-12 09:19:12,ID: 170,Transfer complete. Disconnecting
2026-08-12 09:19:12,ID: 170,Status: 32
2026-08-12 09:19:13,ID: 170,Current Timer: 32344
2026-08-12 09:19:13,ID: 170,Contact Count: 0
2026-08-12 09:19:13,ID: 170,Voltage: 2939
2026-08-12 09:19:13,ID: 170,Transfer complete. Disconnecting
2026-08-12 09:19:13,ID: 170,Status: 32
2026-08-12 09:19:13,ID: 170,Current Timer: 32344
2026-08-12 09:19:13,ID: 170,Contact Count: 0
2026-08-12 09:19:13,ID: 170,Voltage: 2939
2026-08-12 09:19:13,ID: 170,Transfer complete. Disconnecting
2026-08-12 09:19:13,ID: 170,Status: 32
2026-08-12 09:19:13,ID: 170,Current Timer: 32345
2026-08-12 09:19:13,ID: 170,Contact Count: 0
2026-08-12 09:19:13,ID: 170,Voltage: 2939
2026-08-12 09:19:14,ID: 170,Transfer complete. Disconnecting
2026-08-12 09:19:14,ID: 170,Status: 32
2026-08-12 09:19:14,ID: 170,Current Timer: 32345
2026-08-12 09:19:14,ID: 170,Contact Count: 0
2026-08-12 09:19:14,ID: 170,Voltage: 2939
2026-08-12 09:19:14,ID: 170,Transfer complete. Disconnecting
2026-08-12 09:19:14,ID: 170,Status: 32
2026-08-12 09:19:14,ID: 170,Current Timer: 32346
2026-08-12 09:19:14,ID: 170,Contact Count: 0
2026-08-12 09:19:14,ID: 170,Voltage: 2939
2026-08-12 09:19:14,ID: 170,Transfer complete. Disconnecting
2026-08-12 09:19:15,ID: 168,Status: 0
2026-08-12 09:19:15,ID: 168,Current Timer: 35026
2026-08-12 09:19:15,ID: 168,Contact Count: 0
2026-08-12 09:19:15,ID: 168,Voltage: 2920
2026-08-12 09:19:15,ID: 168,Transfer complete. Disconnecting
2026-08-12 09:19:15,ID: 168,Status: 0
2026-08-12 09:19:15,ID: 168,Current Timer: 35026
2026-08-12 09:19:15,ID: 168,Contact Count: 0
2026-08-12 09:19:15,ID: 168,Voltage: 2920
2026-08-12 09:19:15,ID: 168,Transfer complete. Disconnecting
2026-08-12 09:19:16,ID: 168,Status: 0
2026-08-12 09:19:16,ID: 168,Status: 0
2026-08-12 09:19:16,ID: 168,Current Timer: 35027
2026-08-12 09:19:16,ID: 168,Contact Count: 0
2026-08-12 09:19:16,ID: 168,Voltage: 2920
2026-08-12 09:19:16,ID: 168,Transfer complete. Disconnecting
2026-08-12 09:19:17,ID: 168,Status: 0
2026-08-12 09:19:17,ID: 170,Status: 32
2026-08-12 09:19:17,ID: 170,Current Timer: 32348
2026-08-12 09:19:17,ID: 170,Contact Count: 0
2026-08-12 09:19:17,ID: 170,Voltage: 2939
2026-08-12 09:19:17,ID: 170,Transfer complete. Disconnecting
2026-08-12 09:19:17,ID: 170,Status: 32
2026-08-12 09:19:18,ID: 170,Current Timer: 32349
2026-08-12 09:19:18,ID: 170,Contact Count: 0
2026-08-12 09:19:18,ID: 170,Voltage: 2939
2026-08-12 09:19:18,ID: 170,Transfer complete. Disconnecting
2026-08-12 09:19:18,ID: 170,Status: 32
2026-08-12 09:19:18,ID: 170,Current Timer: 32349
2026-08-12 09:19:18,ID: 170,Contact Count: 0
2026-08-12 09:19:18,ID: 170,Voltage: 2939
2026-08-12 09:19:18,ID: 170,Transfer complete. Disconnecting
2026-08-12 09:19:18,ID: 170,Status: 32
2026-08-12 09:19:19,ID: 170,Current Timer: 32350
2026-08-12 09:19:19,ID: 170,Contact Count: 0
2026-08-12 09:19:19,ID: 170,Voltage: 2939
2026-08-12 09:19:19,ID: 170,Transfer complete. Disconnecting
2026-08-12 09:19:19,ID: 170,Status: 32
2026-08-12 09:19:19,ID: 170,Current Timer: 32350
2026-08-12 09:19:19,ID: 170,Contact Count: 0
2026-08-12 09:19:19,ID: 170,Voltage: 2939
2026-08-12 09:19:19,ID: 170,Transfer complete. Disconnecting
2026-08-12 09:19:20,ID: 170,Status: 32
2026-08-12 09:19:20,ID: 170,Current Timer: 32351
2026-08-12 09:19:20,ID: 170,Contact Count: 0
2026-08-12 09:19:20,ID: 170,Voltage: 2939
2026-08-12 09:19:20,ID: 170,Transfer complete. Disconnecting
2026-08-12 09:19:20,ID: 170,Status: 32
2026-08-12 09:19:20,ID: 170,Current Timer: 32351
2026-08-12 09:19:20,ID: 170,Contact Count: 0
2026-08-12 09:19:20,ID: 170,Voltage: 2939
2026-08-12 09:19:20,ID: 170,Transfer complete. Disconnecting
2026-08-12 09:19:21,ID: 170,Status: 32
2026-08-12 09:19:21,ID: 170,Current Timer: 32352
2026-08-12 09:19:21,ID: 170,Contact Count: 0
2026-08-12 09:19:21,ID: 170,Voltage: 2939
2026-08-12 09:19:21,ID: 170,Transfer complete. Disconnecting
2026-08-12 09:19:21,ID: 170,Status: 32
2026-08-12 09:19:21,ID: 170,Current Timer: 32352
2026-08-12 09:19:21,ID: 170,Contact Count: 0
2026-08-12 09:19:21,ID: 170,Voltage: 2939
2026-08-12 09:19:21,ID: 170,Transfer complete. Disconnecting
2026-08-12 09:19:21,ID: 170,Status: 32
2026-08-12 09:19:21,ID: 170,Current Timer: 32353
2026-08-12 09:19:21,ID: 170,Contact Count: 0
2026-08-12 09:19:21,ID: 170,Voltage: 2939
2026-08-12 09:19:21,ID: 170,Transfer complete. Disconnecting
2026-08-12 09:19:22,ID: 170,Status: 32
2026-08-12 09:19:22,ID: 170,Current Timer: 32353
2026-08-12 09:19:22,ID: 170,Contact Count: 0
2026-08-12 09:19:22,ID: 170,Voltage: 2939
2026-08-12 09:19:22,ID: 170,Transfer complete. Disconnecting
2026-08-12 09:19:22,ID: 170,Status: 32
2026-08-12 09:19:22,ID: 170,Current Timer: 32354
2026-08-12 09:19:22,ID: 170,Contact Count: 0
2026-08-12 09:19:22,ID: 170,Voltage: 2939
2026-08-12 09:19:22,ID: 170,Transfer complete. Disconnecting
2026-08-12 09:19:22,ID: 170,Status: 32
2026-08-12 09:19:23,ID: 170,Current Timer: 32354
2026-08-12 09:19:23,ID: 170,Contact Count: 0
2026-08-12 09:19:23,ID: 170,Voltage: 2939
2026-08-12 09:19:23,ID: 170,Transfer complete. Disconnecting
2026-08-12 09:19:23,ID: 170,Status: 32
2026-08-12 09:19:23,ID: 170,Current Timer: 32355
2026-08-12 09:19:23,ID: 170,Contact Count: 0
2026-08-12 09:19:23,ID: 170,Voltage: 2939
2026-08-12 09:19:23,ID: 170,Transfer complete. Disconnecting
2026-08-12 09:19:23,ID: 170,Status: 32
2026-08-12 09:19:24,ID: 170,Current Timer: 32355
2026-08-12 09:19:24,ID: 170,Contact Count: 0
2026-08-12 09:19:24,ID: 170,Voltage: 2939
2026-08-12 09:19:24,ID: 170,Transfer complete. Disconnecting
2026-08-12 09:19:24,ID: 170,Status: 32
2026-08-12 09:19:24,ID: 170,Current Timer: 32355
2026-08-12 09:19:24,ID: 170,Contact Count: 0
2026-08-12 09:19:24,ID: 170,Voltage: 2939
2026-08-12 09:19:24,ID: 170,Transfer complete. Disconnecting
2026-08-12 09:19:24,ID: 170,Status: 32
2026-08-12 09:19:25,ID: 170,Current Timer: 32356
2026-08-12 09:19:25,ID: 170,Contact Count: 0
2026-08-12 09:19:25,ID: 170,Voltage: 2939
2026-08-12 09:19:25,ID: 170,Transfer complete. Disconnecting
2026-08-12 09:19:25,ID: 170,Status: 32
2026-08-12 09:19:25,ID: 170,Current Timer: 32356
2026-08-12 09:19:25,ID: 170,Contact Count: 0
2026-08-12 09:19:25,ID: 170,Voltage: 2939
2026-08-12 09:19:25,ID: 170,Transfer complete. Disconnecting
